run_accession	sample_accession	sample_alias	instrument_platform	library_strategy	library_source	library_layout	fastq_ftp
SRR29147638	SAMN41227964	pbAPR046	PACBIO_SMRT	WGS	GENOMIC	SINGLE	ftp.sra.ebi.ac.uk/vol1/fastq/SRR291/038/SRR29147638/SRR29147638_subreads.fastq.gz
SRR29147639	SAMN41227963	pbAPR045	PACBIO_SMRT	WGS	GENOMIC	SINGLE	ftp.sra.ebi.ac.uk/vol1/fastq/SRR291/039/SRR29147639/SRR29147639_subreads.fastq.gz
SRR29147640	SAMN41227962	pbAPR044	PACBIO_SMRT	WGS	GENOMIC	SINGLE	ftp.sra.ebi.ac.uk/vol1/fastq/SRR291/040/SRR29147640/SRR29147640_subreads.fastq.gz
SRR29147645	SAMN41227957	pbAPR039	PACBIO_SMRT	WGS	GENOMIC	SINGLE	ftp.sra.ebi.ac.uk/vol1/fastq/SRR291/045/SRR29147645/SRR29147645_subreads.fastq.gz
SRR29147649	SAMN41227953	pbAPR035	PACBIO_SMRT	WGS	GENOMIC	SINGLE	ftp.sra.ebi.ac.uk/vol1/fastq/SRR291/049/SRR29147649/SRR29147649_subreads.fastq.gz
SRR29147662	SAMN41227940	pbAPR021	PACBIO_SMRT	WGS	GENOMIC	SINGLE	ftp.sra.ebi.ac.uk/vol1/fastq/SRR291/062/SRR29147662/SRR29147662_subreads.fastq.gz
SRR29147663	SAMN41227939	pbAPR020	PACBIO_SMRT	WGS	GENOMIC	SINGLE	ftp.sra.ebi.ac.uk/vol1/fastq/SRR291/063/SRR29147663/SRR29147663_subreads.fastq.gz
SRR29147667	SAMN41227935	pbAPR015	PACBIO_SMRT	WGS	GENOMIC	SINGLE	ftp.sra.ebi.ac.uk/vol1/fastq/SRR291/067/SRR29147667/SRR29147667_subreads.fastq.gz
SRR29147672	SAMN41227930	pbAPR010	PACBIO_SMRT	WGS	GENOMIC	SINGLE	ftp.sra.ebi.ac.uk/vol1/fastq/SRR291/072/SRR29147672/SRR29147672_subreads.fastq.gz
SRR29147674	SAMN41227928	pbAPR008	PACBIO_SMRT	WGS	GENOMIC	SINGLE	ftp.sra.ebi.ac.uk/vol1/fastq/SRR291/074/SRR29147674/SRR29147674_subreads.fastq.gz
SRR29399615	SAMN41227902	APR037	OXFORD_NANOPORE	WGS	GENOMIC	SINGLE	ftp.sra.ebi.ac.uk/vol1/fastq/SRR293/015/SRR29399615/SRR29399615_1.fastq.gz
SRR29399617	SAMN41227871	APR004	OXFORD_NANOPORE	WGS	GENOMIC	SINGLE	ftp.sra.ebi.ac.uk/vol1/fastq/SRR293/017/SRR29399617/SRR29399617_1.fastq.gz
SRR29399618	SAMN41227893	APR027	OXFORD_NANOPORE	WGS	GENOMIC	SINGLE	ftp.sra.ebi.ac.uk/vol1/fastq/SRR293/018/SRR29399618/SRR29399618_1.fastq.gz
SRR29399633	SAMN41227908	APR043	OXFORD_NANOPORE	WGS	GENOMIC	SINGLE	ftp.sra.ebi.ac.uk/vol1/fastq/SRR293/033/SRR29399633/SRR29399633_1.fastq.gz
SRR29399635	SAMN41227907	APR042	OXFORD_NANOPORE	WGS	GENOMIC	SINGLE	ftp.sra.ebi.ac.uk/vol1/fastq/SRR293/035/SRR29399635/SRR29399635_1.fastq.gz
SRR29399637	SAMN41227905	APR040	OXFORD_NANOPORE	WGS	GENOMIC	SINGLE	ftp.sra.ebi.ac.uk/vol1/fastq/SRR293/037/SRR29399637/SRR29399637_1.fastq.gz
SRR29399639	SAMN41227888	APR022	OXFORD_NANOPORE	WGS	GENOMIC	SINGLE	ftp.sra.ebi.ac.uk/vol1/fastq/SRR293/039/SRR29399639/SRR29399639_1.fastq.gz
SRR29399645	SAMN41227883	APR016	OXFORD_NANOPORE	WGS	GENOMIC	SINGLE	ftp.sra.ebi.ac.uk/vol1/fastq/SRR293/045/SRR29399645/SRR29399645_1.fastq.gz
SRR29399647	SAMN41227881	APR014	OXFORD_NANOPORE	WGS	GENOMIC	SINGLE	ftp.sra.ebi.ac.uk/vol1/fastq/SRR293/047/SRR29399647/SRR29399647_1.fastq.gz
SRR29399656	SAMN41227877	APR010	OXFORD_NANOPORE	WGS	GENOMIC	SINGLE	ftp.sra.ebi.ac.uk/vol1/fastq/SRR293/056/SRR29399656/SRR29399656_1.fastq.gz
SRR29399660	SAMN41227920	APR-S	OXFORD_NANOPORE	WGS	GENOMIC	SINGLE	ftp.sra.ebi.ac.uk/vol1/fastq/SRR293/060/SRR29399660/SRR29399660_1.fastq.gz
SRR29411014	SAMN41832367	pbAPR-F	PACBIO_SMRT	WGS	GENOMIC	SINGLE	ftp.sra.ebi.ac.uk/vol1/fastq/SRR294/014/SRR29411014/SRR29411014_subreads.fastq.gz
SRR29411015	SAMN41832369	pbAPR-S	PACBIO_SMRT	WGS	GENOMIC	SINGLE	ftp.sra.ebi.ac.uk/vol1/fastq/SRR294/015/SRR29411015/SRR29411015_subreads.fastq.gz
SRR29411018	SAMN41832363	APR052	OXFORD_NANOPORE	WGS	GENOMIC	SINGLE	ftp.sra.ebi.ac.uk/vol1/fastq/SRR294/018/SRR29411018/SRR29411018_1.fastq.gz
SRR29411041	SAMN41832323	APR003	OXFORD_NANOPORE	WGS	GENOMIC	SINGLE	ftp.sra.ebi.ac.uk/vol1/fastq/SRR294/041/SRR29411041/SRR29411041_1.fastq.gz
SRR29411045	SAMN41832341	APR022	OXFORD_NANOPORE	WGS	GENOMIC	SINGLE	ftp.sra.ebi.ac.uk/vol1/fastq/SRR294/045/SRR29411045/SRR29411045_1.fastq.gz
SRR29411051	SAMN41832331	APR011	OXFORD_NANOPORE	WGS	GENOMIC	SINGLE	ftp.sra.ebi.ac.uk/vol1/fastq/SRR294/051/SRR29411051/SRR29411051_1.fastq.gz
SRR30296536	SAMN41227964	pbAPR046	ILLUMINA	WGS	GENOMIC	PAIRED	ftp.sra.ebi.ac.uk/vol1/fastq/SRR302/036/SRR30296536/SRR30296536_1.fastq.gz;ftp.sra.ebi.ac.uk/vol1/fastq/SRR302/036/SRR30296536/SRR30296536_2.fastq.gz
SRR30344991	SAMN43302895	APR035	OXFORD_NANOPORE	WGS	GENOMIC	SINGLE	ftp.sra.ebi.ac.uk/vol1/fastq/SRR303/091/SRR30344991/SRR30344991_1.fastq.gz
SRR30344993	SAMN43302889	APR029	OXFORD_NANOPORE	WGS	GENOMIC	SINGLE	ftp.sra.ebi.ac.uk/vol1/fastq/SRR303/093/SRR30344993/SRR30344993_1.fastq.gz
SRR29147650	SAMN41227952	pbAPR034	PACBIO_SMRT	WGS	GENOMIC	SINGLE	ftp.sra.ebi.ac.uk/vol1/fastq/SRR291/050/SRR29147650/SRR29147650_subreads.fastq.gz
SRR29147652	SAMN41227950	pbAPR032	PACBIO_SMRT	WGS	GENOMIC	SINGLE	ftp.sra.ebi.ac.uk/vol1/fastq/SRR291/052/SRR29147652/SRR29147652_subreads.fastq.gz
SRR29147659	SAMN41227943	pbAPR024	PACBIO_SMRT	WGS	GENOMIC	SINGLE	ftp.sra.ebi.ac.uk/vol1/fastq/SRR291/059/SRR29147659/SRR29147659_subreads.fastq.gz
SRR29147677	SAMN41227925	pbAPR005	PACBIO_SMRT	WGS	GENOMIC	SINGLE	ftp.sra.ebi.ac.uk/vol1/fastq/SRR291/077/SRR29147677/SRR29147677_subreads.fastq.gz
SRR29399627	SAMN41227914	APR049	OXFORD_NANOPORE	WGS	GENOMIC	SINGLE	ftp.sra.ebi.ac.uk/vol1/fastq/SRR293/027/SRR29399627/SRR29399627_1.fastq.gz
SRR29399630	SAMN41227911	APR046	OXFORD_NANOPORE	WGS	GENOMIC	SINGLE	ftp.sra.ebi.ac.uk/vol1/fastq/SRR293/030/SRR29399630/SRR29399630_1.fastq.gz
SRR29399636	SAMN41227906	APR041	OXFORD_NANOPORE	WGS	GENOMIC	SINGLE	ftp.sra.ebi.ac.uk/vol1/fastq/SRR293/036/SRR29399636/SRR29399636_1.fastq.gz
SRR29399649	SAMN41227879	APR012	OXFORD_NANOPORE	WGS	GENOMIC	SINGLE	ftp.sra.ebi.ac.uk/vol1/fastq/SRR293/049/SRR29399649/SRR29399649_1.fastq.gz
SRR29411009	SAMN41832328	APR008	OXFORD_NANOPORE	WGS	GENOMIC	SINGLE	ftp.sra.ebi.ac.uk/vol1/fastq/SRR294/009/SRR29411009/SRR29411009_1.fastq.gz
SRR29411012	SAMN41832366	APR-S	OXFORD_NANOPORE	WGS	GENOMIC	SINGLE	ftp.sra.ebi.ac.uk/vol1/fastq/SRR294/012/SRR29411012/SRR29411012_1.fastq.gz
SRR29411013	SAMN41832365	APR-M	OXFORD_NANOPORE	WGS	GENOMIC	SINGLE	ftp.sra.ebi.ac.uk/vol1/fastq/SRR294/013/SRR29411013/SRR29411013_1.fastq.gz
SRR29411020	SAMN41832360	APR049	OXFORD_NANOPORE	WGS	GENOMIC	SINGLE	ftp.sra.ebi.ac.uk/vol1/fastq/SRR294/020/SRR29411020/SRR29411020_1.fastq.gz
SRR29411022	SAMN41832356	APR045	OXFORD_NANOPORE	WGS	GENOMIC	SINGLE	ftp.sra.ebi.ac.uk/vol1/fastq/SRR294/022/SRR29411022/SRR29411022_1.fastq.gz
SRR29411023	SAMN41832357	APR046	OXFORD_NANOPORE	WGS	GENOMIC	SINGLE	ftp.sra.ebi.ac.uk/vol1/fastq/SRR294/023/SRR29411023/SRR29411023_1.fastq.gz
SRR29411038	SAMN41832345	APR026	OXFORD_NANOPORE	WGS	GENOMIC	SINGLE	ftp.sra.ebi.ac.uk/vol1/fastq/SRR294/038/SRR29411038/SRR29411038_1.fastq.gz
SRR29411055	SAMN41832321	APR001	OXFORD_NANOPORE	WGS	GENOMIC	SINGLE	ftp.sra.ebi.ac.uk/vol1/fastq/SRR294/055/SRR29411055/SRR29411055_1.fastq.gz
SRR30296436	SAMN41227945	pbAPR026	ILLUMINA	Hi-C	GENOMIC	PAIRED	ftp.sra.ebi.ac.uk/vol1/fastq/SRR302/036/SRR30296436/SRR30296436_1.fastq.gz;ftp.sra.ebi.ac.uk/vol1/fastq/SRR302/036/SRR30296436/SRR30296436_2.fastq.gz
SRR30296437	SAMN41227944	pbAPR025	ILLUMINA	Hi-C	GENOMIC	PAIRED	ftp.sra.ebi.ac.uk/vol1/fastq/SRR302/037/SRR30296437/SRR30296437_1.fastq.gz;ftp.sra.ebi.ac.uk/vol1/fastq/SRR302/037/SRR30296437/SRR30296437_2.fastq.gz
SRR30296545	SAMN41227950	pbAPR032	ILLUMINA	WGS	GENOMIC	PAIRED	ftp.sra.ebi.ac.uk/vol1/fastq/SRR302/045/SRR30296545/SRR30296545_1.fastq.gz;ftp.sra.ebi.ac.uk/vol1/fastq/SRR302/045/SRR30296545/SRR30296545_2.fastq.gz
SRR29147636	SAMN41227966	pbAPR048	PACBIO_SMRT	WGS	GENOMIC	SINGLE	ftp.sra.ebi.ac.uk/vol1/fastq/SRR291/036/SRR29147636/SRR29147636_subreads.fastq.gz
SRR29147637	SAMN41227965	pbAPR047	PACBIO_SMRT	WGS	GENOMIC	SINGLE	ftp.sra.ebi.ac.uk/vol1/fastq/SRR291/037/SRR29147637/SRR29147637_subreads.fastq.gz
SRR29147644	SAMN41227958	pbAPR040	PACBIO_SMRT	WGS	GENOMIC	SINGLE	ftp.sra.ebi.ac.uk/vol1/fastq/SRR291/044/SRR29147644/SRR29147644_subreads.fastq.gz
SRR29147646	SAMN41227956	pbAPR038	PACBIO_SMRT	WGS	GENOMIC	SINGLE	ftp.sra.ebi.ac.uk/vol1/fastq/SRR291/046/SRR29147646/SRR29147646_subreads.fastq.gz
SRR29147653	SAMN41227949	pbAPR031	PACBIO_SMRT	WGS	GENOMIC	SINGLE	ftp.sra.ebi.ac.uk/vol1/fastq/SRR291/053/SRR29147653/SRR29147653_subreads.fastq.gz
SRR29147656	SAMN41227946	pbAPR027	PACBIO_SMRT	WGS	GENOMIC	SINGLE	ftp.sra.ebi.ac.uk/vol1/fastq/SRR291/056/SRR29147656/SRR29147656_subreads.fastq.gz
SRR29147660	SAMN41227942	pbAPR023	PACBIO_SMRT	WGS	GENOMIC	SINGLE	ftp.sra.ebi.ac.uk/vol1/fastq/SRR291/060/SRR29147660/SRR29147660_subreads.fastq.gz
SRR29147661	SAMN41227941	pbAPR022	PACBIO_SMRT	WGS	GENOMIC	SINGLE	ftp.sra.ebi.ac.uk/vol1/fastq/SRR291/061/SRR29147661/SRR29147661_subreads.fastq.gz
SRR29147664	SAMN41227938	pbAPR019	PACBIO_SMRT	WGS	GENOMIC	SINGLE	ftp.sra.ebi.ac.uk/vol1/fastq/SRR291/064/SRR29147664/SRR29147664_subreads.fastq.gz
SRR29147666	SAMN41227936	pbAPR016	PACBIO_SMRT	WGS	GENOMIC	SINGLE	ftp.sra.ebi.ac.uk/vol1/fastq/SRR291/066/SRR29147666/SRR29147666_subreads.fastq.gz
SRR29147675	SAMN41227927	pbAPR007	PACBIO_SMRT	WGS	GENOMIC	SINGLE	ftp.sra.ebi.ac.uk/vol1/fastq/SRR291/075/SRR29147675/SRR29147675_subreads.fastq.gz
SRR29147676	SAMN41227926	pbAPR006	PACBIO_SMRT	WGS	GENOMIC	SINGLE	ftp.sra.ebi.ac.uk/vol1/fastq/SRR291/076/SRR29147676/SRR29147676_subreads.fastq.gz
SRR29147678	SAMN41227924	pbAPR004	PACBIO_SMRT	WGS	GENOMIC	SINGLE	ftp.sra.ebi.ac.uk/vol1/fastq/SRR291/078/SRR29147678/SRR29147678_subreads.fastq.gz
SRR29147679	SAMN41227923	pbAPR003	PACBIO_SMRT	WGS	GENOMIC	SINGLE	ftp.sra.ebi.ac.uk/vol1/fastq/SRR291/079/SRR29147679/SRR29147679_subreads.fastq.gz
SRR29147682	SAMN41227919	APR-M	OXFORD_NANOPORE	WGS	GENOMIC	SINGLE	ftp.sra.ebi.ac.uk/vol1/fastq/SRR291/082/SRR29147682/SRR29147682_1.fastq.gz
SRR29147690	SAMN41227969	pbAPR051	PACBIO_SMRT	WGS	GENOMIC	SINGLE	ftp.sra.ebi.ac.uk/vol1/fastq/SRR291/090/SRR29147690/SRR29147690_subreads.fastq.gz
SRR29147692	SAMN41227968	pbAPR050	PACBIO_SMRT	WGS	GENOMIC	SINGLE	ftp.sra.ebi.ac.uk/vol1/fastq/SRR291/092/SRR29147692/SRR29147692_subreads.fastq.gz
SRR29399623	SAMN41227873	APR006	OXFORD_NANOPORE	WGS	GENOMIC	SINGLE	ftp.sra.ebi.ac.uk/vol1/fastq/SRR293/023/SRR29399623/SRR29399623_1.fastq.gz
SRR29399625	SAMN41227916	APR051	OXFORD_NANOPORE	WGS	GENOMIC	SINGLE	ftp.sra.ebi.ac.uk/vol1/fastq/SRR293/025/SRR29399625/SRR29399625_1.fastq.gz
SRR29399632	SAMN41227909	APR044	OXFORD_NANOPORE	WGS	GENOMIC	SINGLE	ftp.sra.ebi.ac.uk/vol1/fastq/SRR293/032/SRR29399632/SRR29399632_1.fastq.gz
SRR29399634	SAMN41227872	APR005	OXFORD_NANOPORE	WGS	GENOMIC	SINGLE	ftp.sra.ebi.ac.uk/vol1/fastq/SRR293/034/SRR29399634/SRR29399634_1.fastq.gz
SRR29399641	SAMN41227887	APR021	OXFORD_NANOPORE	WGS	GENOMIC	SINGLE	ftp.sra.ebi.ac.uk/vol1/fastq/SRR293/041/SRR29399641/SRR29399641_1.fastq.gz
SRR29399642	SAMN41227886	APR020	OXFORD_NANOPORE	WGS	GENOMIC	SINGLE	ftp.sra.ebi.ac.uk/vol1/fastq/SRR293/042/SRR29399642/SRR29399642_1.fastq.gz
SRR29399643	SAMN41227885	APR019	OXFORD_NANOPORE	WGS	GENOMIC	SINGLE	ftp.sra.ebi.ac.uk/vol1/fastq/SRR293/043/SRR29399643/SRR29399643_1.fastq.gz
SRR29399646	SAMN41227882	APR015	OXFORD_NANOPORE	WGS	GENOMIC	SINGLE	ftp.sra.ebi.ac.uk/vol1/fastq/SRR293/046/SRR29399646/SRR29399646_1.fastq.gz
SRR29399648	SAMN41227880	APR013	OXFORD_NANOPORE	WGS	GENOMIC	SINGLE	ftp.sra.ebi.ac.uk/vol1/fastq/SRR293/048/SRR29399648/SRR29399648_1.fastq.gz
SRR29399651	SAMN41227972	pbAPR-M	PACBIO_SMRT	WGS	GENOMIC	SINGLE	ftp.sra.ebi.ac.uk/vol1/fastq/SRR293/051/SRR29399651/SRR29399651_subreads.fastq.gz
SRR29399657	SAMN41227876	APR009	OXFORD_NANOPORE	WGS	GENOMIC	SINGLE	ftp.sra.ebi.ac.uk/vol1/fastq/SRR293/057/SRR29399657/SRR29399657_1.fastq.gz
SRR29411007	SAMN41832330	APR010	OXFORD_NANOPORE	WGS	GENOMIC	SINGLE	ftp.sra.ebi.ac.uk/vol1/fastq/SRR294/007/SRR29411007/SRR29411007_1.fastq.gz
SRR29411010	SAMN41832326	APR006	OXFORD_NANOPORE	WGS	GENOMIC	SINGLE	ftp.sra.ebi.ac.uk/vol1/fastq/SRR294/010/SRR29411010/SRR29411010_1.fastq.gz
SRR29411021	SAMN41832358	APR047	OXFORD_NANOPORE	WGS	GENOMIC	SINGLE	ftp.sra.ebi.ac.uk/vol1/fastq/SRR294/021/SRR29411021/SRR29411021_1.fastq.gz
SRR29411024	SAMN41832359	APR048	OXFORD_NANOPORE	WGS	GENOMIC	SINGLE	ftp.sra.ebi.ac.uk/vol1/fastq/SRR294/024/SRR29411024/SRR29411024_1.fastq.gz
SRR29411025	SAMN41832325	APR005	OXFORD_NANOPORE	WGS	GENOMIC	SINGLE	ftp.sra.ebi.ac.uk/vol1/fastq/SRR294/025/SRR29411025/SRR29411025_1.fastq.gz
SRR29411028	SAMN41832354	APR043	OXFORD_NANOPORE	WGS	GENOMIC	SINGLE	ftp.sra.ebi.ac.uk/vol1/fastq/SRR294/028/SRR29411028/SRR29411028_1.fastq.gz
SRR29411029	SAMN41832353	APR042	OXFORD_NANOPORE	WGS	GENOMIC	SINGLE	ftp.sra.ebi.ac.uk/vol1/fastq/SRR294/029/SRR29411029/SRR29411029_1.fastq.gz
SRR29411032	SAMN41832324	APR004	OXFORD_NANOPORE	WGS	GENOMIC	SINGLE	ftp.sra.ebi.ac.uk/vol1/fastq/SRR294/032/SRR29411032/SRR29411032_1.fastq.gz
SRR29411035	SAMN41832348	APR037	OXFORD_NANOPORE	WGS	GENOMIC	SINGLE	ftp.sra.ebi.ac.uk/vol1/fastq/SRR294/035/SRR29411035/SRR29411035_1.fastq.gz
SRR29411036	SAMN41832347	APR036	OXFORD_NANOPORE	WGS	GENOMIC	SINGLE	ftp.sra.ebi.ac.uk/vol1/fastq/SRR294/036/SRR29411036/SRR29411036_1.fastq.gz
SRR29411037	SAMN41832346	APR027	OXFORD_NANOPORE	WGS	GENOMIC	SINGLE	ftp.sra.ebi.ac.uk/vol1/fastq/SRR294/037/SRR29411037/SRR29411037_1.fastq.gz
SRR29411039	SAMN41832344	APR025	OXFORD_NANOPORE	WGS	GENOMIC	SINGLE	ftp.sra.ebi.ac.uk/vol1/fastq/SRR294/039/SRR29411039/SRR29411039_1.fastq.gz
SRR29411049	SAMN41832334	APR014	OXFORD_NANOPORE	WGS	GENOMIC	SINGLE	ftp.sra.ebi.ac.uk/vol1/fastq/SRR294/049/SRR29411049/SRR29411049_1.fastq.gz
SRR29411052	SAMN41832333	APR013	OXFORD_NANOPORE	WGS	GENOMIC	SINGLE	ftp.sra.ebi.ac.uk/vol1/fastq/SRR294/052/SRR29411052/SRR29411052_1.fastq.gz
SRR29411054	SAMN41832322	APR002	OXFORD_NANOPORE	WGS	GENOMIC	SINGLE	ftp.sra.ebi.ac.uk/vol1/fastq/SRR294/054/SRR29411054/SRR29411054_1.fastq.gz
SRR30296438	SAMN41227943	pbAPR024	ILLUMINA	Hi-C	GENOMIC	PAIRED	ftp.sra.ebi.ac.uk/vol1/fastq/SRR302/038/SRR30296438/SRR30296438_1.fastq.gz;ftp.sra.ebi.ac.uk/vol1/fastq/SRR302/038/SRR30296438/SRR30296438_2.fastq.gz
SRR30296439	SAMN41227941	pbAPR022	ILLUMINA	Hi-C	GENOMIC	PAIRED	ftp.sra.ebi.ac.uk/vol1/fastq/SRR302/039/SRR30296439/SRR30296439_1.fastq.gz;ftp.sra.ebi.ac.uk/vol1/fastq/SRR302/039/SRR30296439/SRR30296439_2.fastq.gz
SRR30296535	SAMN41227965	pbAPR047	ILLUMINA	WGS	GENOMIC	PAIRED	
SRR30296538	SAMN41227962	pbAPR044	ILLUMINA	WGS	GENOMIC	PAIRED	ftp.sra.ebi.ac.uk/vol1/fastq/SRR302/038/SRR30296538/SRR30296538_1.fastq.gz;ftp.sra.ebi.ac.uk/vol1/fastq/SRR302/038/SRR30296538/SRR30296538_2.fastq.gz
SRR30296539	SAMN41227961	pbAPR043	ILLUMINA	WGS	GENOMIC	PAIRED	ftp.sra.ebi.ac.uk/vol1/fastq/SRR302/039/SRR30296539/SRR30296539_1.fastq.gz;ftp.sra.ebi.ac.uk/vol1/fastq/SRR302/039/SRR30296539/SRR30296539_2.fastq.gz
SRR30296540	SAMN41227960	pbAPR042	ILLUMINA	WGS	GENOMIC	PAIRED	ftp.sra.ebi.ac.uk/vol1/fastq/SRR302/040/SRR30296540/SRR30296540_1.fastq.gz;ftp.sra.ebi.ac.uk/vol1/fastq/SRR302/040/SRR30296540/SRR30296540_2.fastq.gz
SRR30296541	SAMN41227970	pbAPR052	ILLUMINA	WGS	GENOMIC	PAIRED	ftp.sra.ebi.ac.uk/vol1/fastq/SRR302/041/SRR30296541/SRR30296541_1.fastq.gz;ftp.sra.ebi.ac.uk/vol1/fastq/SRR302/041/SRR30296541/SRR30296541_2.fastq.gz
SRR30296542	SAMN41227969	pbAPR051	ILLUMINA	WGS	GENOMIC	PAIRED	ftp.sra.ebi.ac.uk/vol1/fastq/SRR302/042/SRR30296542/SRR30296542_1.fastq.gz;ftp.sra.ebi.ac.uk/vol1/fastq/SRR302/042/SRR30296542/SRR30296542_2.fastq.gz
SRR30296544	SAMN41227954	pbAPR036	ILLUMINA	WGS	GENOMIC	PAIRED	ftp.sra.ebi.ac.uk/vol1/fastq/SRR302/044/SRR30296544/SRR30296544_1.fastq.gz;ftp.sra.ebi.ac.uk/vol1/fastq/SRR302/044/SRR30296544/SRR30296544_2.fastq.gz
SRR30344987	SAMN43302894	APR034	OXFORD_NANOPORE	WGS	GENOMIC	SINGLE	ftp.sra.ebi.ac.uk/vol1/fastq/SRR303/087/SRR30344987/SRR30344987_1.fastq.gz
SRR29147641	SAMN41227961	pbAPR043	PACBIO_SMRT	WGS	GENOMIC	SINGLE	ftp.sra.ebi.ac.uk/vol1/fastq/SRR291/041/SRR29147641/SRR29147641_subreads.fastq.gz
SRR29147642	SAMN41227960	pbAPR042	PACBIO_SMRT	WGS	GENOMIC	SINGLE	ftp.sra.ebi.ac.uk/vol1/fastq/SRR291/042/SRR29147642/SRR29147642_subreads.fastq.gz
SRR29147643	SAMN41227959	pbAPR041	PACBIO_SMRT	WGS	GENOMIC	SINGLE	ftp.sra.ebi.ac.uk/vol1/fastq/SRR291/043/SRR29147643/SRR29147643_subreads.fastq.gz
SRR29147647	SAMN41227955	pbAPR037	PACBIO_SMRT	WGS	GENOMIC	SINGLE	ftp.sra.ebi.ac.uk/vol1/fastq/SRR291/047/SRR29147647/SRR29147647_subreads.fastq.gz
SRR29147648	SAMN41227954	pbAPR036	PACBIO_SMRT	WGS	GENOMIC	SINGLE	ftp.sra.ebi.ac.uk/vol1/fastq/SRR291/048/SRR29147648/SRR29147648_subreads.fastq.gz
SRR29147658	SAMN41227944	pbAPR025	PACBIO_SMRT	WGS	GENOMIC	SINGLE	ftp.sra.ebi.ac.uk/vol1/fastq/SRR291/058/SRR29147658/SRR29147658_subreads.fastq.gz
SRR29147665	SAMN41227937	pbAPR018	PACBIO_SMRT	WGS	GENOMIC	SINGLE	ftp.sra.ebi.ac.uk/vol1/fastq/SRR291/065/SRR29147665/SRR29147665_subreads.fastq.gz
SRR29147668	SAMN41227934	pbAPR014	PACBIO_SMRT	WGS	GENOMIC	SINGLE	ftp.sra.ebi.ac.uk/vol1/fastq/SRR291/068/SRR29147668/SRR29147668_subreads.fastq.gz
SRR29147670	SAMN41227932	pbAPR012	PACBIO_SMRT	WGS	GENOMIC	SINGLE	ftp.sra.ebi.ac.uk/vol1/fastq/SRR291/070/SRR29147670/SRR29147670_subreads.fastq.gz
SRR29147671	SAMN41227931	pbAPR011	PACBIO_SMRT	WGS	GENOMIC	SINGLE	ftp.sra.ebi.ac.uk/vol1/fastq/SRR291/071/SRR29147671/SRR29147671_subreads.fastq.gz
SRR29147673	SAMN41227929	pbAPR009	PACBIO_SMRT	WGS	GENOMIC	SINGLE	ftp.sra.ebi.ac.uk/vol1/fastq/SRR291/073/SRR29147673/SRR29147673_subreads.fastq.gz
SRR29147680	SAMN41227922	pbAPR002	PACBIO_SMRT	WGS	GENOMIC	SINGLE	ftp.sra.ebi.ac.uk/vol1/fastq/SRR291/080/SRR29147680/SRR29147680_subreads.fastq.gz
SRR29399616	SAMN41227901	APR036	OXFORD_NANOPORE	WGS	GENOMIC	SINGLE	ftp.sra.ebi.ac.uk/vol1/fastq/SRR293/016/SRR29399616/SRR29399616_1.fastq.gz
SRR29399619	SAMN41227892	APR026	OXFORD_NANOPORE	WGS	GENOMIC	SINGLE	ftp.sra.ebi.ac.uk/vol1/fastq/SRR293/019/SRR29399619/SRR29399619_1.fastq.gz
SRR29399621	SAMN41227890	APR024	OXFORD_NANOPORE	WGS	GENOMIC	SINGLE	ftp.sra.ebi.ac.uk/vol1/fastq/SRR293/021/SRR29399621/SRR29399621_1.fastq.gz
SRR29399622	SAMN41227889	APR023	OXFORD_NANOPORE	WGS	GENOMIC	SINGLE	ftp.sra.ebi.ac.uk/vol1/fastq/SRR293/022/SRR29399622/SRR29399622_1.fastq.gz
SRR29399624	SAMN41227917	APR052	OXFORD_NANOPORE	WGS	GENOMIC	SINGLE	ftp.sra.ebi.ac.uk/vol1/fastq/SRR293/024/SRR29399624/SRR29399624_1.fastq.gz
SRR29399628	SAMN41227913	APR048	OXFORD_NANOPORE	WGS	GENOMIC	SINGLE	ftp.sra.ebi.ac.uk/vol1/fastq/SRR293/028/SRR29399628/SRR29399628_1.fastq.gz
SRR29399629	SAMN41227912	APR047	OXFORD_NANOPORE	WGS	GENOMIC	SINGLE	ftp.sra.ebi.ac.uk/vol1/fastq/SRR293/029/SRR29399629/SRR29399629_1.fastq.gz
SRR29399631	SAMN41227910	APR045	OXFORD_NANOPORE	WGS	GENOMIC	SINGLE	ftp.sra.ebi.ac.uk/vol1/fastq/SRR293/031/SRR29399631/SRR29399631_1.fastq.gz
SRR29399640	SAMN41227870	APR003	OXFORD_NANOPORE	WGS	GENOMIC	SINGLE	ftp.sra.ebi.ac.uk/vol1/fastq/SRR293/040/SRR29399640/SRR29399640_1.fastq.gz
SRR29399650	SAMN41227973	pbAPR-S	PACBIO_SMRT	WGS	GENOMIC	SINGLE	ftp.sra.ebi.ac.uk/vol1/fastq/SRR293/050/SRR29399650/SRR29399650_subreads.fastq.gz
SRR29399652	SAMN41227971	pbAPR-F	PACBIO_SMRT	WGS	GENOMIC	SINGLE	ftp.sra.ebi.ac.uk/vol1/fastq/SRR293/052/SRR29399652/SRR29399652_subreads.fastq.gz
SRR29399653	SAMN41227878	APR011	OXFORD_NANOPORE	WGS	GENOMIC	SINGLE	ftp.sra.ebi.ac.uk/vol1/fastq/SRR293/053/SRR29399653/SRR29399653_1.fastq.gz
SRR29399659	SAMN41227874	APR007	OXFORD_NANOPORE	WGS	GENOMIC	SINGLE	ftp.sra.ebi.ac.uk/vol1/fastq/SRR293/059/SRR29399659/SRR29399659_1.fastq.gz
SRR29411011	SAMN41832368	pbAPR-M	PACBIO_SMRT	WGS	GENOMIC	SINGLE	ftp.sra.ebi.ac.uk/vol1/fastq/SRR294/011/SRR29411011/SRR29411011_subreads.fastq.gz
SRR29411017	SAMN41832364	APR-F	OXFORD_NANOPORE	WGS	GENOMIC	SINGLE	ftp.sra.ebi.ac.uk/vol1/fastq/SRR294/017/SRR29411017/SRR29411017_1.fastq.gz
SRR29411040	SAMN41832342	APR023	OXFORD_NANOPORE	WGS	GENOMIC	SINGLE	ftp.sra.ebi.ac.uk/vol1/fastq/SRR294/040/SRR29411040/SRR29411040_1.fastq.gz
SRR29411042	SAMN41832339	APR020	OXFORD_NANOPORE	WGS	GENOMIC	SINGLE	ftp.sra.ebi.ac.uk/vol1/fastq/SRR294/042/SRR29411042/SRR29411042_1.fastq.gz
SRR29411043	SAMN41832338	APR019	OXFORD_NANOPORE	WGS	GENOMIC	SINGLE	ftp.sra.ebi.ac.uk/vol1/fastq/SRR294/043/SRR29411043/SRR29411043_1.fastq.gz
SRR29411044	SAMN41832340	APR021	OXFORD_NANOPORE	WGS	GENOMIC	SINGLE	ftp.sra.ebi.ac.uk/vol1/fastq/SRR294/044/SRR29411044/SRR29411044_1.fastq.gz
SRR29411046	SAMN41832343	APR024	OXFORD_NANOPORE	WGS	GENOMIC	SINGLE	ftp.sra.ebi.ac.uk/vol1/fastq/SRR294/046/SRR29411046/SRR29411046_1.fastq.gz
SRR30296543	SAMN41227968	pbAPR050	ILLUMINA	WGS	GENOMIC	PAIRED	ftp.sra.ebi.ac.uk/vol1/fastq/SRR302/043/SRR30296543/SRR30296543_1.fastq.gz;ftp.sra.ebi.ac.uk/vol1/fastq/SRR302/043/SRR30296543/SRR30296543_2.fastq.gz
SRR30344988	SAMN43302892	APR032	OXFORD_NANOPORE	WGS	GENOMIC	SINGLE	ftp.sra.ebi.ac.uk/vol1/fastq/SRR303/088/SRR30344988/SRR30344988_1.fastq.gz
SRR30344989	SAMN43302891	APR031	OXFORD_NANOPORE	WGS	GENOMIC	SINGLE	ftp.sra.ebi.ac.uk/vol1/fastq/SRR303/089/SRR30344989/SRR30344989_1.fastq.gz
SRR29147635	SAMN41227967	pbAPR049	PACBIO_SMRT	WGS	GENOMIC	SINGLE	ftp.sra.ebi.ac.uk/vol1/fastq/SRR291/035/SRR29147635/SRR29147635_subreads.fastq.gz
SRR29147651	SAMN41227951	pbAPR033	PACBIO_SMRT	WGS	GENOMIC	SINGLE	ftp.sra.ebi.ac.uk/vol1/fastq/SRR291/051/SRR29147651/SRR29147651_subreads.fastq.gz
SRR29147654	SAMN41227948	pbAPR030	PACBIO_SMRT	WGS	GENOMIC	SINGLE	ftp.sra.ebi.ac.uk/vol1/fastq/SRR291/054/SRR29147654/SRR29147654_subreads.fastq.gz
SRR29147655	SAMN41227947	pbAPR029	PACBIO_SMRT	WGS	GENOMIC	SINGLE	ftp.sra.ebi.ac.uk/vol1/fastq/SRR291/055/SRR29147655/SRR29147655_subreads.fastq.gz
SRR29147657	SAMN41227945	pbAPR026	PACBIO_SMRT	WGS	GENOMIC	SINGLE	ftp.sra.ebi.ac.uk/vol1/fastq/SRR291/057/SRR29147657/SRR29147657_subreads.fastq.gz
SRR29147669	SAMN41227933	pbAPR013	PACBIO_SMRT	WGS	GENOMIC	SINGLE	ftp.sra.ebi.ac.uk/vol1/fastq/SRR291/069/SRR29147669/SRR29147669_subreads.fastq.gz
SRR29147681	SAMN41227921	pbAPR001	PACBIO_SMRT	WGS	GENOMIC	SINGLE	ftp.sra.ebi.ac.uk/vol1/fastq/SRR291/081/SRR29147681/SRR29147681_subreads.fastq.gz
SRR29147683	SAMN41227918	APR-F	OXFORD_NANOPORE	WGS	GENOMIC	SINGLE	ftp.sra.ebi.ac.uk/vol1/fastq/SRR291/083/SRR29147683/SRR29147683_1.fastq.gz
SRR29147693	SAMN41227970	pbAPR052	PACBIO_SMRT	WGS	GENOMIC	SINGLE	ftp.sra.ebi.ac.uk/vol1/fastq/SRR291/093/SRR29147693/SRR29147693_subreads.fastq.gz
SRR29399614	SAMN41227903	APR038	OXFORD_NANOPORE	WGS	GENOMIC	SINGLE	ftp.sra.ebi.ac.uk/vol1/fastq/SRR293/014/SRR29399614/SRR29399614_1.fastq.gz
SRR29399620	SAMN41227891	APR025	OXFORD_NANOPORE	WGS	GENOMIC	SINGLE	ftp.sra.ebi.ac.uk/vol1/fastq/SRR293/020/SRR29399620/SRR29399620_1.fastq.gz
SRR29399626	SAMN41227915	APR050	OXFORD_NANOPORE	WGS	GENOMIC	SINGLE	ftp.sra.ebi.ac.uk/vol1/fastq/SRR293/026/SRR29399626/SRR29399626_1.fastq.gz
SRR29399638	SAMN41227904	APR039	OXFORD_NANOPORE	WGS	GENOMIC	SINGLE	ftp.sra.ebi.ac.uk/vol1/fastq/SRR293/038/SRR29399638/SRR29399638_1.fastq.gz
SRR29399644	SAMN41227884	APR018	OXFORD_NANOPORE	WGS	GENOMIC	SINGLE	ftp.sra.ebi.ac.uk/vol1/fastq/SRR293/044/SRR29399644/SRR29399644_1.fastq.gz
SRR29399654	SAMN41227869	APR002	OXFORD_NANOPORE	WGS	GENOMIC	SINGLE	ftp.sra.ebi.ac.uk/vol1/fastq/SRR293/054/SRR29399654/SRR29399654_1.fastq.gz
SRR29399658	SAMN41227875	APR008	OXFORD_NANOPORE	WGS	GENOMIC	SINGLE	ftp.sra.ebi.ac.uk/vol1/fastq/SRR293/058/SRR29399658/SRR29399658_1.fastq.gz
SRR29411008	SAMN41832329	APR009	OXFORD_NANOPORE	WGS	GENOMIC	SINGLE	ftp.sra.ebi.ac.uk/vol1/fastq/SRR294/008/SRR29411008/SRR29411008_1.fastq.gz
SRR29411016	SAMN41832327	APR007	OXFORD_NANOPORE	WGS	GENOMIC	SINGLE	ftp.sra.ebi.ac.uk/vol1/fastq/SRR294/016/SRR29411016/SRR29411016_1.fastq.gz
SRR29411019	SAMN41832361	APR050	OXFORD_NANOPORE	WGS	GENOMIC	SINGLE	ftp.sra.ebi.ac.uk/vol1/fastq/SRR294/019/SRR29411019/SRR29411019_1.fastq.gz
SRR29411026	SAMN41832362	APR051	OXFORD_NANOPORE	WGS	GENOMIC	SINGLE	ftp.sra.ebi.ac.uk/vol1/fastq/SRR294/026/SRR29411026/SRR29411026_1.fastq.gz
SRR29411027	SAMN41832355	APR044	OXFORD_NANOPORE	WGS	GENOMIC	SINGLE	ftp.sra.ebi.ac.uk/vol1/fastq/SRR294/027/SRR29411027/SRR29411027_1.fastq.gz
SRR29411030	SAMN41832352	APR041	OXFORD_NANOPORE	WGS	GENOMIC	SINGLE	ftp.sra.ebi.ac.uk/vol1/fastq/SRR294/030/SRR29411030/SRR29411030_1.fastq.gz
SRR29411031	SAMN41832351	APR040	OXFORD_NANOPORE	WGS	GENOMIC	SINGLE	ftp.sra.ebi.ac.uk/vol1/fastq/SRR294/031/SRR29411031/SRR29411031_1.fastq.gz
SRR29411033	SAMN41832350	APR039	OXFORD_NANOPORE	WGS	GENOMIC	SINGLE	ftp.sra.ebi.ac.uk/vol1/fastq/SRR294/033/SRR29411033/SRR29411033_1.fastq.gz
SRR29411034	SAMN41832349	APR038	OXFORD_NANOPORE	WGS	GENOMIC	SINGLE	ftp.sra.ebi.ac.uk/vol1/fastq/SRR294/034/SRR29411034/SRR29411034_1.fastq.gz
SRR29411047	SAMN41832337	APR018	OXFORD_NANOPORE	WGS	GENOMIC	SINGLE	ftp.sra.ebi.ac.uk/vol1/fastq/SRR294/047/SRR29411047/SRR29411047_1.fastq.gz
SRR29411048	SAMN41832336	APR016	OXFORD_NANOPORE	WGS	GENOMIC	SINGLE	ftp.sra.ebi.ac.uk/vol1/fastq/SRR294/048/SRR29411048/SRR29411048_1.fastq.gz
SRR29411050	SAMN41832332	APR012	OXFORD_NANOPORE	WGS	GENOMIC	SINGLE	ftp.sra.ebi.ac.uk/vol1/fastq/SRR294/050/SRR29411050/SRR29411050_1.fastq.gz
SRR29411053	SAMN41832335	APR015	OXFORD_NANOPORE	WGS	GENOMIC	SINGLE	ftp.sra.ebi.ac.uk/vol1/fastq/SRR294/053/SRR29411053/SRR29411053_1.fastq.gz
SRR30296435	SAMN41227949	pbAPR031	ILLUMINA	Hi-C	GENOMIC	PAIRED	ftp.sra.ebi.ac.uk/vol1/fastq/SRR302/035/SRR30296435/SRR30296435_1.fastq.gz;ftp.sra.ebi.ac.uk/vol1/fastq/SRR302/035/SRR30296435/SRR30296435_2.fastq.gz
SRR30296533	SAMN41227967	pbAPR049	ILLUMINA	WGS	GENOMIC	PAIRED	ftp.sra.ebi.ac.uk/vol1/fastq/SRR302/033/SRR30296533/SRR30296533_1.fastq.gz;ftp.sra.ebi.ac.uk/vol1/fastq/SRR302/033/SRR30296533/SRR30296533_2.fastq.gz
SRR30296534	SAMN41227966	pbAPR048	ILLUMINA	WGS	GENOMIC	PAIRED	ftp.sra.ebi.ac.uk/vol1/fastq/SRR302/034/SRR30296534/SRR30296534_1.fastq.gz;ftp.sra.ebi.ac.uk/vol1/fastq/SRR302/034/SRR30296534/SRR30296534_2.fastq.gz
SRR30296537	SAMN41227963	pbAPR045	ILLUMINA	WGS	GENOMIC	PAIRED	ftp.sra.ebi.ac.uk/vol1/fastq/SRR302/037/SRR30296537/SRR30296537_1.fastq.gz;ftp.sra.ebi.ac.uk/vol1/fastq/SRR302/037/SRR30296537/SRR30296537_2.fastq.gz
SRR30344990	SAMN43302893	APR033	OXFORD_NANOPORE	WGS	GENOMIC	SINGLE	ftp.sra.ebi.ac.uk/vol1/fastq/SRR303/090/SRR30344990/SRR30344990_1.fastq.gz
SRR30344992	SAMN43302890	APR030	OXFORD_NANOPORE	WGS	GENOMIC	SINGLE	ftp.sra.ebi.ac.uk/vol1/fastq/SRR303/092/SRR30344992/SRR30344992_1.fastq.gz
