hap_id	haplotype	donor_id	cohort
GRCh38#0	GRCh38.0	GRCh38	REF
HG00097#1	HG00097.1	HG00097	HPRC-Rest
HG00097#2	HG00097.2	HG00097	HPRC-Rest
HG00099#1	HG00099.1	HG00099	HPRC-Rest
HG00099#2	HG00099.2	HG00099	HPRC-Rest
HG00126#1	HG00126.1	HG00126	HPRC-Rest
HG00126#2	HG00126.2	HG00126	HPRC-Rest
HG00128#1	HG00128.1	HG00128	HPRC-Rest
HG00128#2	HG00128.2	HG00128	HPRC-Rest
HG00133#1	HG00133.1	HG00133	HPRC-Rest
HG00133#2	HG00133.2	HG00133	HPRC-Rest
HG00140#1	HG00140.1	HG00140	HPRC-Rest
HG00140#2	HG00140.2	HG00140	HPRC-Rest
HG00146#1	HG00146.1	HG00146	HPRC-Rest
HG00146#2	HG00146.2	HG00146	HPRC-Rest
HG00232#1	HG00232.1	HG00232	HPRC-Rest
HG00232#2	HG00232.2	HG00232	HPRC-Rest
HG00235#1	HG00235.1	HG00235	HPRC-Rest
HG00235#2	HG00235.2	HG00235	HPRC-Rest
HG00253#1	HG00253.1	HG00253	HPRC-Rest
HG00253#2	HG00253.2	HG00253	HPRC-Rest
HG00272#1	HG00272.1	HG00272	HPRC-Rest
HG00272#2	HG00272.2	HG00272	HPRC-Rest
HG00280#1	HG00280.1	HG00280	HPRC-Rest
HG00280#2	HG00280.2	HG00280	HPRC-Rest
HG00290#1	HG00290.1	HG00290	HPRC-Rest
HG00290#2	HG00290.2	HG00290	HPRC-Rest
HG00320#1	HG00320.1	HG00320	HPRC-Rest
HG00320#2	HG00320.2	HG00320	HPRC-Rest
HG00321#1	HG00321.1	HG00321	HPRC-Rest
HG00321#2	HG00321.2	HG00321	HPRC-Rest
HG00323#1	HG00323.1	HG00323	HPRC-Rest
HG00323#2	HG00323.2	HG00323	HPRC-Rest
HG00329#1	HG00329.1	HG00329	HPRC-Rest
HG00329#2	HG00329.2	HG00329	HPRC-Rest
HG00344#1	HG00344.1	HG00344	HPRC-Rest
HG00344#2	HG00344.2	HG00344	HPRC-Rest
HG00350#1	HG00350.1	HG00350	HPRC-Rest
HG00350#2	HG00350.2	HG00350	HPRC-Rest
HG00408#1	HG00408.1	HG00408	HPRC-EastAsian
HG00408#2	HG00408.2	HG00408	HPRC-EastAsian
HG00423#1	HG00423.1	HG00423	HPRC-EastAsian
HG00423#2	HG00423.2	HG00423	HPRC-EastAsian
HG00438#1	HG00438.1	HG00438	HPRC-EastAsian
HG00438#2	HG00438.2	HG00438	HPRC-EastAsian
HG005#1	HG005.1	HG005	HPRC-EastAsian
HG005#2	HG005.2	HG005	HPRC-EastAsian
HG00544#1	HG00544.1	HG00544	HPRC-EastAsian
HG00544#2	HG00544.2	HG00544	HPRC-EastAsian
HG00558#1	HG00558.1	HG00558	HPRC-EastAsian
HG00558#2	HG00558.2	HG00558	HPRC-EastAsian
HG00597#1	HG00597.1	HG00597	HPRC-EastAsian
HG00597#2	HG00597.2	HG00597	HPRC-EastAsian
HG00609#1	HG00609.1	HG00609	HPRC-EastAsian
HG00609#2	HG00609.2	HG00609	HPRC-EastAsian
HG00621#1	HG00621.1	HG00621	HPRC-EastAsian
HG00621#2	HG00621.2	HG00621	HPRC-EastAsian
HG00639#1	HG00639.1	HG00639	HPRC-Rest
HG00639#2	HG00639.2	HG00639	HPRC-Rest
HG00642#1	HG00642.1	HG00642	HPRC-Rest
HG00642#2	HG00642.2	HG00642	HPRC-Rest
HG00658#1	HG00658.1	HG00658	HPRC-EastAsian
HG00658#2	HG00658.2	HG00658	HPRC-EastAsian
HG00673#1	HG00673.1	HG00673	HPRC-EastAsian
HG00673#2	HG00673.2	HG00673	HPRC-EastAsian
HG00706#1	HG00706.1	HG00706	HPRC-EastAsian
HG00706#2	HG00706.2	HG00706	HPRC-EastAsian
HG00733#1	HG00733.1	HG00733	HPRC-Rest
HG00733#2	HG00733.2	HG00733	HPRC-Rest
HG00735#1	HG00735.1	HG00735	HPRC-Rest
HG00735#2	HG00735.2	HG00735	HPRC-Rest
HG00738#1	HG00738.1	HG00738	HPRC-Rest
HG00738#2	HG00738.2	HG00738	HPRC-Rest
HG00741#1	HG00741.1	HG00741	HPRC-Rest
HG00741#2	HG00741.2	HG00741	HPRC-Rest
HG01071#1	HG01071.1	HG01071	HPRC-Rest
HG01071#2	HG01071.2	HG01071	HPRC-Rest
HG01074#1	HG01074.1	HG01074	HPRC-Rest
HG01074#2	HG01074.2	HG01074	HPRC-Rest
HG01081#1	HG01081.1	HG01081	HPRC-Rest
HG01081#2	HG01081.2	HG01081	HPRC-Rest
HG01099#1	HG01099.1	HG01099	HPRC-Rest
HG01099#2	HG01099.2	HG01099	HPRC-Rest
HG01106#1	HG01106.1	HG01106	HPRC-Rest
HG01106#2	HG01106.2	HG01106	HPRC-Rest
HG01109#1	HG01109.1	HG01109	HPRC-Rest
HG01109#2	HG01109.2	HG01109	HPRC-Rest
HG01123#1	HG01123.1	HG01123	HPRC-Rest
HG01123#2	HG01123.2	HG01123	HPRC-Rest
HG01150#1	HG01150.1	HG01150	HPRC-Rest
HG01150#2	HG01150.2	HG01150	HPRC-Rest
HG01167#1	HG01167.1	HG01167	HPRC-Rest
HG01167#2	HG01167.2	HG01167	HPRC-Rest
HG01175#1	HG01175.1	HG01175	HPRC-Rest
HG01175#2	HG01175.2	HG01175	HPRC-Rest
HG01192#1	HG01192.1	HG01192	HPRC-Rest
HG01192#2	HG01192.2	HG01192	HPRC-Rest
HG01243#1	HG01243.1	HG01243	HPRC-Rest
HG01243#2	HG01243.2	HG01243	HPRC-Rest
HG01252#1	HG01252.1	HG01252	HPRC-Rest
HG01252#2	HG01252.2	HG01252	HPRC-Rest
HG01255#1	HG01255.1	HG01255	HPRC-Rest
HG01255#2	HG01255.2	HG01255	HPRC-Rest
HG01258#1	HG01258.1	HG01258	HPRC-Rest
HG01258#2	HG01258.2	HG01258	HPRC-Rest
HG01261#1	HG01261.1	HG01261	HPRC-Rest
HG01261#2	HG01261.2	HG01261	HPRC-Rest
HG01346#1	HG01346.1	HG01346	HPRC-Rest
HG01346#2	HG01346.2	HG01346	HPRC-Rest
HG01358#1	HG01358.1	HG01358	HPRC-Rest
HG01358#2	HG01358.2	HG01358	HPRC-Rest
HG01361#1	HG01361.1	HG01361	HPRC-Rest
HG01361#2	HG01361.2	HG01361	HPRC-Rest
HG01433#1	HG01433.1	HG01433	HPRC-Rest
HG01433#2	HG01433.2	HG01433	HPRC-Rest
HG01496#1	HG01496.1	HG01496	HPRC-Rest
HG01496#2	HG01496.2	HG01496	HPRC-Rest
HG01530#1	HG01530.1	HG01530	HPRC-Rest
HG01530#2	HG01530.2	HG01530	HPRC-Rest
HG01784#1	HG01784.1	HG01784	HPRC-Rest
HG01784#2	HG01784.2	HG01784	HPRC-Rest
HG01786#1	HG01786.1	HG01786	HPRC-Rest
HG01786#2	HG01786.2	HG01786	HPRC-Rest
HG01884#1	HG01884.1	HG01884	HPRC-Rest
HG01884#2	HG01884.2	HG01884	HPRC-Rest
HG01891#1	HG01891.1	HG01891	HPRC-Rest
HG01891#2	HG01891.2	HG01891	HPRC-Rest
HG01928#1	HG01928.1	HG01928	HPRC-Rest
HG01928#2	HG01928.2	HG01928	HPRC-Rest
HG01934#1	HG01934.1	HG01934	HPRC-Rest
HG01934#2	HG01934.2	HG01934	HPRC-Rest
HG01940#1	HG01940.1	HG01940	HPRC-Rest
HG01940#2	HG01940.2	HG01940	HPRC-Rest
HG01943#1	HG01943.1	HG01943	HPRC-Rest
HG01943#2	HG01943.2	HG01943	HPRC-Rest
HG01952#1	HG01952.1	HG01952	HPRC-Rest
HG01952#2	HG01952.2	HG01952	HPRC-Rest
HG01960#1	HG01960.1	HG01960	HPRC-Rest
HG01960#2	HG01960.2	HG01960	HPRC-Rest
HG01969#1	HG01969.1	HG01969	HPRC-Rest
HG01969#2	HG01969.2	HG01969	HPRC-Rest
HG01975#1	HG01975.1	HG01975	HPRC-Rest
HG01975#2	HG01975.2	HG01975	HPRC-Rest
HG01978#1	HG01978.1	HG01978	HPRC-Rest
HG01978#2	HG01978.2	HG01978	HPRC-Rest
HG01981#1	HG01981.1	HG01981	HPRC-Rest
HG01981#2	HG01981.2	HG01981	HPRC-Rest
HG01993#1	HG01993.1	HG01993	HPRC-Rest
HG01993#2	HG01993.2	HG01993	HPRC-Rest
HG02004#1	HG02004.1	HG02004	HPRC-Rest
HG02004#2	HG02004.2	HG02004	HPRC-Rest
HG02015#1	HG02015.1	HG02015	HPRC-EastAsian
HG02015#2	HG02015.2	HG02015	HPRC-EastAsian
HG02027#1	HG02027.1	HG02027	HPRC-EastAsian
HG02027#2	HG02027.2	HG02027	HPRC-EastAsian
HG02040#1	HG02040.1	HG02040	HPRC-EastAsian
HG02040#2	HG02040.2	HG02040	HPRC-EastAsian
HG02055#1	HG02055.1	HG02055	HPRC-Rest
HG02055#2	HG02055.2	HG02055	HPRC-Rest
HG02056#1	HG02056.1	HG02056	HPRC-EastAsian
HG02056#2	HG02056.2	HG02056	HPRC-EastAsian
HG02071#1	HG02071.1	HG02071	HPRC-EastAsian
HG02071#2	HG02071.2	HG02071	HPRC-EastAsian
HG02074#1	HG02074.1	HG02074	HPRC-EastAsian
HG02074#2	HG02074.2	HG02074	HPRC-EastAsian
HG02080#1	HG02080.1	HG02080	HPRC-EastAsian
HG02080#2	HG02080.2	HG02080	HPRC-EastAsian
HG02083#1	HG02083.1	HG02083	HPRC-EastAsian
HG02083#2	HG02083.2	HG02083	HPRC-EastAsian
HG02109#1	HG02109.1	HG02109	HPRC-Rest
HG02109#2	HG02109.2	HG02109	HPRC-Rest
HG02129#1	HG02129.1	HG02129	HPRC-EastAsian
HG02129#2	HG02129.2	HG02129	HPRC-EastAsian
HG02132#1	HG02132.1	HG02132	HPRC-EastAsian
HG02132#2	HG02132.2	HG02132	HPRC-EastAsian
HG02135#1	HG02135.1	HG02135	HPRC-EastAsian
HG02135#2	HG02135.2	HG02135	HPRC-EastAsian
HG02145#1	HG02145.1	HG02145	HPRC-Rest
HG02145#2	HG02145.2	HG02145	HPRC-Rest
HG02148#1	HG02148.1	HG02148	HPRC-Rest
HG02148#2	HG02148.2	HG02148	HPRC-Rest
HG02155#1	HG02155.1	HG02155	HPRC-EastAsian
HG02155#2	HG02155.2	HG02155	HPRC-EastAsian
HG02165#1	HG02165.1	HG02165	HPRC-EastAsian
HG02165#2	HG02165.2	HG02165	HPRC-EastAsian
HG02178#1	HG02178.1	HG02178	HPRC-EastAsian
HG02178#2	HG02178.2	HG02178	HPRC-EastAsian
HG02257#1	HG02257.1	HG02257	HPRC-Rest
HG02257#2	HG02257.2	HG02257	HPRC-Rest
HG02258#1	HG02258.1	HG02258	HPRC-Rest
HG02258#2	HG02258.2	HG02258	HPRC-Rest
HG02273#1	HG02273.1	HG02273	HPRC-Rest
HG02273#2	HG02273.2	HG02273	HPRC-Rest
HG02280#1	HG02280.1	HG02280	HPRC-Rest
HG02280#2	HG02280.2	HG02280	HPRC-Rest
HG02293#1	HG02293.1	HG02293	HPRC-Rest
HG02293#2	HG02293.2	HG02293	HPRC-Rest
HG02300#1	HG02300.1	HG02300	HPRC-Rest
HG02300#2	HG02300.2	HG02300	HPRC-Rest
HG02391#1	HG02391.1	HG02391	HPRC-EastAsian
HG02391#2	HG02391.2	HG02391	HPRC-EastAsian
HG02392#1	HG02392.1	HG02392	HPRC-EastAsian
HG02392#2	HG02392.2	HG02392	HPRC-EastAsian
HG02451#1	HG02451.1	HG02451	HPRC-Rest
HG02451#2	HG02451.2	HG02451	HPRC-Rest
HG02486#1	HG02486.1	HG02486	HPRC-Rest
HG02486#2	HG02486.2	HG02486	HPRC-Rest
HG02514#1	HG02514.1	HG02514	HPRC-EastAsian
HG02514#2	HG02514.2	HG02514	HPRC-EastAsian
HG02523#1	HG02523.1	HG02523	HPRC-EastAsian
HG02523#2	HG02523.2	HG02523	HPRC-EastAsian
HG02559#1	HG02559.1	HG02559	HPRC-Rest
HG02559#2	HG02559.2	HG02559	HPRC-Rest
HG02572#1	HG02572.1	HG02572	HPRC-Rest
HG02572#2	HG02572.2	HG02572	HPRC-Rest
HG02583#1	HG02583.1	HG02583	HPRC-Rest
HG02583#2	HG02583.2	HG02583	HPRC-Rest
HG02602#1	HG02602.1	HG02602	HPRC-Rest
HG02602#2	HG02602.2	HG02602	HPRC-Rest
HG02615#1	HG02615.1	HG02615	HPRC-Rest
HG02615#2	HG02615.2	HG02615	HPRC-Rest
HG02622#1	HG02622.1	HG02622	HPRC-Rest
HG02622#2	HG02622.2	HG02622	HPRC-Rest
HG02630#1	HG02630.1	HG02630	HPRC-Rest
HG02630#2	HG02630.2	HG02630	HPRC-Rest
HG02647#1	HG02647.1	HG02647	HPRC-Rest
HG02647#2	HG02647.2	HG02647	HPRC-Rest
HG02668#1	HG02668.1	HG02668	HPRC-Rest
HG02668#2	HG02668.2	HG02668	HPRC-Rest
HG02698#1	HG02698.1	HG02698	HPRC-Rest
HG02698#2	HG02698.2	HG02698	HPRC-Rest
HG02717#1	HG02717.1	HG02717	HPRC-Rest
HG02717#2	HG02717.2	HG02717	HPRC-Rest
HG02723#1	HG02723.1	HG02723	HPRC-Rest
HG02723#2	HG02723.2	HG02723	HPRC-Rest
HG02735#1	HG02735.1	HG02735	HPRC-Rest
HG02735#2	HG02735.2	HG02735	HPRC-Rest
HG02738#1	HG02738.1	HG02738	HPRC-Rest
HG02738#2	HG02738.2	HG02738	HPRC-Rest
HG02809#1	HG02809.1	HG02809	HPRC-Rest
HG02809#2	HG02809.2	HG02809	HPRC-Rest
HG02818#1	HG02818.1	HG02818	HPRC-Rest
HG02818#2	HG02818.2	HG02818	HPRC-Rest
HG02841#1	HG02841.1	HG02841	HPRC-Rest
HG02841#2	HG02841.2	HG02841	HPRC-Rest
HG02886#1	HG02886.1	HG02886	HPRC-Rest
HG02886#2	HG02886.2	HG02886	HPRC-Rest
HG02922#1	HG02922.1	HG02922	HPRC-Rest
HG02922#2	HG02922.2	HG02922	HPRC-Rest
HG02965#1	HG02965.1	HG02965	HPRC-Rest
HG02965#2	HG02965.2	HG02965	HPRC-Rest
HG02976#1	HG02976.1	HG02976	HPRC-Rest
HG02976#2	HG02976.2	HG02976	HPRC-Rest
HG02984#1	HG02984.1	HG02984	HPRC-Rest
HG02984#2	HG02984.2	HG02984	HPRC-Rest
HG03017#1	HG03017.1	HG03017	HPRC-Rest
HG03017#2	HG03017.2	HG03017	HPRC-Rest
HG03041#1	HG03041.1	HG03041	HPRC-Rest
HG03041#2	HG03041.2	HG03041	HPRC-Rest
HG03050#1	HG03050.1	HG03050	HPRC-Rest
HG03050#2	HG03050.2	HG03050	HPRC-Rest
HG03098#1	HG03098.1	HG03098	HPRC-Rest
HG03098#2	HG03098.2	HG03098	HPRC-Rest
HG03130#1	HG03130.1	HG03130	HPRC-Rest
HG03130#2	HG03130.2	HG03130	HPRC-Rest
HG03139#1	HG03139.1	HG03139	HPRC-Rest
HG03139#2	HG03139.2	HG03139	HPRC-Rest
HG03195#1	HG03195.1	HG03195	HPRC-Rest
HG03195#2	HG03195.2	HG03195	HPRC-Rest
HG03209#1	HG03209.1	HG03209	HPRC-Rest
HG03209#2	HG03209.2	HG03209	HPRC-Rest
HG03225#1	HG03225.1	HG03225	HPRC-Rest
HG03225#2	HG03225.2	HG03225	HPRC-Rest
HG03239#1	HG03239.1	HG03239	HPRC-Rest
HG03239#2	HG03239.2	HG03239	HPRC-Rest
HG03270#1	HG03270.1	HG03270	HPRC-Rest
HG03270#2	HG03270.2	HG03270	HPRC-Rest
HG03369#1	HG03369.1	HG03369	HPRC-Rest
HG03369#2	HG03369.2	HG03369	HPRC-Rest
HG03453#1	HG03453.1	HG03453	HPRC-Rest
HG03453#2	HG03453.2	HG03453	HPRC-Rest
HG03470#1	HG03470.1	HG03470	HPRC-Rest
HG03470#2	HG03470.2	HG03470	HPRC-Rest
HG03471#1	HG03471.1	HG03471	HPRC-Rest
HG03471#2	HG03471.2	HG03471	HPRC-Rest
HG03486#1	HG03486.1	HG03486	HPRC-Rest
HG03486#2	HG03486.2	HG03486	HPRC-Rest
HG03516#1	HG03516.1	HG03516	HPRC-Rest
HG03516#2	HG03516.2	HG03516	HPRC-Rest
HG03521#1	HG03521.1	HG03521	HPRC-Rest
HG03521#2	HG03521.2	HG03521	HPRC-Rest
HG03540#1	HG03540.1	HG03540	HPRC-Rest
HG03540#2	HG03540.2	HG03540	HPRC-Rest
HG03579#1	HG03579.1	HG03579	HPRC-Rest
HG03579#2	HG03579.2	HG03579	HPRC-Rest
HG03583#1	HG03583.1	HG03583	HPRC-Rest
HG03583#2	HG03583.2	HG03583	HPRC-Rest
HG03654#1	HG03654.1	HG03654	HPRC-Rest
HG03654#2	HG03654.2	HG03654	HPRC-Rest
HG03669#1	HG03669.1	HG03669	HPRC-Rest
HG03669#2	HG03669.2	HG03669	HPRC-Rest
HG03688#1	HG03688.1	HG03688	HPRC-Rest
HG03688#2	HG03688.2	HG03688	HPRC-Rest
HG03704#1	HG03704.1	HG03704	HPRC-Rest
HG03704#2	HG03704.2	HG03704	HPRC-Rest
HG03710#1	HG03710.1	HG03710	HPRC-Rest
HG03710#2	HG03710.2	HG03710	HPRC-Rest
HG03742#1	HG03742.1	HG03742	HPRC-Rest
HG03742#2	HG03742.2	HG03742	HPRC-Rest
HG03784#1	HG03784.1	HG03784	HPRC-Rest
HG03784#2	HG03784.2	HG03784	HPRC-Rest
HG03804#1	HG03804.1	HG03804	HPRC-Rest
HG03804#2	HG03804.2	HG03804	HPRC-Rest
HG03816#1	HG03816.1	HG03816	HPRC-Rest
HG03816#2	HG03816.2	HG03816	HPRC-Rest
HG03831#1	HG03831.1	HG03831	HPRC-Rest
HG03831#2	HG03831.2	HG03831	HPRC-Rest
HG03834#1	HG03834.1	HG03834	HPRC-Rest
HG03834#2	HG03834.2	HG03834	HPRC-Rest
HG03874#1	HG03874.1	HG03874	HPRC-Rest
HG03874#2	HG03874.2	HG03874	HPRC-Rest
HG03927#1	HG03927.1	HG03927	HPRC-Rest
HG03927#2	HG03927.2	HG03927	HPRC-Rest
HG03942#1	HG03942.1	HG03942	HPRC-Rest
HG03942#2	HG03942.2	HG03942	HPRC-Rest
HG04115#1	HG04115.1	HG04115	HPRC-Rest
HG04115#2	HG04115.2	HG04115	HPRC-Rest
HG04157#1	HG04157.1	HG04157	HPRC-Rest
HG04157#2	HG04157.2	HG04157	HPRC-Rest
HG04160#1	HG04160.1	HG04160	HPRC-Rest
HG04160#2	HG04160.2	HG04160	HPRC-Rest
HG04184#1	HG04184.1	HG04184	HPRC-Rest
HG04184#2	HG04184.2	HG04184	HPRC-Rest
HG04187#1	HG04187.1	HG04187	HPRC-Rest
HG04187#2	HG04187.2	HG04187	HPRC-Rest
HG04199#1	HG04199.1	HG04199	HPRC-Rest
HG04199#2	HG04199.2	HG04199	HPRC-Rest
HG04204#1	HG04204.1	HG04204	HPRC-Rest
HG04204#2	HG04204.2	HG04204	HPRC-Rest
HG04228#1	HG04228.1	HG04228	HPRC-Rest
HG04228#2	HG04228.2	HG04228	HPRC-Rest
HG06807#1	HG06807.1	HG06807	HPRC-Rest
HG06807#2	HG06807.2	HG06807	HPRC-Rest
HIFI032007D#1	HIFI032007D.1	HIFI032007D	CPC-Chinese
HIFI032007D#2	HIFI032007D.2	HIFI032007D	CPC-Chinese
HIFI032018D#1	HIFI032018D.1	HIFI032018D	CPC-Chinese
HIFI032018D#2	HIFI032018D.2	HIFI032018D	CPC-Chinese
HIFI032069D#1	HIFI032069D.1	HIFI032069D	CPC-Chinese
HIFI032069D#2	HIFI032069D.2	HIFI032069D	CPC-Chinese
HIFI032097D#1	HIFI032097D.1	HIFI032097D	CPC-Chinese
HIFI032097D#2	HIFI032097D.2	HIFI032097D	CPC-Chinese
HIFI032103D#1	HIFI032103D.1	HIFI032103D	CPC-Chinese
HIFI032103D#2	HIFI032103D.2	HIFI032103D	CPC-Chinese
HIFI032161D#1	HIFI032161D.1	HIFI032161D	CPC-Chinese
HIFI032161D#2	HIFI032161D.2	HIFI032161D	CPC-Chinese
HIFI032164D#1	HIFI032164D.1	HIFI032164D	CPC-Chinese
HIFI032164D#2	HIFI032164D.2	HIFI032164D	CPC-Chinese
HIFI032167D#1	HIFI032167D.1	HIFI032167D	CPC-Chinese
HIFI032167D#2	HIFI032167D.2	HIFI032167D	CPC-Chinese
HIFI032182D#1	HIFI032182D.1	HIFI032182D	CPC-Chinese
HIFI032182D#2	HIFI032182D.2	HIFI032182D	CPC-Chinese
HIFI032289D#1	HIFI032289D.1	HIFI032289D	CPC-Chinese
HIFI032289D#2	HIFI032289D.2	HIFI032289D	CPC-Chinese
HIFI032292D#1	HIFI032292D.1	HIFI032292D	CPC-Chinese
HIFI032292D#2	HIFI032292D.2	HIFI032292D	CPC-Chinese
HIFI032302D#1	HIFI032302D.1	HIFI032302D	CPC-Chinese
HIFI032302D#2	HIFI032302D.2	HIFI032302D	CPC-Chinese
HIFI032306D#1	HIFI032306D.1	HIFI032306D	CPC-Chinese
HIFI032306D#2	HIFI032306D.2	HIFI032306D	CPC-Chinese
HIFI032335D#1	HIFI032335D.1	HIFI032335D	CPC-Chinese
HIFI032335D#2	HIFI032335D.2	HIFI032335D	CPC-Chinese
HIFI032349D#1	HIFI032349D.1	HIFI032349D	CPC-Chinese
HIFI032349D#2	HIFI032349D.2	HIFI032349D	CPC-Chinese
HIFI032373D#1	HIFI032373D.1	HIFI032373D	CPC-Chinese
HIFI032373D#2	HIFI032373D.2	HIFI032373D	CPC-Chinese
HIFI032420D#1	HIFI032420D.1	HIFI032420D	CPC-Chinese
HIFI032420D#2	HIFI032420D.2	HIFI032420D	CPC-Chinese
HIFI032422D#1	HIFI032422D.1	HIFI032422D	CPC-Chinese
HIFI032422D#2	HIFI032422D.2	HIFI032422D	CPC-Chinese
HIFI032429D#1	HIFI032429D.1	HIFI032429D	CPC-Chinese
HIFI032429D#2	HIFI032429D.2	HIFI032429D	CPC-Chinese
HIFI032440D#1	HIFI032440D.1	HIFI032440D	CPC-Chinese
HIFI032440D#2	HIFI032440D.2	HIFI032440D	CPC-Chinese
HIFI032450D#1	HIFI032450D.1	HIFI032450D	CPC-Chinese
HIFI032450D#2	HIFI032450D.2	HIFI032450D	CPC-Chinese
HIFI032453D#1	HIFI032453D.1	HIFI032453D	CPC-Chinese
HIFI032453D#2	HIFI032453D.2	HIFI032453D	CPC-Chinese
HIFI032454D#1	HIFI032454D.1	HIFI032454D	CPC-Chinese
HIFI032454D#2	HIFI032454D.2	HIFI032454D	CPC-Chinese
HIFI032462D#1	HIFI032462D.1	HIFI032462D	CPC-Chinese
HIFI032462D#2	HIFI032462D.2	HIFI032462D	CPC-Chinese
HIFI032473D#1	HIFI032473D.1	HIFI032473D	CPC-Chinese
HIFI032473D#2	HIFI032473D.2	HIFI032473D	CPC-Chinese
HIFI032487D#1	HIFI032487D.1	HIFI032487D	CPC-Chinese
HIFI032487D#2	HIFI032487D.2	HIFI032487D	CPC-Chinese
HIFI032501D#1	HIFI032501D.1	HIFI032501D	CPC-Chinese
HIFI032501D#2	HIFI032501D.2	HIFI032501D	CPC-Chinese
HIFI032510D#1	HIFI032510D.1	HIFI032510D	CPC-Chinese
HIFI032510D#2	HIFI032510D.2	HIFI032510D	CPC-Chinese
HIFI032513D#1	HIFI032513D.1	HIFI032513D	CPC-Chinese
HIFI032513D#2	HIFI032513D.2	HIFI032513D	CPC-Chinese
HIFI032529D#1	HIFI032529D.1	HIFI032529D	CPC-Chinese
HIFI032529D#2	HIFI032529D.2	HIFI032529D	CPC-Chinese
HIFI032566D#1	HIFI032566D.1	HIFI032566D	CPC-Chinese
HIFI032566D#2	HIFI032566D.2	HIFI032566D	CPC-Chinese
HIFI032567D#1	HIFI032567D.1	HIFI032567D	CPC-Chinese
HIFI032567D#2	HIFI032567D.2	HIFI032567D	CPC-Chinese
HIFI032585D#1	HIFI032585D.1	HIFI032585D	CPC-Chinese
HIFI032585D#2	HIFI032585D.2	HIFI032585D	CPC-Chinese
HIFI032586D#1	HIFI032586D.1	HIFI032586D	CPC-Chinese
HIFI032586D#2	HIFI032586D.2	HIFI032586D	CPC-Chinese
HIFI032591D#1	HIFI032591D.1	HIFI032591D	CPC-Chinese
HIFI032591D#2	HIFI032591D.2	HIFI032591D	CPC-Chinese
HIFI032604D#1	HIFI032604D.1	HIFI032604D	CPC-Chinese
HIFI032604D#2	HIFI032604D.2	HIFI032604D	CPC-Chinese
HIFI032607D#1	HIFI032607D.1	HIFI032607D	CPC-Chinese
HIFI032607D#2	HIFI032607D.2	HIFI032607D	CPC-Chinese
HIFI032662D#1	HIFI032662D.1	HIFI032662D	CPC-Chinese
HIFI032662D#2	HIFI032662D.2	HIFI032662D	CPC-Chinese
HIFI032668D#1	HIFI032668D.1	HIFI032668D	CPC-Chinese
HIFI032668D#2	HIFI032668D.2	HIFI032668D	CPC-Chinese
HIFI032682D#1	HIFI032682D.1	HIFI032682D	CPC-Chinese
HIFI032682D#2	HIFI032682D.2	HIFI032682D	CPC-Chinese
HIFI032685D#1	HIFI032685D.1	HIFI032685D	CPC-Chinese
HIFI032685D#2	HIFI032685D.2	HIFI032685D	CPC-Chinese
HIFI032692D#1	HIFI032692D.1	HIFI032692D	CPC-Chinese
HIFI032692D#2	HIFI032692D.2	HIFI032692D	CPC-Chinese
HIFI032693D#1	HIFI032693D.1	HIFI032693D	CPC-Chinese
HIFI032693D#2	HIFI032693D.2	HIFI032693D	CPC-Chinese
HIFI032698D#1	HIFI032698D.1	HIFI032698D	CPC-Chinese
HIFI032698D#2	HIFI032698D.2	HIFI032698D	CPC-Chinese
HIFI032706D#1	HIFI032706D.1	HIFI032706D	CPC-Chinese
HIFI032706D#2	HIFI032706D.2	HIFI032706D	CPC-Chinese
HIFI032711D#1	HIFI032711D.1	HIFI032711D	CPC-Chinese
HIFI032711D#2	HIFI032711D.2	HIFI032711D	CPC-Chinese
HIFI032731D#1	HIFI032731D.1	HIFI032731D	CPC-Chinese
HIFI032731D#2	HIFI032731D.2	HIFI032731D	CPC-Chinese
KOREF1#1	KOREF1.1	KOREF1	KPanRef-Korean
KOREF1#2	KOREF1.2	KOREF1	KPanRef-Korean
KOREF2#1	KOREF2.1	KOREF2	KPanRef-Korean
KOREF2#2	KOREF2.2	KOREF2	KPanRef-Korean
KPanRef-071#1	KPanRef-071.1	KPanRef-071	KPanRef-Korean
KPanRef-071#2	KPanRef-071.2	KPanRef-071	KPanRef-Korean
KPanRef-072#1	KPanRef-072.1	KPanRef-072	KPanRef-Korean
KPanRef-072#2	KPanRef-072.2	KPanRef-072	KPanRef-Korean
KPanRef-073#1	KPanRef-073.1	KPanRef-073	KPanRef-Korean
KPanRef-073#2	KPanRef-073.2	KPanRef-073	KPanRef-Korean
KPanRef-074#1	KPanRef-074.1	KPanRef-074	KPanRef-Korean
KPanRef-074#2	KPanRef-074.2	KPanRef-074	KPanRef-Korean
KPanRef-075#1	KPanRef-075.1	KPanRef-075	KPanRef-Korean
KPanRef-075#2	KPanRef-075.2	KPanRef-075	KPanRef-Korean
KPanRef-076#1	KPanRef-076.1	KPanRef-076	KPanRef-Korean
KPanRef-076#2	KPanRef-076.2	KPanRef-076	KPanRef-Korean
KPanRef-076-M#1	KPanRef-076-M.1	KPanRef-076-M	KPanRef-Korean
KPanRef-076-M#2	KPanRef-076-M.2	KPanRef-076-M	KPanRef-Korean
KPanRef-076-P#1	KPanRef-076-P.1	KPanRef-076-P	KPanRef-Korean
KPanRef-076-P#2	KPanRef-076-P.2	KPanRef-076-P	KPanRef-Korean
KPanRef-077#1	KPanRef-077.1	KPanRef-077	KPanRef-Korean
KPanRef-077#2	KPanRef-077.2	KPanRef-077	KPanRef-Korean
KPanRef-078#1	KPanRef-078.1	KPanRef-078	KPanRef-Korean
KPanRef-078#2	KPanRef-078.2	KPanRef-078	KPanRef-Korean
KPanRef-079#1	KPanRef-079.1	KPanRef-079	KPanRef-Korean
KPanRef-079#2	KPanRef-079.2	KPanRef-079	KPanRef-Korean
KPanRef-080#1	KPanRef-080.1	KPanRef-080	KPanRef-Korean
KPanRef-080#2	KPanRef-080.2	KPanRef-080	KPanRef-Korean
NA18505#1	NA18505.1	NA18505	HPRC-Rest
NA18505#2	NA18505.2	NA18505	HPRC-Rest
NA18508#1	NA18508.1	NA18508	HPRC-Rest
NA18508#2	NA18508.2	NA18508	HPRC-Rest
NA18522#1	NA18522.1	NA18522	HPRC-Rest
NA18522#2	NA18522.2	NA18522	HPRC-Rest
NA18565#1	NA18565.1	NA18565	HPRC-EastAsian
NA18565#2	NA18565.2	NA18565	HPRC-EastAsian
NA18570#1	NA18570.1	NA18570	HPRC-EastAsian
NA18570#2	NA18570.2	NA18570	HPRC-EastAsian
NA18608#1	NA18608.1	NA18608	HPRC-EastAsian
NA18608#2	NA18608.2	NA18608	HPRC-EastAsian
NA18620#1	NA18620.1	NA18620	HPRC-EastAsian
NA18620#2	NA18620.2	NA18620	HPRC-EastAsian
NA18747#1	NA18747.1	NA18747	HPRC-EastAsian
NA18747#2	NA18747.2	NA18747	HPRC-EastAsian
NA18879#1	NA18879.1	NA18879	HPRC-Rest
NA18879#2	NA18879.2	NA18879	HPRC-Rest
NA18906#1	NA18906.1	NA18906	HPRC-Rest
NA18906#2	NA18906.2	NA18906	HPRC-Rest
NA18940#1	NA18940.1	NA18940	HPRC-Japanese
NA18940#2	NA18940.2	NA18940	HPRC-Japanese
NA18940.JaSaPaGe#1	NA18940_JaSaPaGe.1	NA18940	JaSaPaGe-Japanese
NA18940.JaSaPaGe#2	NA18940_JaSaPaGe.2	NA18940	JaSaPaGe-Japanese
NA18943#1	NA18943.1	NA18943	HPRC-Japanese
NA18943#2	NA18943.2	NA18943	HPRC-Japanese
NA18943.JaSaPaGe#1	NA18943_JaSaPaGe.1	NA18943	JaSaPaGe-Japanese
NA18943.JaSaPaGe#2	NA18943_JaSaPaGe.2	NA18943	JaSaPaGe-Japanese
NA18944#1	NA18944.1	NA18944	HPRC-Japanese
NA18944#2	NA18944.2	NA18944	HPRC-Japanese
NA18945#1	NA18945.1	NA18945	HPRC-Japanese
NA18945#2	NA18945.2	NA18945	HPRC-Japanese
NA18945.JaSaPaGe#1	NA18945_JaSaPaGe.1	NA18945	JaSaPaGe-Japanese
NA18945.JaSaPaGe#2	NA18945_JaSaPaGe.2	NA18945	JaSaPaGe-Japanese
NA18948#1	NA18948.1	NA18948	HPRC-Japanese
NA18948#2	NA18948.2	NA18948	HPRC-Japanese
NA18952#1	NA18952.1	NA18952	HPRC-Japanese
NA18952#2	NA18952.2	NA18952	HPRC-Japanese
NA18952.JaSaPaGe#1	NA18952_JaSaPaGe.1	NA18952	JaSaPaGe-Japanese
NA18952.JaSaPaGe#2	NA18952_JaSaPaGe.2	NA18952	JaSaPaGe-Japanese
NA18959#1	NA18959.1	NA18959	HPRC-Japanese
NA18959#2	NA18959.2	NA18959	HPRC-Japanese
NA18960#1	NA18960.1	NA18960	HPRC-Japanese
NA18960#2	NA18960.2	NA18960	HPRC-Japanese
NA18967#1	NA18967.1	NA18967	HPRC-Japanese
NA18967#2	NA18967.2	NA18967	HPRC-Japanese
NA18970#1	NA18970.1	NA18970	HPRC-Japanese
NA18970#2	NA18970.2	NA18970	HPRC-Japanese
NA18970.JaSaPaGe#1	NA18970_JaSaPaGe.1	NA18970	JaSaPaGe-Japanese
NA18970.JaSaPaGe#2	NA18970_JaSaPaGe.2	NA18970	JaSaPaGe-Japanese
NA18971#1	NA18971.1	NA18971	HPRC-Japanese
NA18971#2	NA18971.2	NA18971	HPRC-Japanese
NA18974#1	NA18974.1	NA18974	HPRC-Japanese
NA18974#2	NA18974.2	NA18974	HPRC-Japanese
NA18976#1	NA18976.1	NA18976	HPRC-Japanese
NA18976#2	NA18976.2	NA18976	HPRC-Japanese
NA18982#1	NA18982.1	NA18982	HPRC-Japanese
NA18982#2	NA18982.2	NA18982	HPRC-Japanese
NA18983#1	NA18983.1	NA18983	HPRC-Japanese
NA18983#2	NA18983.2	NA18983	HPRC-Japanese
NA18990#1	NA18990.1	NA18990	JaSaPaGe-Japanese
NA18990#2	NA18990.2	NA18990	JaSaPaGe-Japanese
NA19007#1	NA19007.1	NA19007	JaSaPaGe-Japanese
NA19007#2	NA19007.2	NA19007	JaSaPaGe-Japanese
NA19036#1	NA19036.1	NA19036	HPRC-Rest
NA19036#2	NA19036.2	NA19036	HPRC-Rest
NA19043#1	NA19043.1	NA19043	HPRC-Rest
NA19043#2	NA19043.2	NA19043	HPRC-Rest
NA19066#1	NA19066.1	NA19066	JaSaPaGe-Japanese
NA19066#2	NA19066.2	NA19066	JaSaPaGe-Japanese
NA19079#1	NA19079.1	NA19079	JaSaPaGe-Japanese
NA19079#2	NA19079.2	NA19079	JaSaPaGe-Japanese
NA19087#1	NA19087.1	NA19087	HPRC-Japanese
NA19087#2	NA19087.2	NA19087	HPRC-Japanese
NA19088#1	NA19088.1	NA19088	JaSaPaGe-Japanese
NA19088#2	NA19088.2	NA19088	JaSaPaGe-Japanese
NA19159#1	NA19159.1	NA19159	HPRC-Rest
NA19159#2	NA19159.2	NA19159	HPRC-Rest
NA19185#1	NA19185.1	NA19185	HPRC-Rest
NA19185#2	NA19185.2	NA19185	HPRC-Rest
NA19240#1	NA19240.1	NA19240	HPRC-Rest
NA19240#2	NA19240.2	NA19240	HPRC-Rest
NA19338#1	NA19338.1	NA19338	HPRC-Rest
NA19338#2	NA19338.2	NA19338	HPRC-Rest
NA19391#1	NA19391.1	NA19391	HPRC-Rest
NA19391#2	NA19391.2	NA19391	HPRC-Rest
NA19443#1	NA19443.1	NA19443	HPRC-Rest
NA19443#2	NA19443.2	NA19443	HPRC-Rest
NA19468#1	NA19468.1	NA19468	HPRC-Rest
NA19468#2	NA19468.2	NA19468	HPRC-Rest
NA19682#1	NA19682.1	NA19682	HPRC-Rest
NA19682#2	NA19682.2	NA19682	HPRC-Rest
NA19700#1	NA19700.1	NA19700	HPRC-Rest
NA19700#2	NA19700.2	NA19700	HPRC-Rest
NA19776#1	NA19776.1	NA19776	HPRC-Rest
NA19776#2	NA19776.2	NA19776	HPRC-Rest
NA19835#1	NA19835.1	NA19835	HPRC-Rest
NA19835#2	NA19835.2	NA19835	HPRC-Rest
NA19909#1	NA19909.1	NA19909	HPRC-Rest
NA19909#2	NA19909.2	NA19909	HPRC-Rest
NA20129#1	NA20129.1	NA20129	HPRC-Rest
NA20129#2	NA20129.2	NA20129	HPRC-Rest
NA20282#1	NA20282.1	NA20282	HPRC-Rest
NA20282#2	NA20282.2	NA20282	HPRC-Rest
NA20346#1	NA20346.1	NA20346	HPRC-Rest
NA20346#2	NA20346.2	NA20346	HPRC-Rest
NA20503#1	NA20503.1	NA20503	HPRC-Rest
NA20503#2	NA20503.2	NA20503	HPRC-Rest
NA20752#1	NA20752.1	NA20752	HPRC-Rest
NA20752#2	NA20752.2	NA20752	HPRC-Rest
NA20762#1	NA20762.1	NA20762	HPRC-Rest
NA20762#2	NA20762.2	NA20762	HPRC-Rest
NA20799#1	NA20799.1	NA20799	HPRC-Rest
NA20799#2	NA20799.2	NA20799	HPRC-Rest
NA20805#1	NA20805.1	NA20805	HPRC-Rest
NA20805#2	NA20805.2	NA20805	HPRC-Rest
NA20806#1	NA20806.1	NA20806	HPRC-Rest
NA20806#2	NA20806.2	NA20806	HPRC-Rest
NA20809#1	NA20809.1	NA20809	HPRC-Rest
NA20809#2	NA20809.2	NA20809	HPRC-Rest
NA20827#1	NA20827.1	NA20827	HPRC-Rest
NA20827#2	NA20827.2	NA20827	HPRC-Rest
NA20850#1	NA20850.1	NA20850	HPRC-Rest
NA20850#2	NA20850.2	NA20850	HPRC-Rest
NA20870#1	NA20870.1	NA20870	HPRC-Rest
NA20870#2	NA20870.2	NA20870	HPRC-Rest
NA20905#1	NA20905.1	NA20905	HPRC-Rest
NA20905#2	NA20905.2	NA20905	HPRC-Rest
NA21093#1	NA21093.1	NA21093	HPRC-Rest
NA21093#2	NA21093.2	NA21093	HPRC-Rest
NA21102#1	NA21102.1	NA21102	HPRC-Rest
NA21102#2	NA21102.2	NA21102	HPRC-Rest
NA21106#1	NA21106.1	NA21106	HPRC-Rest
NA21106#2	NA21106.2	NA21106	HPRC-Rest
NA21110#1	NA21110.1	NA21110	HPRC-Rest
NA21110#2	NA21110.2	NA21110	HPRC-Rest
NA21144#1	NA21144.1	NA21144	HPRC-Rest
NA21144#2	NA21144.2	NA21144	HPRC-Rest
NA21309#1	NA21309.1	NA21309	HPRC-Rest
NA21309#2	NA21309.2	NA21309	HPRC-Rest
RY01#1	RY01.1	RY01	CPC-Chinese
RY01#2	RY01.2	RY01	CPC-Chinese
RY02#1	RY02.1	RY02	CPC-Chinese
RY02#2	RY02.2	RY02	CPC-Chinese
RY03#1	RY03.1	RY03	CPC-Chinese
RY03#2	RY03.2	RY03	CPC-Chinese
RY04#1	RY04.1	RY04	CPC-Chinese
RY04#2	RY04.2	RY04	CPC-Chinese
RY05#1	RY05.1	RY05	CPC-Chinese
RY05#2	RY05.2	RY05	CPC-Chinese
RY06#1	RY06.1	RY06	CPC-Chinese
RY06#2	RY06.2	RY06	CPC-Chinese
RY07#1	RY07.1	RY07	CPC-Chinese
RY07#2	RY07.2	RY07	CPC-Chinese
RY08#1	RY08.1	RY08	CPC-Chinese
RY08#2	RY08.2	RY08	CPC-Chinese
RY09#1	RY09.1	RY09	CPC-Chinese
RY09#2	RY09.2	RY09	CPC-Chinese
RY10#1	RY10.1	RY10	CPC-Chinese
RY10#2	RY10.2	RY10	CPC-Chinese
RY11#1	RY11.1	RY11	CPC-Chinese
RY11#2	RY11.2	RY11	CPC-Chinese
apr-f#1	apr-f.1	apr-f	APR
apr-f#2	apr-f.2	apr-f	APR
apr-m#1	apr-m.1	apr-m	APR
apr-m#2	apr-m.2	apr-m	APR
apr-s#1	apr-s.1	apr-s	APR
apr-s#2	apr-s.2	apr-s	APR
apr001#1	apr001.1	apr001	APR
apr001#2	apr001.2	apr001	APR
apr002#1	apr002.1	apr002	APR
apr002#2	apr002.2	apr002	APR
apr003#1	apr003.1	apr003	APR
apr003#2	apr003.2	apr003	APR
apr004#1	apr004.1	apr004	APR
apr004#2	apr004.2	apr004	APR
apr005#1	apr005.1	apr005	APR
apr005#2	apr005.2	apr005	APR
apr006#1	apr006.1	apr006	APR
apr006#2	apr006.2	apr006	APR
apr007#1	apr007.1	apr007	APR
apr007#2	apr007.2	apr007	APR
apr008#1	apr008.1	apr008	APR
apr008#2	apr008.2	apr008	APR
apr009#1	apr009.1	apr009	APR
apr009#2	apr009.2	apr009	APR
apr010#1	apr010.1	apr010	APR
apr010#2	apr010.2	apr010	APR
apr011#1	apr011.1	apr011	APR
apr011#2	apr011.2	apr011	APR
apr012#1	apr012.1	apr012	APR
apr012#2	apr012.2	apr012	APR
apr013#1	apr013.1	apr013	APR
apr013#2	apr013.2	apr013	APR
apr014#1	apr014.1	apr014	APR
apr014#2	apr014.2	apr014	APR
apr015#1	apr015.1	apr015	APR
apr015#2	apr015.2	apr015	APR
apr016#1	apr016.1	apr016	APR
apr016#2	apr016.2	apr016	APR
apr018#1	apr018.1	apr018	APR
apr018#2	apr018.2	apr018	APR
apr019#1	apr019.1	apr019	APR
apr019#2	apr019.2	apr019	APR
apr020#1	apr020.1	apr020	APR
apr020#2	apr020.2	apr020	APR
apr021#1	apr021.1	apr021	APR
apr021#2	apr021.2	apr021	APR
apr022#1	apr022.1	apr022	APR
apr022#2	apr022.2	apr022	APR
apr023#1	apr023.1	apr023	APR
apr023#2	apr023.2	apr023	APR
apr024#1	apr024.1	apr024	APR
apr024#2	apr024.2	apr024	APR
apr025#1	apr025.1	apr025	APR
apr025#2	apr025.2	apr025	APR
apr026#1	apr026.1	apr026	APR
apr026#2	apr026.2	apr026	APR
apr027#1	apr027.1	apr027	APR
apr027#2	apr027.2	apr027	APR
apr029#1	apr029.1	apr029	APR
apr029#2	apr029.2	apr029	APR
apr030#1	apr030.1	apr030	APR
apr030#2	apr030.2	apr030	APR
apr031#1	apr031.1	apr031	APR
apr031#2	apr031.2	apr031	APR
apr032#1	apr032.1	apr032	APR
apr032#2	apr032.2	apr032	APR
apr033#1	apr033.1	apr033	APR
apr033#2	apr033.2	apr033	APR
apr034#1	apr034.1	apr034	APR
apr034#2	apr034.2	apr034	APR
apr035#1	apr035.1	apr035	APR
apr035#2	apr035.2	apr035	APR
apr036#1	apr036.1	apr036	APR
apr036#2	apr036.2	apr036	APR
apr037#1	apr037.1	apr037	APR
apr037#2	apr037.2	apr037	APR
apr038#1	apr038.1	apr038	APR
apr038#2	apr038.2	apr038	APR
apr039#1	apr039.1	apr039	APR
apr039#2	apr039.2	apr039	APR
apr040#1	apr040.1	apr040	APR
apr040#2	apr040.2	apr040	APR
apr041#1	apr041.1	apr041	APR
apr041#2	apr041.2	apr041	APR
apr042#1	apr042.1	apr042	APR
apr042#2	apr042.2	apr042	APR
apr043#1	apr043.1	apr043	APR
apr043#2	apr043.2	apr043	APR
apr044#1	apr044.1	apr044	APR
apr044#2	apr044.2	apr044	APR
apr045#1	apr045.1	apr045	APR
apr045#2	apr045.2	apr045	APR
apr046#1	apr046.1	apr046	APR
apr046#2	apr046.2	apr046	APR
apr047#1	apr047.1	apr047	APR
apr047#2	apr047.2	apr047	APR
apr048#1	apr048.1	apr048	APR
apr048#2	apr048.2	apr048	APR
apr049#1	apr049.1	apr049	APR
apr049#2	apr049.2	apr049	APR
apr050#1	apr050.1	apr050	APR
apr050#2	apr050.2	apr050	APR
apr051#1	apr051.1	apr051	APR
apr051#2	apr051.2	apr051	APR
apr52#1	apr52.1	apr52	APR
apr52#2	apr52.2	apr52	APR
chm13#0	chm13.0	chm13	REF
hg002#1	hg002.1	hg002	HPRC-Jewish
hg002#2	hg002.2	hg002	HPRC-Jewish
ksa001#1	ksa001.1	ksa001	JaSaPaGe-Saudi
ksa001#2	ksa001.2	ksa001	JaSaPaGe-Saudi
ksa002#1	ksa002.1	ksa002	JaSaPaGe-Saudi
ksa002#2	ksa002.2	ksa002	JaSaPaGe-Saudi
ksa003#1	ksa003.1	ksa003	JaSaPaGe-Saudi
ksa003#2	ksa003.2	ksa003	JaSaPaGe-Saudi
ksa004#1	ksa004.1	ksa004	JaSaPaGe-Saudi
ksa004#2	ksa004.2	ksa004	JaSaPaGe-Saudi
ksa005#1	ksa005.1	ksa005	JaSaPaGe-Saudi
ksa005#2	ksa005.2	ksa005	JaSaPaGe-Saudi
ksa006#1	ksa006.1	ksa006	JaSaPaGe-Saudi
ksa006#2	ksa006.2	ksa006	JaSaPaGe-Saudi
ksa007#1	ksa007.1	ksa007	JaSaPaGe-Saudi
ksa007#2	ksa007.2	ksa007	JaSaPaGe-Saudi
ksa008#1	ksa008.1	ksa008	JaSaPaGe-Saudi
ksa008#2	ksa008.2	ksa008	JaSaPaGe-Saudi
ksa009#1	ksa009.1	ksa009	JaSaPaGe-Saudi
ksa009#2	ksa009.2	ksa009	JaSaPaGe-Saudi
