HLA-A	2	HLA-A*26:01:01	68.186377	40	HLA-A*23:01:01	64.668889	37	
HLA-B	2	HLA-B*08:01:01	57.527892	34	HLA-B*50:01:01	50.794882	29	
HLA-C	2	HLA-C*06:02:01	59.003970	35	HLA-C*07:02:01	66.682671	41	
HLA-E	2	HLA-E*01:03:01	72.232886	47	HLA-E*01:01:01	54.174670	33	
HLA-F	1	HLA-F*01:01:01	139.723931	60	.	0	-1	
HLA-G	2	HLA-G*01:01:02	66.550393	41	HLA-G*01:04:04	53.023897	31	
HLA-H	1	HLA-H*01:02:01	47.224225	27	.	0	-1	
HLA-J	1	HLA-J*01:01:01	114.754098	60	.	0	-1	
HLA-K	1	HLA-K*01:01:01	51.992882	34	.	0	-1	
HLA-L	1	HLA-L*01:01:02	100.943738	60	.	0	-1	
HLA-N	1	HLA-N*01:01:01	124.904216	60	.	0	-1	
HLA-P	1	HLA-P*01:01:01	85.796706	60	.	0	-1	
HLA-R	0	.	0	-1	.	0	-1	
HLA-S	2	HLA-S*01:01:01	68.829114	50	HLA-S*01:02:01	67.246835	48	
HLA-T	1	HLA-T*01:01:01	40.584416	33	.	0	-1	
HLA-U	1	HLA-U*01:01:01	33.783784	28	.	0	-1	
HLA-V	1	HLA-V*01:01:01	148.127759	60	.	0	-1	
HLA-W	1	HLA-W*01:01:01	148.143236	60	.	0	-1	
HLA-Y	0	.	0	-1	.	0	-1	
HLA-DRA	1	HLA-DRA*01:01:01	101.789365	60	.	0	-1	
HLA-DRB1	1	HLA-DRB1*03:01:01	80.695114	60	.	0	-1	
HLA-DRB3	1	HLA-DRB3*02:02:01	84.860515	60	.	0	-1	
HLA-DRB4	1	HLA-DRB4*01:01:01,HLA-DRB4*01:02:01,HLA-DRB4*01:03:01,HLA-DRB4*01:03:02,HLA-DRB4*01:03:03,HLA-DRB4*01:03:38,HLA-DRB4*01:03:40,HLA-DRB4*01:03:42,HLA-DRB4*01:03:43,HLA-DRB4*01:03:44,HLA-DRB4*01:03:45,HLA-DRB4*01:03:46,HLA-DRB4*01:03:47,HLA-DRB4*01:03:49,HLA-DRB4*01:152,HLA-DRB4*01:186,HLA-DRB4*01:190:01,HLA-DRB4*01:193:01,HLA-DRB4*01:197,HLA-DRB4*01:198,HLA-DRB4*01:199N,HLA-DRB4*01:200,HLA-DRB4*01:205,HLA-DRB4*01:206,HLA-DRB4*01:207,HLA-DRB4*01:208,HLA-DRB4*01:209,HLA-DRB4*01:210,HLA-DRB4*01:211,HLA-DRB4*01:213:01,HLA-DRB4*01:138,HLA-DRB4*01:01:14,HLA-DRB4*01:03:35,HLA-DRB4*01:119,HLA-DRB4*01:151,HLA-DRB4*01:03:39,HLA-DRB4*01:03:36,HLA-DRB4*01:191,HLA-DRB4*01:03:48,HLA-DRB4*01:03:23,HLA-DRB4*01:72:02,HLA-DRB4*01:182,HLA-DRB4*01:01:11,HLA-DRB4*01:03:33,HLA-DRB4*01:155,HLA-DRB4*01:173,HLA-DRB4*01:03:50,HLA-DRB4*01:183,HLA-DRB4*01:03:37,HLA-DRB4*01:01:13	1.505376	0	.	0	-1	
HLA-DRB5	0	.	0	-1	.	0	-1	
HLA-DQA1	1	HLA-DQA1*05:01:01	98.029557	60	.	0	-1	
HLA-DQA2	2	HLA-DQA2*01:01:02	96.082021	60	HLA-DQA2*01:01:04	24.368776	12	
HLA-DQB1	1	HLA-DQB1*02:01:01	109.437751	60	.	0	-1	
HLA-DQB2	2	HLA-DQB2*01:01:01	62.589031	42	HLA-DQB2*01:10N	58.118386	39	
HLA-DPA1	2	HLA-DPA1*01:03:01	64.415095	47	HLA-DPA1*02:01:01	57.238877	41	
HLA-DPA2	2	HLA-DPA2*01:01:01	72.018615	53	HLA-DPA2*01:01:02	53.386790	37	
HLA-DPB1	2	HLA-DPB1*14:01:01	49.216305	34	HLA-DPB1*04:02:01	56.948993	40	
HLA-DPB2	2	HLA-DPB2*03:01:01	67.013914	49	HLA-DPB2*01:01:01	31.824512	20	HLA-DPB2*01:01:02;10.373746;5
HLA-DMA	1	HLA-DMA*01:01:01	116.130435	60	.	0	-1	
HLA-DMB	2	HLA-DMB*01:01:01	77.813578	58	HLA-DMB*01:03:01	51.875719	36	
HLA-DOA	2	HLA-DOA*01:01:04	60.630446	43	HLA-DOA*01:01:02	64.419856	47	
HLA-DOB	1	HLA-DOB*01:01:01	115.093604	60	.	0	-1	
HLA-HFE	0	.	0	-1	.	0	-1	
MICA	2	MICA*009:02:01	59.731571	39	MICA*008:01:01	58.164099	38	
MICB	2	MICB*002:01:18	69.062714	46	MICB*005:06:01	55.185074	35	
TAP1	2	TAP1*02:01:01	53.508264	37	TAP1*01:04	20.292148	11	TAP1*03:01;15.954223;8
TAP2	2	TAP2*01:01:03	74.902795	54	TAP2*02:01:02	12.803098	6	TAP2*02:01:03;19.518353;10
