donor	method	state
HG00658	T1K	complete
HG00658	hprc	complete
HG00658	hprc_asian	complete
HG00658	ipd_genome	complete
HG00658	genome_hprc	complete
HG00658	genome_hprc_asian	complete
HG02132	T1K	complete
HG02132	hprc	complete
HG02132	hprc_asian	complete
HG02132	ipd_genome	complete
HG02132	genome_hprc	complete
HG02132	genome_hprc_asian	complete
HG02178	T1K	complete
HG02178	hprc	complete
HG02178	hprc_asian	complete
HG02178	ipd_genome	complete
HG02178	genome_hprc	complete
HG02178	genome_hprc_asian	complete
HG03831	T1K	complete
HG03831	hprc	complete
HG03831	hprc_asian	complete
HG03831	ipd_genome	complete
HG03831	genome_hprc	complete
HG03831	genome_hprc_asian	complete
HG03874	T1K	complete
HG03874	hprc	complete
HG03874	hprc_asian	complete
HG03874	ipd_genome	complete
HG03874	genome_hprc	complete
HG03874	genome_hprc_asian	complete
HG04199	T1K	complete
HG04199	hprc	complete
HG04199	hprc_asian	complete
HG04199	ipd_genome	complete
HG04199	genome_hprc	complete
HG04199	genome_hprc_asian	complete
NA18608	T1K	complete
NA18608	hprc	complete
NA18608	hprc_asian	complete
NA18608	ipd_genome	complete
NA18608	genome_hprc	complete
NA18608	genome_hprc_asian	complete
NA20905	T1K	complete
NA20905	hprc	complete
NA20905	hprc_asian	complete
NA20905	ipd_genome	complete
NA20905	genome_hprc	complete
NA20905	genome_hprc_asian	complete
HG02027	T1K	complete
HG02027	hprc	complete
HG02027	hprc_asian	complete
HG02027	ipd_genome	complete
HG02027	genome_hprc	complete
HG02027	genome_hprc_asian	complete
HG02391	T1K	complete
HG02391	hprc	complete
HG02391	hprc_asian	complete
HG02391	ipd_genome	complete
HG02391	genome_hprc	complete
HG02391	genome_hprc_asian	complete
HG02602	T1K	complete
HG02602	hprc	complete
HG02602	hprc_asian	complete
HG02602	ipd_genome	complete
HG02602	genome_hprc	complete
HG02602	genome_hprc_asian	complete
HG04115	T1K	complete
HG04115	hprc	complete
HG04115	hprc_asian	complete
HG04115	ipd_genome	complete
HG04115	genome_hprc	complete
HG04115	genome_hprc_asian	complete
HG04187	T1K	complete
HG04187	hprc	complete
HG04187	hprc_asian	complete
HG04187	ipd_genome	complete
HG04187	genome_hprc	complete
HG04187	genome_hprc_asian	complete
NA18570	T1K	complete
NA18570	hprc	complete
NA18570	hprc_asian	complete
NA18570	ipd_genome	complete
NA18570	genome_hprc	complete
NA18570	genome_hprc_asian	complete
NA18940	T1K	complete
NA18940	hprc	complete
NA18940	hprc_asian	complete
NA18940	ipd_genome	complete
NA18940	genome_hprc	complete
NA18940	genome_hprc_asian	complete
NA21144	T1K	complete
NA21144	hprc	complete
NA21144	hprc_asian	complete
NA21144	ipd_genome	complete
NA21144	genome_hprc	complete
NA21144	genome_hprc_asian	complete
HG00558	T1K	complete
HG00558	hprc	complete
HG00558	hprc_asian	complete
HG00558	ipd_genome	complete
HG00558	genome_hprc	complete
HG00558	genome_hprc_asian	complete
HG02165	T1K	complete
HG02165	hprc	complete
HG02165	hprc_asian	complete
HG02165	ipd_genome	complete
HG02165	genome_hprc	complete
HG02165	genome_hprc_asian	complete
HG02523	T1K	complete
HG02523	hprc	complete
HG02523	hprc_asian	complete
HG02523	ipd_genome	complete
HG02523	genome_hprc	complete
HG02523	genome_hprc_asian	complete
HG02738	T1K	complete
HG02738	hprc	complete
HG02738	hprc_asian	complete
HG02738	ipd_genome	complete
HG02738	genome_hprc	complete
HG02738	genome_hprc_asian	complete
HG03688	T1K	complete
HG03688	hprc	complete
HG03688	hprc_asian	complete
HG03688	ipd_genome	complete
HG03688	genome_hprc	complete
HG03688	genome_hprc_asian	complete
HG03927	T1K	complete
HG03927	hprc	complete
HG03927	hprc_asian	complete
HG03927	ipd_genome	complete
HG03927	genome_hprc	complete
HG03927	genome_hprc_asian	complete
NA18952	T1K	complete
NA18952	hprc	complete
NA18952	hprc_asian	complete
NA18952	ipd_genome	complete
NA18952	genome_hprc	complete
NA18952	genome_hprc_asian	complete
NA21106	T1K	complete
NA21106	hprc	complete
NA21106	hprc_asian	complete
NA21106	ipd_genome	complete
NA21106	genome_hprc	complete
NA21106	genome_hprc_asian	complete
HG00609	T1K	complete
HG00609	hprc	complete
HG00609	hprc_asian	complete
HG00609	ipd_genome	complete
HG00609	genome_hprc	complete
HG00609	genome_hprc_asian	complete
HG02074	T1K	complete
HG02074	hprc	complete
HG02074	hprc_asian	complete
HG02074	ipd_genome	complete
HG02074	genome_hprc	complete
HG02074	genome_hprc_asian	complete
HG03017	T1K	complete
HG03017	hprc	complete
HG03017	hprc_asian	complete
HG03017	ipd_genome	complete
HG03017	genome_hprc	complete
HG03017	genome_hprc_asian	complete
HG03784	T1K	complete
HG03784	hprc	complete
HG03784	hprc_asian	complete
HG03784	ipd_genome	complete
HG03784	genome_hprc	complete
HG03784	genome_hprc_asian	complete
HG04157	T1K	complete
HG04157	hprc	complete
HG04157	hprc_asian	complete
HG04157	ipd_genome	complete
HG04157	genome_hprc	complete
HG04157	genome_hprc_asian	complete
HG04204	T1K	complete
HG04204	hprc	complete
HG04204	hprc_asian	complete
HG04204	ipd_genome	complete
HG04204	genome_hprc	complete
HG04204	genome_hprc_asian	complete
NA18747	T1K	complete
NA18747	hprc	complete
NA18747	hprc_asian	complete
NA18747	ipd_genome	complete
NA18747	genome_hprc	complete
NA18747	genome_hprc_asian	complete
NA19088	T1K	complete
NA19088	hprc	complete
NA19088	hprc_asian	complete
NA19088	ipd_genome	complete
NA19088	genome_hprc	complete
NA19088	genome_hprc_asian	complete
HG01530	T1K	complete
HG01530	hprc	complete
HG01530	hprc_asian	complete
HG01530	ipd_genome	complete
HG01530	genome_hprc	complete
HG01530	genome_hprc_asian	complete
NA20806	T1K	complete
NA20806	hprc	complete
NA20806	hprc_asian	complete
NA20806	ipd_genome	complete
NA20806	genome_hprc	complete
NA20806	genome_hprc_asian	complete
HG00321	T1K	complete
HG00321	hprc	complete
HG00321	hprc_asian	complete
HG00321	ipd_genome	complete
HG00321	genome_hprc	complete
HG00321	genome_hprc_asian	complete
HG00232	T1K	complete
HG00232	hprc	complete
HG00232	hprc_asian	complete
HG00232	ipd_genome	complete
HG00232	genome_hprc	complete
HG00232	genome_hprc_asian	complete
HG01786	T1K	complete
HG01786	hprc	complete
HG01786	hprc_asian	complete
HG01786	ipd_genome	complete
HG01786	genome_hprc	complete
HG01786	genome_hprc_asian	complete
NA20503	T1K	complete
NA20503	hprc	complete
NA20503	hprc_asian	complete
NA20503	ipd_genome	complete
NA20503	genome_hprc	complete
NA20503	genome_hprc_asian	complete
HG00344	T1K	complete
HG00344	hprc	complete
HG00344	hprc_asian	complete
HG00344	ipd_genome	complete
HG00344	genome_hprc	complete
HG00344	genome_hprc_asian	complete
HG00128	T1K	complete
HG00128	hprc	complete
HG00128	hprc_asian	complete
HG00128	ipd_genome	complete
HG00128	genome_hprc	complete
HG00128	genome_hprc_asian	complete
HG01784	T1K	complete
HG01784	hprc	complete
HG01784	hprc_asian	complete
HG01784	ipd_genome	complete
HG01784	genome_hprc	complete
HG01784	genome_hprc_asian	complete
NA20809	T1K	complete
NA20809	hprc	complete
NA20809	hprc_asian	complete
NA20809	ipd_genome	complete
NA20809	genome_hprc	complete
NA20809	genome_hprc_asian	complete
HG00272	T1K	complete
HG00272	hprc	complete
HG00272	hprc_asian	complete
HG00272	ipd_genome	complete
HG00272	genome_hprc	complete
HG00272	genome_hprc_asian	complete
HG00133	T1K	complete
HG00133	hprc	complete
HG00133	hprc_asian	complete
HG00133	ipd_genome	complete
HG00133	genome_hprc	complete
HG00133	genome_hprc_asian	complete
NA20805	T1K	complete
NA20805	hprc	complete
NA20805	hprc_asian	complete
NA20805	ipd_genome	complete
NA20805	genome_hprc	complete
NA20805	genome_hprc_asian	complete
HG00320	T1K	complete
HG00320	hprc	complete
HG00320	hprc_asian	complete
HG00320	ipd_genome	complete
HG00320	genome_hprc	complete
HG00320	genome_hprc_asian	complete
HG00140	T1K	complete
HG00140	hprc	complete
HG00140	hprc_asian	complete
HG00140	ipd_genome	complete
HG00140	genome_hprc	complete
HG00140	genome_hprc_asian	complete
NA20762	T1K	complete
NA20762	hprc	complete
NA20762	hprc_asian	complete
NA20762	ipd_genome	complete
NA20762	genome_hprc	complete
NA20762	genome_hprc_asian	complete
HG03516	T1K	complete
HG03516	hprc	complete
HG03516	hprc_asian	complete
HG03516	ipd_genome	complete
HG03516	genome_hprc	complete
HG03516	genome_hprc_asian	complete
NA19185	T1K	complete
NA19185	hprc	complete
NA19185	hprc_asian	complete
NA19185	ipd_genome	complete
NA19185	genome_hprc	complete
NA19185	genome_hprc_asian	complete
HG02984	T1K	complete
HG02984	hprc	complete
HG02984	hprc_asian	complete
HG02984	ipd_genome	complete
HG02984	genome_hprc	complete
HG02984	genome_hprc_asian	complete
HG01960	T1K	complete
HG01960	hprc	complete
HG01960	hprc_asian	complete
HG01960	ipd_genome	complete
HG01960	genome_hprc	complete
HG01960	genome_hprc_asian	complete
NA20282	T1K	complete
NA20282	hprc	complete
NA20282	hprc_asian	complete
NA20282	ipd_genome	complete
NA20282	genome_hprc	complete
NA20282	genome_hprc_asian	complete
NA19468	T1K	complete
NA19468	hprc	complete
NA19468	hprc_asian	complete
NA19468	ipd_genome	complete
NA19468	genome_hprc	complete
NA19468	genome_hprc_asian	complete
HG03453	T1K	complete
HG03453	hprc	complete
HG03453	hprc_asian	complete
HG03453	ipd_genome	complete
HG03453	genome_hprc	complete
HG03453	genome_hprc_asian	complete
HG03369	T1K	complete
HG03369	hprc	complete
HG03369	hprc_asian	complete
HG03369	ipd_genome	complete
HG03369	genome_hprc	complete
HG03369	genome_hprc_asian	complete
NA19159	T1K	complete
NA19159	hprc	complete
NA19159	hprc_asian	complete
NA19159	ipd_genome	complete
NA19159	genome_hprc	complete
NA19159	genome_hprc_asian	complete
HG02809	T1K	complete
HG02809	hprc	complete
HG02809	hprc_asian	complete
HG02809	ipd_genome	complete
HG02809	genome_hprc	complete
HG02809	genome_hprc_asian	complete
HG02145	T1K	complete
HG02145	hprc	complete
HG02145	hprc_asian	complete
HG02145	ipd_genome	complete
HG02145	genome_hprc	complete
HG02145	genome_hprc_asian	complete
NA19909	T1K	complete
NA19909	hprc	complete
NA19909	hprc_asian	complete
NA19909	ipd_genome	complete
NA19909	genome_hprc	complete
NA19909	genome_hprc_asian	complete
NA19338	T1K	complete
NA19338	hprc	complete
NA19338	hprc_asian	complete
NA19338	ipd_genome	complete
NA19338	genome_hprc	complete
NA19338	genome_hprc_asian	complete
HG03209	T1K	complete
HG03209	hprc	complete
HG03209	hprc_asian	complete
HG03209	ipd_genome	complete
HG03209	genome_hprc	complete
HG03209	genome_hprc_asian	complete
HG02976	T1K	complete
HG02976	hprc	complete
HG02976	hprc_asian	complete
HG02976	ipd_genome	complete
HG02976	genome_hprc	complete
HG02976	genome_hprc_asian	complete
NA18879	T1K	complete
NA18879	hprc	complete
NA18879	hprc_asian	complete
NA18879	ipd_genome	complete
NA18879	genome_hprc	complete
NA18879	genome_hprc_asian	complete
