HLA-A	2	HLA-A*01:01:01	59.806601	32	HLA-A*02:01:01	61.487945	33	
HLA-B	2	HLA-B*15:27:01	51.844660	30	HLA-B*35:03:01	45.825243	25	
HLA-C	1	HLA-C*04:01:01	100.144438	60	.	0	-1	
HLA-E	1	HLA-E*01:01:01	120.232575	60	.	0	-1	
HLA-F	1	HLA-F*01:01:01	106.496284	60	.	0	-1	
HLA-G	2	HLA-G*01:01:01	63.372831	38	HLA-G*01:06:01	50.400191	28	
HLA-H	2	HLA-H*02:01:01	68.660425	40	HLA-H*01:01:01	52.600866	29	
HLA-J	1	HLA-J*01:01:01	119.384906	60	.	0	-1	
HLA-K	2	HLA-K*01:01:01	57.617046	35	HLA-K*01:02	57.425628	35	
HLA-L	2	HLA-L*01:01:01	62.741637	41	HLA-L*01:01:02	60.851829	40	
HLA-N	1	HLA-N*01:01:01	126.436782	60	.	0	-1	
HLA-P	2	HLA-P*01:01:01	50.872512	35	HLA-P*02:01:01	49.939951	34	
HLA-R	0	.	0	-1	.	0	-1	
HLA-S	2	HLA-S*01:01:01	80.696203	59	HLA-S*01:04	69.620253	49	
HLA-T	1	HLA-T*01:01:01	97.402597	60	.	0	-1	
HLA-U	2	HLA-U*01:01:01	81.081081	58	HLA-U*01:03	81.081081	58	
HLA-V	1	HLA-V*01:01:01	163.913055	60	.	0	-1	
HLA-W	2	HLA-W*01:01:01	56.837628	40	HLA-W*03:01:01	56.439878	40	
HLA-Y	0	.	0	-1	.	0	-1	
HLA-DRA	2	HLA-DRA*01:02:02	55.947129	41	HLA-DRA*01:01:01	42.979256	30	
HLA-DRB1	2	HLA-DRB1*15:01:01	47.693089	33	HLA-DRB1*14:05:01	32.313795	20	
HLA-DRB3	1	HLA-DRB3*02:02:01	38.403305	27	.	0	-1	
HLA-DRB4	1	HLA-DRB4*01:01:01,HLA-DRB4*01:02:01,HLA-DRB4*01:03:01,HLA-DRB4*01:03:02,HLA-DRB4*01:03:03,HLA-DRB4*01:03:38,HLA-DRB4*01:03:40,HLA-DRB4*01:03:42,HLA-DRB4*01:03:43,HLA-DRB4*01:03:44,HLA-DRB4*01:03:45,HLA-DRB4*01:03:46,HLA-DRB4*01:03:47,HLA-DRB4*01:03:49,HLA-DRB4*01:152,HLA-DRB4*01:175,HLA-DRB4*01:186,HLA-DRB4*01:190:01,HLA-DRB4*01:193:01,HLA-DRB4*01:197,HLA-DRB4*01:198,HLA-DRB4*01:199N,HLA-DRB4*01:200,HLA-DRB4*01:205,HLA-DRB4*01:206,HLA-DRB4*01:207,HLA-DRB4*01:208,HLA-DRB4*01:209,HLA-DRB4*01:210,HLA-DRB4*01:211,HLA-DRB4*01:213:01,HLA-DRB4*01:138,HLA-DRB4*01:01:14,HLA-DRB4*01:03:35,HLA-DRB4*01:119,HLA-DRB4*01:151,HLA-DRB4*01:03:39,HLA-DRB4*01:03:36,HLA-DRB4*01:191,HLA-DRB4*01:03:48,HLA-DRB4*01:03:23,HLA-DRB4*01:72:02,HLA-DRB4*01:182,HLA-DRB4*01:01:11,HLA-DRB4*01:03:33,HLA-DRB4*01:155,HLA-DRB4*01:173,HLA-DRB4*01:03:50,HLA-DRB4*01:183,HLA-DRB4*01:03:37,HLA-DRB4*01:01:13	1.111111	0	.	0	-1	
HLA-DRB5	1	HLA-DRB5*01:01:01	51.140416	37	.	0	-1	
HLA-DQA1	2	HLA-DQA1*01:04:01	56.740006	36	HLA-DQA1*01:02:01	33.832550	19	
HLA-DQA2	2	HLA-DQA2*01:01:02	60.246008	39	HLA-DQA2*01:01:01	31.692636	18	HLA-DQA2*01:04:02,HLA-DQA2*01:10;16.278260;7
HLA-DQB1	2	HLA-DQB1*05:03:01	51.114929	35	HLA-DQB1*06:02:01	45.421713	30	
HLA-DQB2	2	HLA-DQB2*01:01:01	43.423476	29	HLA-DQB2*01:08	23.261327	13	HLA-DQB2*01:02:04;21.812710;12
HLA-DPA1	1	HLA-DPA1*02:02:02	119.695321	60	.	0	-1	
HLA-DPA2	2	HLA-DPA2*02:01:01	78.646624	60	HLA-DPA2*01:01:02	23.785808	15	
HLA-DPB1	2	HLA-DPB1*05:01:01	64.034717	45	HLA-DPB1*02:01:02	57.384962	40	
HLA-DPB2	2	HLA-DPB2*01:01:02	46.657725	33	HLA-DPB2*03:02	38.614059	26	
HLA-DMA	2	HLA-DMA*01:01:01	59.205176	45	HLA-DMA*01:02:01	31.012229	21	
HLA-DMB	2	HLA-DMB*01:03:01	56.294076	42	HLA-DMB*01:01:01	45.738931	32	
HLA-DOA	2	HLA-DOA*01:01:01	52.618044	38	HLA-DOA*01:01:02	55.027931	40	
HLA-DOB	2	HLA-DOB*01:02:01	49.572431	36	HLA-DOB*01:01:01	43.719313	31	
HLA-HFE	0	.	0	-1	.	0	-1	
MICA	2	MICA*010:01:02	58.580213	39	MICA*008:04:01	47.549229	30	
MICB	2	MICB*005:02:01	52.732887	35	MICB*004:01:01	45.532600	29	
TAP1	1	TAP1*01:01:01	102.570969	60	.	0	-1	
TAP2	2	TAP2*01:01:03	48.283061	34	TAP2*01:01:05	60.534017	44	
