donor	gene	experimental_truth	assembly_truth	compatible	allele_matches
NA18620	A	02:01;32:01	32:01;02:01	1	2
NA18620	B	40:01;48:01	40:01;48:01	1	2
NA18620	DRB1	12:01;12:02	12:02;12:01	1	2
NA18620	DQB1	03:01;03:01	03:01;03:01	1	2
NA19087	A	02:01/02:09/02:132/02:134/02:140/02:43/02:66/02:75/02:83/02:89/02:97;33:03/33:15/33:25	02:01;33:03	1	2
NA19087	B	35:01/35:40/35:42/35:57/35:94;44:03	35:01;44:03	1	2
NA19087	C	03:03/03:20;14:03	03:03;14:03	1	2
NA19087	DRB1	13:02;04:10	04:10;13:02	1	2
NA19087	DQB1	04:02;06:04/06:34	04:02;06:04	1	2
NA18608	A	24:02;31:01	24:02;31:01	1	2
NA18608	B	48:01;51:01	48:01;51:01	1	2
NA18608	C	08:01;15:02	08:01;15:02	1	2
NA18608	DRB1	14:01;14:44	14:05;14:07	0	0
NA18608	DQB1	05:03;05:03	05:03;05:03	1	2
NA18570	A	02:01;02:06	02:01;02:06	1	2
NA18570	B	15:01;15:11	15:01;15:11	1	2
NA18570	C	03:03;03:03	03:03;03:03	1	2
NA18570	DRB1	04:04;11:01	11:01;04:04	1	2
NA18570	DQB1	03:02;03:01	03:01;03:02	1	2
NA18940	A	24:02;24:02	24:02;24:02	1	2
NA18940	B	46:01;52:01	52:01;46:01	1	2
NA18940	C	01:03;12:02	12:02;01:03	1	2
NA18940	DRB1	15:02;08:02	15:02;08:02	1	2
NA18952	A	24:02;31:01	24:02;31:01	1	2
NA18952	B	07:02;51:01	07:02;51:01	1	2
NA18952	C	07:02;14:02	07:02;14:02	1	2
NA18952	DRB1	14:01;09:01	14:54;09:01	0	1
NA18952	DQB1	05:03;03:03	05:03;03:03	1	2
NA18747	A	01:01/01:04/01:22/01:32/01:34/01:37;02:01/02:09/02:132/02:134/02:140/02:43/02:66/02:75/02:83/02:89/02:97	02:01;01:01	1	2
NA18747	B	15:27;35:03/35:70	15:27;35:03	1	2
NA18747	C	04:01/04:09/04:28/04:30/04:41;04:01/04:09/04:28/04:30/04:41	04:01;04:01	1	2
NA18747	DRB1	15:01;14:05	14:05;15:01	1	2
NA18747	DQB1	05:03;06:02	05:03;06:02	1	2
NA19088	A	24:02/24:09/24:11/24:40/24:76/24:79/24:83;26:03	26:03;24:02	1	2
NA19088	B	15:07;15:01/15:102/15:104/15:140/15:146	15:01;15:07	1	2
NA19088	C	03:03/03:20;03:03/03:20	03:03;03:03	1	2
NA19088	DRB1	14:03;04:03	14:03;04:03	1	2
NA19088	DQB1	03:02;03:01/03:09/03:19/03:21/03:22/03:24	03:01;03:02	1	2
