stratum	universe	variant_class	endpoint	baseline	donors	full_minus_baseline_pp	ci95_low_pp	ci95_high_pp	donors_better	donors_tied	donors_worse
EAS	all_truth	ALL	all	hprc	20	12.233907078010109	12.125246477426774	12.338763967054192	20	0	0
EAS	all_truth	ALL	all	old_full	20	17.553454791931976	17.52659902230621	17.583445446329534	20	0	0
EAS	all_truth	ALL	all	old_hprc	20	12.442693998274656	12.338965513700034	12.546317216448255	20	0	0
EAS	all_truth	ALL	nonref	hprc	20	0.6379977136185544	0.3422855919998738	0.9532643889383904	17	0	3
EAS	all_truth	ALL	nonref	old_full	20	14.339989784253149	13.579624085935302	15.10718828468001	20	0	0
EAS	all_truth	ALL	nonref	old_hprc	20	0.7982876462432786	0.49751793755737267	1.1081984239070866	18	0	2
EAS	all_truth	SNV	all	hprc	20	11.709959420870696	11.610448186463607	11.805467536696558	20	0	0
EAS	all_truth	SNV	all	old_full	20	17.661189319172387	17.64014828916387	17.684860477931963	20	0	0
EAS	all_truth	SNV	all	old_hprc	20	11.900831621662245	11.806333287410446	11.998274760783525	20	0	0
EAS	all_truth	SNV	nonref	hprc	20	0.514316292958783	0.2634776878862663	0.7826371199840645	14	0	6
EAS	all_truth	SNV	nonref	old_full	20	14.6116036626455	13.847993893063943	15.408269886762277	20	0	0
EAS	all_truth	SNV	nonref	old_hprc	20	0.6438037604217572	0.39107096619148657	0.8968533364654382	17	0	3
EAS	all_truth	SV_length_site	all	hprc	20	4.7315436241610715	4.093959731543628	5.335570469798656	20	0	0
EAS	all_truth	SV_length_site	all	old_full	20	14.278523489932882	13.791946308724834	14.76510067114094	20	0	0
EAS	all_truth	SV_length_site	all	old_hprc	20	5.788590604026844	5.151006711409389	6.392617449664428	20	0	0
EAS	all_truth	SV_length_site	nonref	hprc	20	2.994955863808324	1.9053180058865373	4.043551033516138	16	2	2
EAS	all_truth	SV_length_site	nonref	old_full	20	13.11475409836066	12.102303257031263	14.14242891718732	20	0	0
EAS	all_truth	SV_length_site	nonref	old_hprc	20	4.003783102143754	2.9021976397025666	5.0724806830944935	17	2	1
EAS	all_truth	small_complex	all	hprc	20	14.79164248403947	14.617810504933258	14.968659315148003	20	0	0
EAS	all_truth	small_complex	all	old_full	20	17.110853163087636	17.047881601857227	17.175282936738256	20	0	0
EAS	all_truth	small_complex	all	old_hprc	20	15.06877539175856	14.896691816598961	15.239132327336039	20	0	0
EAS	all_truth	small_complex	nonref	hprc	20	0.922775739836168	0.4417048426203271	1.4081237531666022	17	0	3
EAS	all_truth	small_complex	nonref	old_full	20	13.595499211221561	12.80332051788739	14.448215759141428	20	0	0
EAS	all_truth	small_complex	nonref	old_hprc	20	1.1461045749149523	0.6668128020548753	1.6186363522787617	19	0	1
EAS	all_truth	truth_SV_length	all	hprc	20	3.890784982935158	2.4000000000000017	5.2945376728384295	18	0	2
EAS	all_truth	truth_SV_length	all	old_full	20	8.805460750853245	7.2774257814838235	10.455215742057849	20	0	0
EAS	all_truth	truth_SV_length	all	old_hprc	20	4.3686006825938595	2.723404305856412	5.890605574064538	18	0	2
EAS	all_truth	truth_SV_length	nonref	hprc	20	3.890784982935158	2.404776778611851	5.287229499491079	18	0	2
EAS	all_truth	truth_SV_length	nonref	old_full	20	8.805460750853245	7.290935546143434	10.418229789286276	20	0	0
EAS	all_truth	truth_SV_length	nonref	old_hprc	20	4.3686006825938595	2.73881095524382	5.861359625377386	18	0	2
EAS	frozen_HPRC_sites	ALL	all	hprc	20	0.13505862369954658	0.05166807077296498	0.2239487383463881	14	0	6
EAS	frozen_HPRC_sites	ALL	all	old_full	20	17.133395456368394	17.107171058536867	17.1641855617753	20	0	0
EAS	frozen_HPRC_sites	ALL	all	old_hprc	20	0.13028144093986116	0.045809907486163426	0.21787985822821457	14	0	6
EAS	frozen_HPRC_sites	ALL	nonref	hprc	20	0.512859411435107	0.23844759346246497	0.7968620109503352	14	0	6
EAS	frozen_HPRC_sites	ALL	nonref	old_full	20	14.237231733665457	13.482454153736436	15.00333079049647	20	0	0
EAS	frozen_HPRC_sites	ALL	nonref	old_hprc	20	0.5091891389295999	0.2424295269361787	0.7915156526678645	13	1	6
EAS	frozen_HPRC_sites	SNV	all	hprc	20	0.09070687027702418	0.030003346101257492	0.15639999741999921	13	0	7
EAS	frozen_HPRC_sites	SNV	all	old_full	20	17.383196141276848	17.36117382792591	17.40878189157332	20	0	0
EAS	frozen_HPRC_sites	SNV	all	old_hprc	20	0.08656108739596435	0.02514786559327215	0.15247846125041292	13	0	7
EAS	frozen_HPRC_sites	SNV	nonref	hprc	20	0.3597158178547999	0.1492160928122882	0.5882131612581073	13	0	7
EAS	frozen_HPRC_sites	SNV	nonref	old_full	20	14.544886350413744	13.773009207645279	15.317079652380583	20	0	0
EAS	frozen_HPRC_sites	SNV	nonref	old_hprc	20	0.3573886360387357	0.1476351220039568	0.577592406343444	13	0	7
EAS	frozen_HPRC_sites	SV_length_site	all	hprc	20	1.6111898016997195	0.9206798866855492	2.2497785651018565	15	1	4
EAS	frozen_HPRC_sites	SV_length_site	all	old_full	20	13.52691218130312	13.038086802480075	14.027638170172125	20	0	0
EAS	frozen_HPRC_sites	SV_length_site	all	old_hprc	20	1.6111898016997195	0.9385514432442066	2.248981760226665	15	1	4
EAS	frozen_HPRC_sites	SV_length_site	nonref	hprc	20	3.0293264582661905	1.8940332300960958	4.142631399395904	16	2	2
EAS	frozen_HPRC_sites	SV_length_site	nonref	old_full	20	12.342893973573954	11.285658432843096	13.464052287581696	20	0	0
EAS	frozen_HPRC_sites	SV_length_site	nonref	old_hprc	20	2.9970995810505996	1.8381080513297745	4.0870294715267566	16	1	3
EAS	frozen_HPRC_sites	small_complex	all	hprc	20	0.3196974905465777	0.12138090295649023	0.5239383275820075	15	0	5
EAS	frozen_HPRC_sites	small_complex	all	old_full	20	16.002062564455134	15.936513349456188	16.074632153693425	20	0	0
EAS	frozen_HPRC_sites	small_complex	all	old_hprc	20	0.31179099346854144	0.11902464556038383	0.5103694353188593	14	0	6
EAS	frozen_HPRC_sites	small_complex	nonref	hprc	20	0.8779212351969989	0.3922801106191548	1.355085091570295	15	1	4
EAS	frozen_HPRC_sites	small_complex	nonref	old_full	20	13.410246867634278	12.646709100479834	14.226139405519916	20	0	0
EAS	frozen_HPRC_sites	small_complex	nonref	old_hprc	20	0.8712413997118085	0.40428741384321454	1.3408500069036475	15	2	3
EAS	frozen_HPRC_sites	truth_SV_length	all	hprc	20	3.899721448467963	2.410427965736909	5.384615384615376	18	0	2
EAS	frozen_HPRC_sites	truth_SV_length	all	old_full	20	8.495821727019504	6.941558757329033	10.118179986208188	20	0	0
EAS	frozen_HPRC_sites	truth_SV_length	all	old_hprc	20	3.899721448467963	2.208305528463638	5.324591947604654	18	0	2
EAS	frozen_HPRC_sites	truth_SV_length	nonref	hprc	20	3.899721448467963	2.391289498693274	5.299872850658666	18	0	2
EAS	frozen_HPRC_sites	truth_SV_length	nonref	old_full	20	8.495821727019504	6.970610486497847	10.15411633403361	20	0	0
EAS	frozen_HPRC_sites	truth_SV_length	nonref	old_hprc	20	3.899721448467963	2.327269100580266	5.357267210505373	18	0	2
EAS	frozen_threeway_SNV	ALL	all	hprc	20	0.04674306991810928	0.014796712658208533	0.08334016645110462	13	0	7
EAS	frozen_threeway_SNV	ALL	all	linear	20	0.13099968639469495	0.07259577809174605	0.19044017170715882	17	0	3
EAS	frozen_threeway_SNV	ALL	all	old_full	20	-0.0050613515197972525	-0.014304034989845726	0.004465281432282919	8	1	11
EAS	frozen_threeway_SNV	ALL	all	old_hprc	20	0.04535367930482703	0.013576710185945475	0.08111151979752401	13	0	7
EAS	frozen_threeway_SNV	ALL	nonref	hprc	20	0.1636714180695109	0.0446589503948952	0.2922402568843171	14	0	6
EAS	frozen_threeway_SNV	ALL	nonref	linear	20	0.5321632830452172	0.3081339784664916	0.7497384984452001	17	0	3
EAS	frozen_threeway_SNV	ALL	nonref	old_full	20	-0.01202106460397312	-0.04905234120587049	0.024899620587123247	7	4	9
EAS	frozen_threeway_SNV	ALL	nonref	old_hprc	20	0.16043497759921088	0.040102475452915565	0.2887011621887378	14	0	6
EAS	frozen_threeway_SNV	SNV	all	hprc	20	0.04674306991810928	0.014789316687432719	0.08284853395481766	13	0	7
EAS	frozen_threeway_SNV	SNV	all	linear	20	0.13099968639469495	0.07379119501122883	0.188290455313935	17	0	3
EAS	frozen_threeway_SNV	SNV	all	old_full	20	-0.0050613515197972525	-0.01408672233794317	0.004662432450931453	8	1	11
EAS	frozen_threeway_SNV	SNV	all	old_hprc	20	0.04535367930482703	0.013912831603620501	0.08159577942667194	13	0	7
EAS	frozen_threeway_SNV	SNV	nonref	hprc	20	0.1636714180695109	0.043605758569122965	0.28981324374456185	14	0	6
EAS	frozen_threeway_SNV	SNV	nonref	linear	20	0.5321632830452172	0.3073874613321956	0.7491035882022264	17	0	3
EAS	frozen_threeway_SNV	SNV	nonref	old_full	20	-0.01202106460397312	-0.04941398262008567	0.025538879196306534	7	4	9
EAS	frozen_threeway_SNV	SNV	nonref	old_hprc	20	0.16043497759921088	0.04106828741660351	0.2878193852978494	14	0	6
EAS	shared_new_sites	ALL	all	hprc	20	0.13454714032907766	0.04908412840147536	0.22151251252980175	14	0	6
EAS	shared_new_sites	ALL	all	old_full	20	17.334695865808204	17.30835003985074	17.366272063149637	20	0	0
EAS	shared_new_sites	ALL	all	old_hprc	20	0.3737551300877384	0.2909620452656919	0.462919691148482	20	0	0
EAS	shared_new_sites	ALL	nonref	hprc	20	0.5114402391605988	0.23608063576924493	0.7919425611364486	14	0	6
EAS	shared_new_sites	ALL	nonref	old_full	20	14.375525117724075	13.620908947223676	15.158060478208116	20	0	0
EAS	shared_new_sites	ALL	nonref	old_hprc	20	0.672394927607034	0.3913691226652827	0.953307804602197	17	0	3
EAS	shared_new_sites	SNV	all	hprc	20	0.09029184377941091	0.0280086576924915	0.155130096040757	13	0	7
EAS	shared_new_sites	SNV	all	old_full	20	17.565971528827774	17.544363238226342	17.59158149012422	20	0	0
EAS	shared_new_sites	SNV	all	old_hprc	20	0.3076769463383977	0.2452555601938483	0.37113711076642353	20	0	0
EAS	shared_new_sites	SNV	nonref	hprc	20	0.35824086801197197	0.14195080343783473	0.5810842348351937	13	0	7
EAS	shared_new_sites	SNV	nonref	old_full	20	14.656998479385376	13.855620750742467	15.428637173846319	20	0	0
EAS	shared_new_sites	SNV	nonref	old_hprc	20	0.48838954295238324	0.2672390899573432	0.7099910734353934	16	0	4
EAS	shared_new_sites	SV_length_site	all	hprc	20	1.5842618384401153	0.923023336816442	2.195504443282803	15	1	4
EAS	shared_new_sites	SV_length_site	all	old_full	20	14.397632311977715	13.882598850374507	14.90774356843214	20	0	0
EAS	shared_new_sites	SV_length_site	all	old_hprc	20	2.681058495821731	2.0369080779944366	3.325802395817165	18	2	0
EAS	shared_new_sites	SV_length_site	nonref	hprc	20	2.9662354054906914	1.85776633260722	4.020291401809241	16	2	2
EAS	shared_new_sites	SV_length_site	nonref	old_full	20	13.127169454086463	12.115445607358078	14.147925406869751	20	0	0
EAS	shared_new_sites	SV_length_site	nonref	old_hprc	20	3.9760176711896467	2.854318940378013	5.0466088074574085	17	2	1
EAS	shared_new_sites	small_complex	all	hprc	20	0.3185891638575966	0.11401772952392475	0.513963738295268	15	0	5
EAS	shared_new_sites	small_complex	all	old_full	20	16.281619118090383	16.21459325567922	16.352900655719957	20	0	0
EAS	shared_new_sites	small_complex	all	old_hprc	20	0.6457425525500771	0.45292348136274363	0.8467461331107523	19	0	1
EAS	shared_new_sites	small_complex	nonref	hprc	20	0.8765668275133476	0.40434660593795857	1.3622935472000337	15	1	4
EAS	shared_new_sites	small_complex	nonref	old_full	20	13.606296814474295	12.843121776819153	14.464074677658374	20	0	0
EAS	shared_new_sites	small_complex	nonref	old_hprc	20	1.1002293730786428	0.6238701542381123	1.55758646665803	19	0	1
EAS	shared_new_sites	truth_SV_length	all	hprc	20	3.830369357045149	2.3120014744982385	5.184186736481454	18	0	2
EAS	shared_new_sites	truth_SV_length	all	old_full	20	8.823529411764708	7.280813851458298	10.428711484593837	20	0	0
EAS	shared_new_sites	truth_SV_length	all	old_hprc	20	4.309165526675784	2.654852575884813	5.791265763003376	18	0	2
EAS	shared_new_sites	truth_SV_length	nonref	hprc	20	3.830369357045149	2.361644454483844	5.216831255168555	18	0	2
EAS	shared_new_sites	truth_SV_length	nonref	old_full	20	8.823529411764708	7.278688524590171	10.478834142956273	20	0	0
EAS	shared_new_sites	truth_SV_length	nonref	old_hprc	20	4.309165526675784	2.6498953226130126	5.787574943146568	18	0	2
SAS	all_truth	ALL	all	hprc	20	12.152980322885432	12.032463131084913	12.285256541921697	20	0	0
SAS	all_truth	ALL	all	old_full	20	17.51463459721481	17.482077753358258	17.546368565912175	20	0	0
SAS	all_truth	ALL	all	old_hprc	20	12.367672431499809	12.251405691574575	12.491685238056114	20	0	0
SAS	all_truth	ALL	nonref	hprc	20	0.3933597728999816	0.017307758281839843	0.8514664980635281	15	0	5
SAS	all_truth	ALL	nonref	old_full	20	13.228945550969307	12.59263509906031	13.927109545340766	20	0	0
SAS	all_truth	ALL	nonref	old_hprc	20	0.5254806126526401	0.14814794684508414	0.9915597103296083	15	0	5
SAS	all_truth	SNV	all	hprc	20	11.650969390311106	11.544010821101146	11.76732284204198	20	0	0
SAS	all_truth	SNV	all	old_full	20	17.632571013476284	17.60520358448975	17.65874705676068	20	0	0
SAS	all_truth	SNV	all	old_hprc	20	11.846788738039171	11.742145621461855	11.96301694554381	20	0	0
SAS	all_truth	SNV	nonref	hprc	20	0.34732997915393193	0.015553001145644516	0.759370206483761	14	0	6
SAS	all_truth	SNV	nonref	old_full	20	13.44994592561245	12.83667101853613	14.121247287657061	20	0	0
SAS	all_truth	SNV	nonref	old_hprc	20	0.44293976583439365	0.11531906670128518	0.846296169597405	16	0	4
SAS	all_truth	SV_length_site	all	hprc	20	3.942953020134232	3.0033557046979853	4.848993288590608	20	0	0
SAS	all_truth	SV_length_site	all	old_full	20	13.97651006711409	13.540268456375838	14.429530201342278	20	0	0
SAS	all_truth	SV_length_site	all	old_hprc	20	4.999999999999993	4.110738255033553	5.855704697986575	20	0	0
SAS	all_truth	SV_length_site	nonref	hprc	20	1.577970297029696	0.0628520711577138	3.0040427347817684	12	2	6
SAS	all_truth	SV_length_site	nonref	old_full	20	12.59282178217821	11.630770307305887	13.560970584703469	20	0	0
SAS	all_truth	SV_length_site	nonref	old_hprc	20	2.444306930693063	0.9738857839896753	3.8710627362358236	14	1	5
SAS	all_truth	small_complex	all	hprc	20	14.621300058038312	14.424550203134068	14.839531340684854	20	0	0
SAS	all_truth	small_complex	all	old_full	20	17.029309344167153	16.966627974463144	17.091700522344745	20	0	0
SAS	all_truth	small_complex	all	old_hprc	20	14.908879860708069	14.712122751015665	15.121009866511903	20	0	0
SAS	all_truth	small_complex	nonref	hprc	20	0.49141824751580687	-0.05988362878380113	1.0975367198967119	12	0	8
SAS	all_truth	small_complex	nonref	old_full	20	12.61065943992773	11.898915225477632	13.409074516164885	20	0	0
SAS	all_truth	small_complex	nonref	old_hprc	20	0.7073170731707323	0.1663963275699182	1.3237370717892563	16	0	4
SAS	all_truth	truth_SV_length	all	hprc	20	1.9657577679137561	0.32236746993958343	3.4653917034039194	14	1	5
SAS	all_truth	truth_SV_length	all	old_full	20	8.053265694356371	6.890241063723492	9.273670557717251	20	0	0
SAS	all_truth	truth_SV_length	all	old_hprc	20	2.0925808497146425	0.5151154388456717	3.5648941625985087	14	1	5
SAS	all_truth	truth_SV_length	nonref	hprc	20	1.9657577679137561	0.26040820058517183	3.4947974022727144	14	1	5
SAS	all_truth	truth_SV_length	nonref	old_full	20	8.053265694356371	6.870681520744288	9.258104577250531	20	0	0
SAS	all_truth	truth_SV_length	nonref	old_hprc	20	2.0925808497146425	0.5101635377609465	3.528706881574697	14	1	5
SAS	frozen_HPRC_sites	ALL	all	hprc	20	0.04028167685012907	-0.04642711844703107	0.1378358997697432	10	0	10
SAS	frozen_HPRC_sites	ALL	all	old_full	20	17.088395574323535	17.04657006819792	17.127953457193733	20	0	0
SAS	frozen_HPRC_sites	ALL	all	old_hprc	20	0.04193304866828562	-0.04468924964428106	0.1374576218445528	10	0	10
SAS	frozen_HPRC_sites	ALL	nonref	hprc	20	0.2145234465062651	-0.08578346914890872	0.521516996642214	11	0	9
SAS	frozen_HPRC_sites	ALL	nonref	old_full	20	13.172157971068387	12.551346292280973	13.831722764010738	20	0	0
SAS	frozen_HPRC_sites	ALL	nonref	old_hprc	20	0.21824216280540432	-0.08104791222147689	0.5272134858766757	12	0	8
SAS	frozen_HPRC_sites	SNV	all	hprc	20	0.02030004031415844	-0.04082582609784585	0.09216253344885156	9	0	11
SAS	frozen_HPRC_sites	SNV	all	old_full	20	17.35053023133468	17.315845263569432	17.384572781025028	20	0	0
SAS	frozen_HPRC_sites	SNV	all	old_hprc	20	0.02201553667874334	-0.03886598979549183	0.09226483541552752	9	0	11
SAS	frozen_HPRC_sites	SNV	nonref	hprc	20	0.12592312062109645	-0.11073947546722446	0.36324338584942717	11	0	9
SAS	frozen_HPRC_sites	SNV	nonref	old_full	20	13.434639904058576	12.817334265684908	14.089534100402236	20	0	0
SAS	frozen_HPRC_sites	SNV	nonref	old_hprc	20	0.12971028214353586	-0.10284197533759726	0.3575063640159581	11	0	9
SAS	frozen_HPRC_sites	SV_length_site	all	hprc	20	0.7790368271954673	-0.14154344288687587	1.6823091907207433	12	0	8
SAS	frozen_HPRC_sites	SV_length_site	all	old_full	20	13.19050991501417	12.74110776853654	13.64766244667911	20	0	0
SAS	frozen_HPRC_sites	SV_length_site	all	old_hprc	20	0.743626062322944	-0.17702248185519354	1.6283257902957229	12	0	8
SAS	frozen_HPRC_sites	SV_length_site	nonref	hprc	20	1.6088328075709812	0.06314875861610725	3.06826704674489	12	2	6
SAS	frozen_HPRC_sites	SV_length_site	nonref	old_full	20	11.892744479495276	10.955917127869139	12.81808592777547	20	0	0
SAS	frozen_HPRC_sites	SV_length_site	nonref	old_hprc	20	1.545741324921135	0.06432472424303198	2.9795287010100564	12	1	7
SAS	frozen_HPRC_sites	small_complex	all	hprc	20	0.1220350635957379	-0.08696255935440766	0.3545583510600042	9	0	11
SAS	frozen_HPRC_sites	small_complex	all	old_full	20	15.903403231350977	15.825654386908143	15.980275228611687	20	0	0
SAS	frozen_HPRC_sites	small_complex	all	old_hprc	20	0.12409762805087876	-0.08460506890750813	0.3532574098651564	9	0	11
SAS	frozen_HPRC_sites	small_complex	nonref	hprc	20	0.4291183568305046	-0.07975907696338518	0.984050249613427	11	0	9
SAS	frozen_HPRC_sites	small_complex	nonref	old_full	20	12.45441184475532	11.755907257768555	13.24240253774028	20	0	0
SAS	frozen_HPRC_sites	small_complex	nonref	old_hprc	20	0.4345617186507722	-0.06466974382274032	0.9765179858229196	13	1	6
SAS	frozen_HPRC_sites	truth_SV_length	all	hprc	20	2.059202059202059	0.45900136343628994	3.5578204341142903	14	1	5
SAS	frozen_HPRC_sites	truth_SV_length	all	old_full	20	7.91505791505791	6.862729808080435	9.042553191489356	20	0	0
SAS	frozen_HPRC_sites	truth_SV_length	all	old_hprc	20	1.8661518661518661	0.2638348840438756	3.348403807157634	14	1	5
SAS	frozen_HPRC_sites	truth_SV_length	nonref	hprc	20	2.059202059202059	0.45543266102797686	3.5067035787776533	14	1	5
SAS	frozen_HPRC_sites	truth_SV_length	nonref	old_full	20	7.91505791505791	6.858956564337032	9.030587328106918	20	0	0
SAS	frozen_HPRC_sites	truth_SV_length	nonref	old_hprc	20	1.8661518661518661	0.26177582446179876	3.3650793650793602	14	1	5
SAS	frozen_threeway_SNV	ALL	all	hprc	20	0.023321913865714805	-0.006053391715694634	0.05753910880736011	11	1	8
SAS	frozen_threeway_SNV	ALL	all	linear	20	0.18667455311243142	0.13033107731138138	0.24185949094252338	18	0	2
SAS	frozen_threeway_SNV	ALL	all	old_full	20	0.0016871171732657508	-0.00595314075289316	0.009432087337563897	10	0	10
SAS	frozen_threeway_SNV	ALL	all	old_hprc	20	0.023421156052383374	-0.005553077149084429	0.057209003647918644	11	0	9
SAS	frozen_threeway_SNV	ALL	nonref	hprc	20	0.09394964299135333	-0.020646485641993003	0.22290356712156703	13	0	7
SAS	frozen_threeway_SNV	ALL	nonref	linear	20	0.7052777850606873	0.47760701633034336	0.9262834203050441	17	0	3
SAS	frozen_threeway_SNV	ALL	nonref	old_full	20	0.017042028263547504	-0.0121355974113313	0.04630290391892499	11	2	7
SAS	frozen_threeway_SNV	ALL	nonref	old_hprc	20	0.09176476757295493	-0.023570647605049566	0.2189867914558377	13	0	7
SAS	frozen_threeway_SNV	SNV	all	hprc	20	0.023321913865714805	-0.006046483633853628	0.05732465523826585	11	1	8
SAS	frozen_threeway_SNV	SNV	all	linear	20	0.18667455311243142	0.1292433315980132	0.2417449392076318	18	0	2
SAS	frozen_threeway_SNV	SNV	all	old_full	20	0.0016871171732657508	-0.005859642591210523	0.009712468863533606	10	0	10
SAS	frozen_threeway_SNV	SNV	all	old_hprc	20	0.023421156052383374	-0.006049398748109169	0.056496322483672035	11	0	9
SAS	frozen_threeway_SNV	SNV	nonref	hprc	20	0.09394964299135333	-0.02084321626744656	0.22401298290282698	13	0	7
SAS	frozen_threeway_SNV	SNV	nonref	linear	20	0.7052777850606873	0.4746651586282813	0.9231347477493882	17	0	3
SAS	frozen_threeway_SNV	SNV	nonref	old_full	20	0.017042028263547504	-0.012722530205430403	0.04693485771446154	11	2	7
SAS	frozen_threeway_SNV	SNV	nonref	old_hprc	20	0.09176476757295493	-0.020762276458009536	0.22220728843692414	13	0	7
SAS	shared_new_sites	ALL	all	hprc	20	0.04000527128280584	-0.04652200725222627	0.13676432688038917	9	1	10
SAS	shared_new_sites	ALL	all	old_full	20	17.290160585865433	17.249091481857462	17.330009396004254	20	0	0
SAS	shared_new_sites	ALL	all	old_hprc	20	0.2859788583907563	0.20119640390750398	0.37903130779061817	20	0	0
SAS	shared_new_sites	ALL	nonref	hprc	20	0.21351949757932864	-0.08819110139596659	0.5254572411540014	11	0	9
SAS	shared_new_sites	ALL	nonref	old_full	20	13.281609008666106	12.653456670528822	13.950334187202214	20	0	0
SAS	shared_new_sites	ALL	nonref	old_hprc	20	0.3462729243351781	0.0509255552496496	0.6544438360050228	14	0	6
SAS	shared_new_sites	SNV	all	hprc	20	0.020397683507833442	-0.04129138773159735	0.08870245617249083	9	0	11
SAS	shared_new_sites	SNV	all	old_full	20	17.533520668701684	17.49912131247062	17.567770143077272	20	0	0
SAS	shared_new_sites	SNV	all	old_hprc	20	0.24341711123156973	0.18156459391062585	0.3133042058845081	20	0	0
SAS	shared_new_sites	SNV	nonref	hprc	20	0.12643540443564305	-0.10493073623209254	0.3736038651819759	11	0	9
SAS	shared_new_sites	SNV	nonref	old_full	20	13.515030363415082	12.901358912944898	14.167075383369625	20	0	0
SAS	shared_new_sites	SNV	nonref	old_hprc	20	0.22260198386924168	-0.01150103518148121	0.4604861417071279	12	0	8
SAS	shared_new_sites	SV_length_site	all	hprc	20	0.7660167130919215	-0.15660412663433765	1.6376377958014512	12	0	8
SAS	shared_new_sites	SV_length_site	all	old_full	20	14.101671309192199	13.654548617150809	14.56665506439262	20	0	0
SAS	shared_new_sites	SV_length_site	all	old_hprc	20	1.8628133704735372	1.0095735422106178	2.699407871821658	15	1	4
SAS	shared_new_sites	SV_length_site	nonref	hprc	20	1.578458681522743	0.06294704054273265	3.0330358501090267	12	2	6
SAS	shared_new_sites	SV_length_site	nonref	old_full	20	12.596719281956048	11.632138664167234	13.566257475605914	20	0	0
SAS	shared_new_sites	SV_length_site	nonref	old_hprc	20	2.445063447848961	0.9996641966988318	3.8773684071029533	14	1	5
SAS	shared_new_sites	small_complex	all	hprc	20	0.11989914768834042	-0.08597886366613959	0.3590330911305556	9	0	11
SAS	shared_new_sites	small_complex	all	old_full	20	16.183986954972728	16.108168538290155	16.260330355494617	20	0	0
SAS	shared_new_sites	small_complex	all	old_hprc	20	0.45938502014305493	0.25476946626283	0.6834599773419697	17	0	3
SAS	shared_new_sites	small_complex	nonref	hprc	20	0.4235869122505287	-0.08154111555837812	0.9811052966902368	11	0	9
SAS	shared_new_sites	small_complex	nonref	old_full	20	12.631578947368427	11.93175905874295	13.422268240118061	20	0	0
SAS	shared_new_sites	small_complex	nonref	old_hprc	20	0.6399058695750526	0.1410120862996675	1.1768702303683192	16	0	4
SAS	shared_new_sites	truth_SV_length	all	hprc	20	1.9657577679137561	0.3170226760310802	3.477743587022844	14	1	5
SAS	shared_new_sites	truth_SV_length	all	old_full	20	8.053265694356371	6.917810353260618	9.261719734055951	20	0	0
SAS	shared_new_sites	truth_SV_length	all	old_hprc	20	2.0925808497146425	0.5154307900246561	3.5470466951883584	14	1	5
SAS	shared_new_sites	truth_SV_length	nonref	hprc	20	1.9657577679137561	0.2661255561965731	3.4978138663335434	14	1	5
SAS	shared_new_sites	truth_SV_length	nonref	old_full	20	8.053265694356371	6.9006402274701575	9.29326759280505	20	0	0
SAS	shared_new_sites	truth_SV_length	nonref	old_hprc	20	2.0925808497146425	0.5171215773130942	3.562344942748101	14	1	5
