donor	gene	two_field_correct	called	allele_matches	copy_count	truth1	truth2	predicted1	predicted2	disjoint_truth_four_field_labels	all_read_correct	hprc_truth_haplotypes_represented	hprc_asian_truth_haplotypes_represented
HG02132	B	1	1	1	2	B*15:11:01:01	B*55:02:01:04	HLA-B*15:11:01:01	HLA-B*55:02:01:03	1	0	0	2
HG02178	B	0	0	1	2	B*46:01:01:01	B*52:01:01:01	HLA-B*46:01:01:01	HLA-B*52:95	1	0	1	2
NA18608	DQA1	1	1	1	2	DQA1*01:04:01:02	DQA1*01:04:01:02	HLA-DQA1*01:04:01:02	HLA-DQA1*01:04:01:01	0	0	2	2
NA20905	A	1	1	1	2	A*32:01:01:09	A*11:01:01:01	HLA-A*11:01:01:01	HLA-A*32:01:01:01	1	0	1	1
HG02027	DQA1	1	1	1	2	DQA1*06:01:01:02	DQA1*06:01:01:02	HLA-DQA1*06:01:01:02	HLA-DQA1*06:01:01:01	0	0	2	2
HG02391	DRB1	1	1	1	2	DRB1*16:02:01:05	DRB1*15:01:01:03	HLA-DRB1*15:01:01:02	HLA-DRB1*16:02:01:05	1	0	1	1
HG02602	C	1	1	1	2	C*05:01:01:03	C*07:01:01:16	HLA-C*07:01:01:16	HLA-C*05:01:01:02	1	0	1	1
NA18570	DQA1	1	1	1	2	DQA1*05:05:01:02	DQA1*03:01:01:01	HLA-DQA1*03:01:01:01	HLA-DQA1*05:05:01:32	1	0	2	2
NA21144	DPB1	1	1	1	2	DPB1*09:01:01:01	DPB1*04:01:01:01	HLA-DPB1*09:01:01:01	HLA-DPB1*04:01:01:28	1	1	1	2
HG02165	DRB1	0	1	0	2	DRB1*14:54:01:10	DRB1*14:54:01:10	HLA-DRB1*14:54:01:01	HLA-DRB1*14:01:01:01	0	0	0	2
HG02738	DRB1	1	1	1	2	DRB1*03:01:01:03	DRB1*03:01:01:03	HLA-DRB1*03:01:01:03	HLA-DRB1*03:01:01:01	0	0	2	2
HG03688	B	1	1	1	2	B*35:01:01:05	B*52:01:01:01	HLA-B*35:01:01:85	HLA-B*52:01:01:01	1	0	1	2
HG03688	DPA1	1	1	1	2	DPA1*02:07:01:04	DPA1*01:03:01:69	HLA-DPA1*02:07:01:04	HLA-DPA1*01:03:01:14	1	0	0	1
HG03927	B	0	0	1	2	B*52:01:01:01	B*15:08:01:01	HLA-B*15:08:01:01	HLA-B*52:95	1	0	0	1
HG03784	B	1	0	1	2	B*35:01:01:05	B*35:03:01:01	HLA-B*35:03:01:01	HLA-B*35:01:70	1	0	1	2
HG01530	DQA1	1	1	1	2	DQA1*01:01:01:01	DQA1*02:01:01:01	HLA-DQA1*01:01:01:03	HLA-DQA1*02:01:01:01	1	0	2	2
NA20806	DPB1	1	1	1	2	DPB1*04:01:01:01	DPB1*04:01:01:01	HLA-DPB1*04:01:01:01	HLA-DPB1*04:01:01:04	0	0	2	2
NA20806	DRB1	1	1	0	2	DRB1*15:01:01:02	DRB1*15:01:01:02	HLA-DRB1*15:01:01:01	HLA-DRB1*15:01:01:03	0	0	0	2
NA20503	DQA1	1	1	0	2	DQA1*01:01:01:01	DQA1*05:05:01:02	HLA-DQA1*05:05:01:01,HLA-DQA1*05:05:01:02,HLA-DQA1*05:05:01:04,HLA-DQA1*05:05:01:09	HLA-DQA1*01:01:01:03	1	0	2	2
HG00128	DQA1	1	1	1	2	DQA1*01:01:01:01	DQA1*05:05:01:15	HLA-DQA1*05:05:01:03,HLA-DQA1*05:05:01:05	HLA-DQA1*01:01:01:01	1	0	2	2
HG00272	DQA1	1	1	1	2	DQA1*01:03:01:02	DQA1*05:01:01:02	HLA-DQA1*05:01:01:02,HLA-DQA1*05:01:01:15	HLA-DQA1*01:03:01:02	1	0	2	2
NA20805	DPB1	1	1	0	2	DPB1*02:01:02:01	DPB1*04:01:01:01	HLA-DPB1*04:01:01:10	HLA-DPB1*02:01:02:34	1	0	2	2
NA20805	DQA1	1	1	1	2	DQA1*05:01:01:01	DQA1*05:05:01:01	HLA-DQA1*05:01:01:01	HLA-DQA1*05:05:01:01,HLA-DQA1*05:05:01:02,HLA-DQA1*05:05:01:04,HLA-DQA1*05:05:01:09	1	0	2	2
HG00320	DQA1	0	0	1	2	DQA1*04:01:01:03	DQA1*04:01:01:03	HLA-DQA1*04:01:01:03	HLA-DQA1*04:19	0	0	2	2
HG00140	DPB1	1	1	1	2	DPB1*04:02:01:02	DPB1*04:01:01:01	HLA-DPB1*04:01:01:01	HLA-DPB1*04:02:01:12	1	0	2	2
HG00140	DQA1	1	1	1	2	DQA1*01:01:01:01	DQA1*05:01:01:02	HLA-DQA1*05:01:01:02,HLA-DQA1*05:01:01:15	HLA-DQA1*01:01:01:01	1	0	2	2
NA20762	DQA1	1	1	1	2	DQA1*01:01:01:01	DQA1*01:04:01:02	HLA-DQA1*01:01:01:03	HLA-DQA1*01:04:01:02	1	0	2	2
HG03516	DQA1	1	1	1	2	DQA1*01:02:01:03	DQA1*01:03:01:10	HLA-DQA1*01:02:01:03	HLA-DQA1*01:03:01:02	1	0	1	2
NA19185	DQA1	1	1	0	2	DQA1*01:03:01:10	DQA1*04:01:01:05	HLA-DQA1*01:03:01:02	HLA-DQA1*04:01:01:03	1	0	1	2
NA20282	DQA1	1	1	0	2	DQA1*05:05:01:37	DQA1*04:01:01:05	HLA-DQA1*05:05:01:31,HLA-DQA1*05:05:01:33,HLA-DQA1*05:05:01:34,HLA-DQA1*05:05:01:37	HLA-DQA1*04:01:01:11	1	0	1	1
NA19468	B	0	0	1	2	B*81:01:01:01	B*81:01:01:01	HLA-B*81:01:01:01	HLA-B*81:13	0	0	0	2
HG03453	DPA1	1	0	0	2	DPA1*02:01:07:01	DPA1*02:01:08:03	HLA-DPA1*02:01:01:01	HLA-DPA1*02:01:23	1	0	1	2
HG03369	DQA1	1	1	1	2	DQA1*01:02:01:04	DQA1*01:03:01:10	HLA-DQA1*01:02:01:04	HLA-DQA1*01:03:01:02	1	0	1	2
NA19159	DQA1	1	1	1	2	DQA1*01:03:01:10	DQA1*02:01:01:01	HLA-DQA1*02:01:01:01	HLA-DQA1*01:03:01:02	1	0	1	2
HG02145	DQA1	1	1	1	2	DQA1*01:02:01:03	DQA1*01:03:01:10	HLA-DQA1*01:02:01:03	HLA-DQA1*01:03:01:02	1	0	1	2
NA19909	DQA1	1	1	1	2	DQA1*04:01:01:05	DQA1*04:01:01:05	HLA-DQA1*04:01:01:03	HLA-DQA1*04:01:01:05	0	0	2	2
NA19909	DQB1	1	1	1	2	DQB1*04:02:01:08	DQB1*04:02:01:08	HLA-DQB1*04:02:01:08	HLA-DQB1*04:02:01:04	0	0	2	2
HG02976	DQA1	1	1	1	2	DQA1*01:02:01:02	DQA1*01:02:01:03	HLA-DQA1*01:02:01:02	HLA-DQA1*01:02:01:36	1	0	2	2
