donor	method	gene	truth	level	called	correct	allele_matches	truth1	truth2
HG00706	native/F-native	A	A	two_field	1	1	2	02:01	11:01
HG00706	native/F-native	A	A	g_group	1	1	2	02:01:01G	11:01:01G
HG00706	native/F-native	A	A	three_field	1	1	2	A*02:01:01	A*11:01:01
HG00706	native/F-native	B	A	two_field	1	1	2	13:01	27:04
HG00706	native/F-native	B	A	g_group	1	1	2	13:01:01G	27:04:01G
HG00706	native/F-native	B	A	three_field	1	1	2	B*13:01:01	B*27:04:01
HG00706	native/F-native	C	A	two_field	1	1	2	03:04	08:01
HG00706	native/F-native	C	A	g_group	1	1	2	03:04:01G	08:01:01G
HG00706	native/F-native	C	A	three_field	1	1	2	C*03:04:01	C*08:01:01
HG00706	native/F-native	DPA1	A	two_field	1	1	2	02:02	02:01
HG00706	native/F-native	DPA1	A	g_group	1	1	2	02:02:02G	02:01:01G
HG00706	native/F-native	DPA1	A	three_field	1	1	2	DPA1*02:02:02	DPA1*02:01:01
HG00706	native/F-native	DPB1	A	two_field	1	0	0	02:02	14:01
HG00706	native/F-native	DPB1	A	g_group	1	0	0	02:02:01G	14:01:01G
HG00706	native/F-native	DPB1	A	three_field	1	0	0	DPB1*02:02:01	DPB1*14:01:01
HG00706	native/F-native	DQA1	A	two_field	1	1	2	01:02	01:02
HG00706	native/F-native	DQA1	A	g_group	1	1	2	01:02:01G	01:02:01G
HG00706	native/F-native	DQA1	A	three_field	1	1	2	DQA1*01:02:01	DQA1*01:02:01
HG00706	native/F-native	DQB1	A	two_field	1	1	2	06:01	06:02
HG00706	native/F-native	DQB1	A	g_group	1	1	2	06:01:01G	06:02:01G
HG00706	native/F-native	DQB1	A	three_field	1	1	2	DQB1*06:01:01	DQB1*06:02:01
HG00706	native/F-native	DRB1	A	two_field	1	1	2	15:01	15:01
HG00706	native/F-native	DRB1	A	g_group	1	1	2	15:01:01G	15:01:01G
HG00706	native/F-native	DRB1	A	three_field	1	1	2	DRB1*15:01:01	DRB1*15:01:01
HG00706	native/F-native-G	A	A	two_field	1	1	2	02:01	11:01
HG00706	native/F-native-G	A	A	g_group	1	1	2	02:01:01G	11:01:01G
HG00706	native/F-native-G	A	A	three_field	1	1	2	A*02:01:01	A*11:01:01
HG00706	native/F-native-G	B	A	two_field	1	1	2	13:01	27:04
HG00706	native/F-native-G	B	A	g_group	1	1	2	13:01:01G	27:04:01G
HG00706	native/F-native-G	B	A	three_field	1	1	2	B*13:01:01	B*27:04:01
HG00706	native/F-native-G	C	A	two_field	1	1	2	03:04	08:01
HG00706	native/F-native-G	C	A	g_group	1	1	2	03:04:01G	08:01:01G
HG00706	native/F-native-G	C	A	three_field	1	1	2	C*03:04:01	C*08:01:01
HG00706	native/F-native-G	DPA1	A	two_field	1	1	2	02:02	02:01
HG00706	native/F-native-G	DPA1	A	g_group	1	1	2	02:02:02G	02:01:01G
HG00706	native/F-native-G	DPA1	A	three_field	1	1	2	DPA1*02:02:02	DPA1*02:01:01
HG00706	native/F-native-G	DPB1	A	two_field	1	1	2	02:02	14:01
HG00706	native/F-native-G	DPB1	A	g_group	1	1	2	02:02:01G	14:01:01G
HG00706	native/F-native-G	DPB1	A	three_field	1	1	2	DPB1*02:02:01	DPB1*14:01:01
HG00706	native/F-native-G	DQA1	A	two_field	1	1	2	01:02	01:02
HG00706	native/F-native-G	DQA1	A	g_group	1	1	2	01:02:01G	01:02:01G
HG00706	native/F-native-G	DQA1	A	three_field	1	1	2	DQA1*01:02:01	DQA1*01:02:01
HG00706	native/F-native-G	DQB1	A	two_field	1	1	2	06:01	06:02
HG00706	native/F-native-G	DQB1	A	g_group	1	1	2	06:01:01G	06:02:01G
HG00706	native/F-native-G	DQB1	A	three_field	1	1	2	DQB1*06:01:01	DQB1*06:02:01
HG00706	native/F-native-G	DRB1	A	two_field	1	1	2	15:01	15:01
HG00706	native/F-native-G	DRB1	A	g_group	1	1	2	15:01:01G	15:01:01G
HG00706	native/F-native-G	DRB1	A	three_field	1	1	2	DRB1*15:01:01	DRB1*15:01:01
HG00706	native/F-pg	A	A	two_field	1	1	2	02:01	11:01
HG00706	native/F-pg	A	A	g_group	1	1	2	02:01:01G	11:01:01G
HG00706	native/F-pg	A	A	three_field	1	1	2	A*02:01:01	A*11:01:01
HG00706	native/F-pg	B	A	two_field	1	1	2	13:01	27:04
HG00706	native/F-pg	B	A	g_group	1	1	2	13:01:01G	27:04:01G
HG00706	native/F-pg	B	A	three_field	1	1	2	B*13:01:01	B*27:04:01
HG00706	native/F-pg	C	A	two_field	1	1	2	03:04	08:01
HG00706	native/F-pg	C	A	g_group	1	1	2	03:04:01G	08:01:01G
HG00706	native/F-pg	C	A	three_field	1	1	2	C*03:04:01	C*08:01:01
HG00706	native/F-pg	DPA1	A	two_field	1	1	2	02:02	02:01
HG00706	native/F-pg	DPA1	A	g_group	1	1	2	02:02:02G	02:01:01G
HG00706	native/F-pg	DPA1	A	three_field	1	1	2	DPA1*02:02:02	DPA1*02:01:01
HG00706	native/F-pg	DPB1	A	two_field	1	0	0	02:02	14:01
HG00706	native/F-pg	DPB1	A	g_group	1	0	1	02:02:01G	14:01:01G
HG00706	native/F-pg	DPB1	A	three_field	0	0	0	DPB1*02:02:01	DPB1*14:01:01
HG00706	native/F-pg	DQA1	A	two_field	1	1	2	01:02	01:02
HG00706	native/F-pg	DQA1	A	g_group	1	1	2	01:02:01G	01:02:01G
HG00706	native/F-pg	DQA1	A	three_field	1	1	2	DQA1*01:02:01	DQA1*01:02:01
HG00706	native/F-pg	DQB1	A	two_field	1	1	2	06:01	06:02
HG00706	native/F-pg	DQB1	A	g_group	1	1	2	06:01:01G	06:02:01G
HG00706	native/F-pg	DQB1	A	three_field	1	1	2	DQB1*06:01:01	DQB1*06:02:01
HG00706	native/F-pg	DRB1	A	two_field	1	0	0	15:01	15:01
HG00706	native/F-pg	DRB1	A	g_group	1	0	0	15:01:01G	15:01:01G
HG00706	native/F-pg	DRB1	A	three_field	1	0	0	DRB1*15:01:01	DRB1*15:01:01
HG00706	A/F-native	A	A	two_field	1	1	2	02:01	11:01
HG00706	A/F-native	A	A	g_group	1	1	2	02:01:01G	11:01:01G
HG00706	A/F-native	A	A	three_field	1	1	2	A*02:01:01	A*11:01:01
HG00706	A/F-native	B	A	two_field	1	1	2	13:01	27:04
HG00706	A/F-native	B	A	g_group	1	1	2	13:01:01G	27:04:01G
HG00706	A/F-native	B	A	three_field	1	1	2	B*13:01:01	B*27:04:01
HG00706	A/F-native	C	A	two_field	1	1	2	03:04	08:01
HG00706	A/F-native	C	A	g_group	1	1	2	03:04:01G	08:01:01G
HG00706	A/F-native	C	A	three_field	1	1	2	C*03:04:01	C*08:01:01
HG00706	A/F-native	DPA1	A	two_field	1	1	2	02:02	02:01
HG00706	A/F-native	DPA1	A	g_group	1	1	2	02:02:02G	02:01:01G
HG00706	A/F-native	DPA1	A	three_field	1	1	2	DPA1*02:02:02	DPA1*02:01:01
HG00706	A/F-native	DPB1	A	two_field	1	0	0	02:02	14:01
HG00706	A/F-native	DPB1	A	g_group	1	0	0	02:02:01G	14:01:01G
HG00706	A/F-native	DPB1	A	three_field	1	0	0	DPB1*02:02:01	DPB1*14:01:01
HG00706	A/F-native	DQA1	A	two_field	1	1	2	01:02	01:02
HG00706	A/F-native	DQA1	A	g_group	1	1	2	01:02:01G	01:02:01G
HG00706	A/F-native	DQA1	A	three_field	1	1	2	DQA1*01:02:01	DQA1*01:02:01
HG00706	A/F-native	DQB1	A	two_field	1	1	2	06:01	06:02
HG00706	A/F-native	DQB1	A	g_group	1	1	2	06:01:01G	06:02:01G
HG00706	A/F-native	DQB1	A	three_field	1	1	2	DQB1*06:01:01	DQB1*06:02:01
HG00706	A/F-native	DRB1	A	two_field	1	1	2	15:01	15:01
HG00706	A/F-native	DRB1	A	g_group	1	1	2	15:01:01G	15:01:01G
HG00706	A/F-native	DRB1	A	three_field	1	1	2	DRB1*15:01:01	DRB1*15:01:01
HG00706	A/F-native-G	A	A	two_field	1	1	2	02:01	11:01
HG00706	A/F-native-G	A	A	g_group	1	1	2	02:01:01G	11:01:01G
HG00706	A/F-native-G	A	A	three_field	1	1	2	A*02:01:01	A*11:01:01
HG00706	A/F-native-G	B	A	two_field	1	1	2	13:01	27:04
HG00706	A/F-native-G	B	A	g_group	1	1	2	13:01:01G	27:04:01G
HG00706	A/F-native-G	B	A	three_field	1	1	2	B*13:01:01	B*27:04:01
HG00706	A/F-native-G	C	A	two_field	1	1	2	03:04	08:01
HG00706	A/F-native-G	C	A	g_group	1	1	2	03:04:01G	08:01:01G
HG00706	A/F-native-G	C	A	three_field	1	1	2	C*03:04:01	C*08:01:01
HG00706	A/F-native-G	DPA1	A	two_field	1	1	2	02:02	02:01
HG00706	A/F-native-G	DPA1	A	g_group	1	1	2	02:02:02G	02:01:01G
HG00706	A/F-native-G	DPA1	A	three_field	1	1	2	DPA1*02:02:02	DPA1*02:01:01
HG00706	A/F-native-G	DPB1	A	two_field	1	1	2	02:02	14:01
HG00706	A/F-native-G	DPB1	A	g_group	1	1	2	02:02:01G	14:01:01G
HG00706	A/F-native-G	DPB1	A	three_field	1	1	2	DPB1*02:02:01	DPB1*14:01:01
HG00706	A/F-native-G	DQA1	A	two_field	1	1	2	01:02	01:02
HG00706	A/F-native-G	DQA1	A	g_group	1	1	2	01:02:01G	01:02:01G
HG00706	A/F-native-G	DQA1	A	three_field	1	1	2	DQA1*01:02:01	DQA1*01:02:01
HG00706	A/F-native-G	DQB1	A	two_field	1	1	2	06:01	06:02
HG00706	A/F-native-G	DQB1	A	g_group	1	1	2	06:01:01G	06:02:01G
HG00706	A/F-native-G	DQB1	A	three_field	1	1	2	DQB1*06:01:01	DQB1*06:02:01
HG00706	A/F-native-G	DRB1	A	two_field	1	1	2	15:01	15:01
HG00706	A/F-native-G	DRB1	A	g_group	1	1	2	15:01:01G	15:01:01G
HG00706	A/F-native-G	DRB1	A	three_field	1	1	2	DRB1*15:01:01	DRB1*15:01:01
HG00706	A/F-pg	A	A	two_field	1	1	2	02:01	11:01
HG00706	A/F-pg	A	A	g_group	1	1	2	02:01:01G	11:01:01G
HG00706	A/F-pg	A	A	three_field	1	1	2	A*02:01:01	A*11:01:01
HG00706	A/F-pg	B	A	two_field	1	1	2	13:01	27:04
HG00706	A/F-pg	B	A	g_group	1	1	2	13:01:01G	27:04:01G
HG00706	A/F-pg	B	A	three_field	1	1	2	B*13:01:01	B*27:04:01
HG00706	A/F-pg	C	A	two_field	1	1	2	03:04	08:01
HG00706	A/F-pg	C	A	g_group	1	1	2	03:04:01G	08:01:01G
HG00706	A/F-pg	C	A	three_field	1	1	2	C*03:04:01	C*08:01:01
HG00706	A/F-pg	DPA1	A	two_field	1	1	2	02:02	02:01
HG00706	A/F-pg	DPA1	A	g_group	1	1	2	02:02:02G	02:01:01G
HG00706	A/F-pg	DPA1	A	three_field	1	1	2	DPA1*02:02:02	DPA1*02:01:01
HG00706	A/F-pg	DPB1	A	two_field	1	0	0	02:02	14:01
HG00706	A/F-pg	DPB1	A	g_group	1	0	1	02:02:01G	14:01:01G
HG00706	A/F-pg	DPB1	A	three_field	0	0	0	DPB1*02:02:01	DPB1*14:01:01
HG00706	A/F-pg	DQA1	A	two_field	1	1	2	01:02	01:02
HG00706	A/F-pg	DQA1	A	g_group	1	1	2	01:02:01G	01:02:01G
HG00706	A/F-pg	DQA1	A	three_field	1	1	2	DQA1*01:02:01	DQA1*01:02:01
HG00706	A/F-pg	DQB1	A	two_field	1	1	2	06:01	06:02
HG00706	A/F-pg	DQB1	A	g_group	1	1	2	06:01:01G	06:02:01G
HG00706	A/F-pg	DQB1	A	three_field	1	1	2	DQB1*06:01:01	DQB1*06:02:01
HG00706	A/F-pg	DRB1	A	two_field	1	0	0	15:01	15:01
HG00706	A/F-pg	DRB1	A	g_group	1	0	0	15:01:01G	15:01:01G
HG00706	A/F-pg	DRB1	A	three_field	0	0	0	DRB1*15:01:01	DRB1*15:01:01
HG02155	native/F-native	A	A	two_field	1	1	2	11:01	02:01
HG02155	native/F-native	A	A	g_group	1	1	2	11:01:01G	02:01:01G
HG02155	native/F-native	A	A	three_field	1	1	2	A*11:01:01	A*02:01:01
HG02155	native/F-native	B	A	two_field	1	1	2	13:01	40:02
HG02155	native/F-native	B	A	g_group	1	1	2	13:01:01G	40:02:01G
HG02155	native/F-native	B	A	three_field	1	1	2	B*13:01:01	B*40:02:01
HG02155	native/F-native	C	A	two_field	1	1	2	03:04	15:02
HG02155	native/F-native	C	A	g_group	1	1	2	03:04:01G	15:02:01G
HG02155	native/F-native	C	A	three_field	1	1	2	C*03:04:01	C*15:02:01
HG02155	native/F-native	DPA1	A	two_field	1	1	2	02:02	02:02
HG02155	native/F-native	DPA1	A	g_group	1	1	2	02:02:02G	02:02:02G
HG02155	native/F-native	DPA1	A	three_field	1	1	2	DPA1*02:02:02	DPA1*02:02:02
HG02155	native/F-native	DPB1	A	two_field	1	1	2	05:01	13:01
HG02155	native/F-native	DPB1	A	g_group	1	1	2	05:01:01G	13:01:01G
HG02155	native/F-native	DPB1	A	three_field	1	1	2	DPB1*05:01:01	DPB1*13:01:01
HG02155	native/F-native	DQA1	A	two_field	1	1	2	01:02	01:02
HG02155	native/F-native	DQA1	A	g_group	1	1	2	01:02:01G	01:02:01G
HG02155	native/F-native	DQA1	A	three_field	1	1	2	DQA1*01:02:01	DQA1*01:02:01
HG02155	native/F-native	DQB1	A	two_field	1	1	2	06:01	06:01
HG02155	native/F-native	DQB1	A	g_group	1	1	2	06:01:01G	06:01:01G
HG02155	native/F-native	DQB1	A	three_field	1	1	2	DQB1*06:01:01	DQB1*06:01:01
HG02155	native/F-native	DRB1	A	two_field	1	1	2	15:01	15:01
HG02155	native/F-native	DRB1	A	g_group	1	1	2	15:01:01G	15:01:01G
HG02155	native/F-native	DRB1	A	three_field	1	1	2	DRB1*15:01:01	DRB1*15:01:01
HG02155	native/F-native-G	A	A	two_field	1	1	2	11:01	02:01
HG02155	native/F-native-G	A	A	g_group	1	1	2	11:01:01G	02:01:01G
HG02155	native/F-native-G	A	A	three_field	1	1	2	A*11:01:01	A*02:01:01
HG02155	native/F-native-G	B	A	two_field	1	1	2	13:01	40:02
HG02155	native/F-native-G	B	A	g_group	1	1	2	13:01:01G	40:02:01G
HG02155	native/F-native-G	B	A	three_field	1	1	2	B*13:01:01	B*40:02:01
HG02155	native/F-native-G	C	A	two_field	1	1	2	03:04	15:02
HG02155	native/F-native-G	C	A	g_group	1	1	2	03:04:01G	15:02:01G
HG02155	native/F-native-G	C	A	three_field	1	1	2	C*03:04:01	C*15:02:01
HG02155	native/F-native-G	DPA1	A	two_field	1	1	2	02:02	02:02
HG02155	native/F-native-G	DPA1	A	g_group	1	1	2	02:02:02G	02:02:02G
HG02155	native/F-native-G	DPA1	A	three_field	1	1	2	DPA1*02:02:02	DPA1*02:02:02
HG02155	native/F-native-G	DPB1	A	two_field	1	1	2	05:01	13:01
HG02155	native/F-native-G	DPB1	A	g_group	1	1	2	05:01:01G	13:01:01G
HG02155	native/F-native-G	DPB1	A	three_field	1	1	2	DPB1*05:01:01	DPB1*13:01:01
HG02155	native/F-native-G	DQA1	A	two_field	1	1	2	01:02	01:02
HG02155	native/F-native-G	DQA1	A	g_group	1	1	2	01:02:01G	01:02:01G
HG02155	native/F-native-G	DQA1	A	three_field	1	1	2	DQA1*01:02:01	DQA1*01:02:01
HG02155	native/F-native-G	DQB1	A	two_field	1	1	2	06:01	06:01
HG02155	native/F-native-G	DQB1	A	g_group	1	1	2	06:01:01G	06:01:01G
HG02155	native/F-native-G	DQB1	A	three_field	1	1	2	DQB1*06:01:01	DQB1*06:01:01
HG02155	native/F-native-G	DRB1	A	two_field	1	1	2	15:01	15:01
HG02155	native/F-native-G	DRB1	A	g_group	1	1	2	15:01:01G	15:01:01G
HG02155	native/F-native-G	DRB1	A	three_field	1	1	2	DRB1*15:01:01	DRB1*15:01:01
HG02155	native/F-pg	A	A	two_field	1	1	2	11:01	02:01
HG02155	native/F-pg	A	A	g_group	1	1	2	11:01:01G	02:01:01G
HG02155	native/F-pg	A	A	three_field	1	1	2	A*11:01:01	A*02:01:01
HG02155	native/F-pg	B	A	two_field	1	1	2	13:01	40:02
HG02155	native/F-pg	B	A	g_group	1	1	2	13:01:01G	40:02:01G
HG02155	native/F-pg	B	A	three_field	1	1	2	B*13:01:01	B*40:02:01
HG02155	native/F-pg	C	A	two_field	1	1	2	03:04	15:02
HG02155	native/F-pg	C	A	g_group	1	1	2	03:04:01G	15:02:01G
HG02155	native/F-pg	C	A	three_field	1	1	2	C*03:04:01	C*15:02:01
HG02155	native/F-pg	DPA1	A	two_field	1	1	2	02:02	02:02
HG02155	native/F-pg	DPA1	A	g_group	1	1	2	02:02:02G	02:02:02G
HG02155	native/F-pg	DPA1	A	three_field	1	1	2	DPA1*02:02:02	DPA1*02:02:02
HG02155	native/F-pg	DPB1	A	two_field	1	1	2	05:01	13:01
HG02155	native/F-pg	DPB1	A	g_group	1	1	2	05:01:01G	13:01:01G
HG02155	native/F-pg	DPB1	A	three_field	1	1	2	DPB1*05:01:01	DPB1*13:01:01
HG02155	native/F-pg	DQA1	A	two_field	1	1	2	01:02	01:02
HG02155	native/F-pg	DQA1	A	g_group	1	1	2	01:02:01G	01:02:01G
HG02155	native/F-pg	DQA1	A	three_field	1	1	2	DQA1*01:02:01	DQA1*01:02:01
HG02155	native/F-pg	DQB1	A	two_field	1	1	2	06:01	06:01
HG02155	native/F-pg	DQB1	A	g_group	1	1	2	06:01:01G	06:01:01G
HG02155	native/F-pg	DQB1	A	three_field	1	1	2	DQB1*06:01:01	DQB1*06:01:01
HG02155	native/F-pg	DRB1	A	two_field	1	0	0	15:01	15:01
HG02155	native/F-pg	DRB1	A	g_group	1	0	0	15:01:01G	15:01:01G
HG02155	native/F-pg	DRB1	A	three_field	1	0	0	DRB1*15:01:01	DRB1*15:01:01
HG02155	A/F-native	A	A	two_field	1	1	2	11:01	02:01
HG02155	A/F-native	A	A	g_group	1	1	2	11:01:01G	02:01:01G
HG02155	A/F-native	A	A	three_field	1	1	2	A*11:01:01	A*02:01:01
HG02155	A/F-native	B	A	two_field	1	1	2	13:01	40:02
HG02155	A/F-native	B	A	g_group	1	1	2	13:01:01G	40:02:01G
HG02155	A/F-native	B	A	three_field	1	1	2	B*13:01:01	B*40:02:01
HG02155	A/F-native	C	A	two_field	1	1	2	03:04	15:02
HG02155	A/F-native	C	A	g_group	1	1	2	03:04:01G	15:02:01G
HG02155	A/F-native	C	A	three_field	1	1	2	C*03:04:01	C*15:02:01
HG02155	A/F-native	DPA1	A	two_field	1	1	2	02:02	02:02
HG02155	A/F-native	DPA1	A	g_group	1	1	2	02:02:02G	02:02:02G
HG02155	A/F-native	DPA1	A	three_field	1	1	2	DPA1*02:02:02	DPA1*02:02:02
HG02155	A/F-native	DPB1	A	two_field	1	1	2	05:01	13:01
HG02155	A/F-native	DPB1	A	g_group	1	1	2	05:01:01G	13:01:01G
HG02155	A/F-native	DPB1	A	three_field	1	1	2	DPB1*05:01:01	DPB1*13:01:01
HG02155	A/F-native	DQA1	A	two_field	1	1	2	01:02	01:02
HG02155	A/F-native	DQA1	A	g_group	1	1	2	01:02:01G	01:02:01G
HG02155	A/F-native	DQA1	A	three_field	1	1	2	DQA1*01:02:01	DQA1*01:02:01
HG02155	A/F-native	DQB1	A	two_field	1	1	2	06:01	06:01
HG02155	A/F-native	DQB1	A	g_group	1	1	2	06:01:01G	06:01:01G
HG02155	A/F-native	DQB1	A	three_field	1	1	2	DQB1*06:01:01	DQB1*06:01:01
HG02155	A/F-native	DRB1	A	two_field	1	1	2	15:01	15:01
HG02155	A/F-native	DRB1	A	g_group	1	1	2	15:01:01G	15:01:01G
HG02155	A/F-native	DRB1	A	three_field	1	1	2	DRB1*15:01:01	DRB1*15:01:01
HG02155	A/F-native-G	A	A	two_field	1	1	2	11:01	02:01
HG02155	A/F-native-G	A	A	g_group	1	1	2	11:01:01G	02:01:01G
HG02155	A/F-native-G	A	A	three_field	1	1	2	A*11:01:01	A*02:01:01
HG02155	A/F-native-G	B	A	two_field	1	1	2	13:01	40:02
HG02155	A/F-native-G	B	A	g_group	1	1	2	13:01:01G	40:02:01G
HG02155	A/F-native-G	B	A	three_field	1	1	2	B*13:01:01	B*40:02:01
HG02155	A/F-native-G	C	A	two_field	1	1	2	03:04	15:02
HG02155	A/F-native-G	C	A	g_group	1	1	2	03:04:01G	15:02:01G
HG02155	A/F-native-G	C	A	three_field	1	1	2	C*03:04:01	C*15:02:01
HG02155	A/F-native-G	DPA1	A	two_field	1	1	2	02:02	02:02
HG02155	A/F-native-G	DPA1	A	g_group	1	1	2	02:02:02G	02:02:02G
HG02155	A/F-native-G	DPA1	A	three_field	1	1	2	DPA1*02:02:02	DPA1*02:02:02
HG02155	A/F-native-G	DPB1	A	two_field	1	1	2	05:01	13:01
HG02155	A/F-native-G	DPB1	A	g_group	1	1	2	05:01:01G	13:01:01G
HG02155	A/F-native-G	DPB1	A	three_field	1	1	2	DPB1*05:01:01	DPB1*13:01:01
HG02155	A/F-native-G	DQA1	A	two_field	1	1	2	01:02	01:02
HG02155	A/F-native-G	DQA1	A	g_group	1	1	2	01:02:01G	01:02:01G
HG02155	A/F-native-G	DQA1	A	three_field	1	1	2	DQA1*01:02:01	DQA1*01:02:01
HG02155	A/F-native-G	DQB1	A	two_field	1	1	2	06:01	06:01
HG02155	A/F-native-G	DQB1	A	g_group	1	1	2	06:01:01G	06:01:01G
HG02155	A/F-native-G	DQB1	A	three_field	1	1	2	DQB1*06:01:01	DQB1*06:01:01
HG02155	A/F-native-G	DRB1	A	two_field	1	1	2	15:01	15:01
HG02155	A/F-native-G	DRB1	A	g_group	1	1	2	15:01:01G	15:01:01G
HG02155	A/F-native-G	DRB1	A	three_field	1	1	2	DRB1*15:01:01	DRB1*15:01:01
HG02155	A/F-pg	A	A	two_field	1	1	2	11:01	02:01
HG02155	A/F-pg	A	A	g_group	1	1	2	11:01:01G	02:01:01G
HG02155	A/F-pg	A	A	three_field	1	1	2	A*11:01:01	A*02:01:01
HG02155	A/F-pg	B	A	two_field	1	1	2	13:01	40:02
HG02155	A/F-pg	B	A	g_group	1	1	2	13:01:01G	40:02:01G
HG02155	A/F-pg	B	A	three_field	1	1	2	B*13:01:01	B*40:02:01
HG02155	A/F-pg	C	A	two_field	1	1	2	03:04	15:02
HG02155	A/F-pg	C	A	g_group	1	1	2	03:04:01G	15:02:01G
HG02155	A/F-pg	C	A	three_field	1	1	2	C*03:04:01	C*15:02:01
HG02155	A/F-pg	DPA1	A	two_field	1	1	2	02:02	02:02
HG02155	A/F-pg	DPA1	A	g_group	1	1	2	02:02:02G	02:02:02G
HG02155	A/F-pg	DPA1	A	three_field	1	1	2	DPA1*02:02:02	DPA1*02:02:02
HG02155	A/F-pg	DPB1	A	two_field	1	1	2	05:01	13:01
HG02155	A/F-pg	DPB1	A	g_group	1	1	2	05:01:01G	13:01:01G
HG02155	A/F-pg	DPB1	A	three_field	1	1	2	DPB1*05:01:01	DPB1*13:01:01
HG02155	A/F-pg	DQA1	A	two_field	1	1	2	01:02	01:02
HG02155	A/F-pg	DQA1	A	g_group	1	1	2	01:02:01G	01:02:01G
HG02155	A/F-pg	DQA1	A	three_field	1	1	2	DQA1*01:02:01	DQA1*01:02:01
HG02155	A/F-pg	DQB1	A	two_field	1	1	2	06:01	06:01
HG02155	A/F-pg	DQB1	A	g_group	1	1	2	06:01:01G	06:01:01G
HG02155	A/F-pg	DQB1	A	three_field	1	1	2	DQB1*06:01:01	DQB1*06:01:01
HG02155	A/F-pg	DRB1	A	two_field	1	0	0	15:01	15:01
HG02155	A/F-pg	DRB1	A	g_group	1	0	0	15:01:01G	15:01:01G
HG02155	A/F-pg	DRB1	A	three_field	0	0	0	DRB1*15:01:01	DRB1*15:01:01
HG03239	native/F-native	A	A	two_field	1	1	2	24:07	26:01
HG03239	native/F-native	A	A	g_group	1	1	2	24:07:01G	26:01:01G
HG03239	native/F-native	A	A	three_field	1	1	2	A*24:07:01	A*26:01:01
HG03239	native/F-native	B	A	two_field	1	1	2	52:01	44:03
HG03239	native/F-native	B	A	g_group	1	0	1	52:01:01G	44:03:02G
HG03239	native/F-native	B	A	three_field	1	0	1	B*52:01:01	B*44:03:02
HG03239	native/F-native	C	A	two_field	1	1	2	12:02	07:06
HG03239	native/F-native	C	A	g_group	1	1	2	12:02:01G	07:01:01G
HG03239	native/F-native	C	A	three_field	1	1	2	C*12:02:02	C*07:06:01
HG03239	native/F-native	DPA1	A	two_field	1	1	2	01:03	02:01
HG03239	native/F-native	DPA1	A	g_group	1	0	1	01:03:14	02:01:01G
HG03239	native/F-native	DPA1	A	three_field	1	0	1	DPA1*01:03:14	DPA1*02:01:01
HG03239	native/F-native	DPB1	A	two_field	1	1	2	04:02	13:01
HG03239	native/F-native	DPB1	A	g_group	1	1	2	04:02:01G	13:01:01G
HG03239	native/F-native	DPB1	A	three_field	1	1	2	DPB1*04:02:01	DPB1*13:01:01
HG03239	native/F-native	DQA1	A	two_field	1	1	2	03:01	02:01
HG03239	native/F-native	DQA1	A	g_group	1	1	2	03:01:01G	02:01:01G
HG03239	native/F-native	DQA1	A	three_field	1	1	2	DQA1*03:01:01	DQA1*02:01:01
HG03239	native/F-native	DQB1	A	two_field	1	1	2	03:02	02:02
HG03239	native/F-native	DQB1	A	g_group	1	1	2	03:02:01G	02:01:01G
HG03239	native/F-native	DQB1	A	three_field	1	1	2	DQB1*03:02:01	DQB1*02:02:01
HG03239	native/F-native	DRB1	A	two_field	1	1	2	04:03	07:01
HG03239	native/F-native	DRB1	A	g_group	1	1	2	04:03:01G	07:01:01G
HG03239	native/F-native	DRB1	A	three_field	1	1	2	DRB1*04:03:01	DRB1*07:01:01
HG03239	native/F-native-G	A	A	two_field	1	1	2	24:07	26:01
HG03239	native/F-native-G	A	A	g_group	1	1	2	24:07:01G	26:01:01G
HG03239	native/F-native-G	A	A	three_field	1	1	2	A*24:07:01	A*26:01:01
HG03239	native/F-native-G	B	A	two_field	1	1	2	52:01	44:03
HG03239	native/F-native-G	B	A	g_group	1	1	2	52:01:01G	44:03:02G
HG03239	native/F-native-G	B	A	three_field	1	1	2	B*52:01:01	B*44:03:02
HG03239	native/F-native-G	C	A	two_field	1	0	1	12:02	07:06
HG03239	native/F-native-G	C	A	g_group	1	1	2	12:02:01G	07:01:01G
HG03239	native/F-native-G	C	A	three_field	1	0	0	C*12:02:02	C*07:06:01
HG03239	native/F-native-G	DPA1	A	two_field	1	1	2	01:03	02:01
HG03239	native/F-native-G	DPA1	A	g_group	1	1	2	01:03:14	02:01:01G
HG03239	native/F-native-G	DPA1	A	three_field	1	1	2	DPA1*01:03:14	DPA1*02:01:01
HG03239	native/F-native-G	DPB1	A	two_field	1	1	2	04:02	13:01
HG03239	native/F-native-G	DPB1	A	g_group	1	1	2	04:02:01G	13:01:01G
HG03239	native/F-native-G	DPB1	A	three_field	1	1	2	DPB1*04:02:01	DPB1*13:01:01
HG03239	native/F-native-G	DQA1	A	two_field	1	1	2	03:01	02:01
HG03239	native/F-native-G	DQA1	A	g_group	1	1	2	03:01:01G	02:01:01G
HG03239	native/F-native-G	DQA1	A	three_field	1	1	2	DQA1*03:01:01	DQA1*02:01:01
HG03239	native/F-native-G	DQB1	A	two_field	1	0	1	03:02	02:02
HG03239	native/F-native-G	DQB1	A	g_group	1	1	2	03:02:01G	02:01:01G
HG03239	native/F-native-G	DQB1	A	three_field	1	0	1	DQB1*03:02:01	DQB1*02:02:01
HG03239	native/F-native-G	DRB1	A	two_field	1	1	2	04:03	07:01
HG03239	native/F-native-G	DRB1	A	g_group	1	1	2	04:03:01G	07:01:01G
HG03239	native/F-native-G	DRB1	A	three_field	1	1	2	DRB1*04:03:01	DRB1*07:01:01
HG03239	native/F-pg	A	A	two_field	1	1	2	24:07	26:01
HG03239	native/F-pg	A	A	g_group	1	1	2	24:07:01G	26:01:01G
HG03239	native/F-pg	A	A	three_field	1	1	2	A*24:07:01	A*26:01:01
HG03239	native/F-pg	B	A	two_field	1	1	2	52:01	44:03
HG03239	native/F-pg	B	A	g_group	1	1	2	52:01:01G	44:03:02G
HG03239	native/F-pg	B	A	three_field	1	1	2	B*52:01:01	B*44:03:02
HG03239	native/F-pg	C	A	two_field	1	1	2	12:02	07:06
HG03239	native/F-pg	C	A	g_group	1	1	2	12:02:01G	07:01:01G
HG03239	native/F-pg	C	A	three_field	1	1	2	C*12:02:02	C*07:06:01
HG03239	native/F-pg	DPA1	A	two_field	1	1	2	01:03	02:01
HG03239	native/F-pg	DPA1	A	g_group	1	0	1	01:03:14	02:01:01G
HG03239	native/F-pg	DPA1	A	three_field	1	0	1	DPA1*01:03:14	DPA1*02:01:01
HG03239	native/F-pg	DPB1	A	two_field	1	1	2	04:02	13:01
HG03239	native/F-pg	DPB1	A	g_group	1	1	2	04:02:01G	13:01:01G
HG03239	native/F-pg	DPB1	A	three_field	1	1	2	DPB1*04:02:01	DPB1*13:01:01
HG03239	native/F-pg	DQA1	A	two_field	1	1	2	03:01	02:01
HG03239	native/F-pg	DQA1	A	g_group	1	1	2	03:01:01G	02:01:01G
HG03239	native/F-pg	DQA1	A	three_field	1	1	2	DQA1*03:01:01	DQA1*02:01:01
HG03239	native/F-pg	DQB1	A	two_field	1	1	2	03:02	02:02
HG03239	native/F-pg	DQB1	A	g_group	1	1	2	03:02:01G	02:01:01G
HG03239	native/F-pg	DQB1	A	three_field	1	1	2	DQB1*03:02:01	DQB1*02:02:01
HG03239	native/F-pg	DRB1	A	two_field	1	1	2	04:03	07:01
HG03239	native/F-pg	DRB1	A	g_group	1	1	2	04:03:01G	07:01:01G
HG03239	native/F-pg	DRB1	A	three_field	1	1	2	DRB1*04:03:01	DRB1*07:01:01
HG03239	A/F-native	A	A	two_field	1	1	2	24:07	26:01
HG03239	A/F-native	A	A	g_group	1	1	2	24:07:01G	26:01:01G
HG03239	A/F-native	A	A	three_field	1	1	2	A*24:07:01	A*26:01:01
HG03239	A/F-native	B	A	two_field	1	1	2	52:01	44:03
HG03239	A/F-native	B	A	g_group	1	0	1	52:01:01G	44:03:02G
HG03239	A/F-native	B	A	three_field	1	0	1	B*52:01:01	B*44:03:02
HG03239	A/F-native	C	A	two_field	1	1	2	12:02	07:06
HG03239	A/F-native	C	A	g_group	1	1	2	12:02:01G	07:01:01G
HG03239	A/F-native	C	A	three_field	1	1	2	C*12:02:02	C*07:06:01
HG03239	A/F-native	DPA1	A	two_field	1	1	2	01:03	02:01
HG03239	A/F-native	DPA1	A	g_group	1	0	1	01:03:14	02:01:01G
HG03239	A/F-native	DPA1	A	three_field	1	0	1	DPA1*01:03:14	DPA1*02:01:01
HG03239	A/F-native	DPB1	A	two_field	1	1	2	04:02	13:01
HG03239	A/F-native	DPB1	A	g_group	1	1	2	04:02:01G	13:01:01G
HG03239	A/F-native	DPB1	A	three_field	1	1	2	DPB1*04:02:01	DPB1*13:01:01
HG03239	A/F-native	DQA1	A	two_field	1	1	2	03:01	02:01
HG03239	A/F-native	DQA1	A	g_group	1	1	2	03:01:01G	02:01:01G
HG03239	A/F-native	DQA1	A	three_field	1	1	2	DQA1*03:01:01	DQA1*02:01:01
HG03239	A/F-native	DQB1	A	two_field	1	1	2	03:02	02:02
HG03239	A/F-native	DQB1	A	g_group	1	1	2	03:02:01G	02:01:01G
HG03239	A/F-native	DQB1	A	three_field	1	1	2	DQB1*03:02:01	DQB1*02:02:01
HG03239	A/F-native	DRB1	A	two_field	1	1	2	04:03	07:01
HG03239	A/F-native	DRB1	A	g_group	1	1	2	04:03:01G	07:01:01G
HG03239	A/F-native	DRB1	A	three_field	1	1	2	DRB1*04:03:01	DRB1*07:01:01
HG03239	A/F-native-G	A	A	two_field	1	1	2	24:07	26:01
HG03239	A/F-native-G	A	A	g_group	1	1	2	24:07:01G	26:01:01G
HG03239	A/F-native-G	A	A	three_field	1	1	2	A*24:07:01	A*26:01:01
HG03239	A/F-native-G	B	A	two_field	1	1	2	52:01	44:03
HG03239	A/F-native-G	B	A	g_group	1	1	2	52:01:01G	44:03:02G
HG03239	A/F-native-G	B	A	three_field	1	1	2	B*52:01:01	B*44:03:02
HG03239	A/F-native-G	C	A	two_field	1	0	1	12:02	07:06
HG03239	A/F-native-G	C	A	g_group	1	1	2	12:02:01G	07:01:01G
HG03239	A/F-native-G	C	A	three_field	1	0	0	C*12:02:02	C*07:06:01
HG03239	A/F-native-G	DPA1	A	two_field	1	1	2	01:03	02:01
HG03239	A/F-native-G	DPA1	A	g_group	1	1	2	01:03:14	02:01:01G
HG03239	A/F-native-G	DPA1	A	three_field	1	1	2	DPA1*01:03:14	DPA1*02:01:01
HG03239	A/F-native-G	DPB1	A	two_field	1	1	2	04:02	13:01
HG03239	A/F-native-G	DPB1	A	g_group	1	1	2	04:02:01G	13:01:01G
HG03239	A/F-native-G	DPB1	A	three_field	1	1	2	DPB1*04:02:01	DPB1*13:01:01
HG03239	A/F-native-G	DQA1	A	two_field	1	1	2	03:01	02:01
HG03239	A/F-native-G	DQA1	A	g_group	1	1	2	03:01:01G	02:01:01G
HG03239	A/F-native-G	DQA1	A	three_field	1	1	2	DQA1*03:01:01	DQA1*02:01:01
HG03239	A/F-native-G	DQB1	A	two_field	1	0	1	03:02	02:02
HG03239	A/F-native-G	DQB1	A	g_group	1	1	2	03:02:01G	02:01:01G
HG03239	A/F-native-G	DQB1	A	three_field	1	0	1	DQB1*03:02:01	DQB1*02:02:01
HG03239	A/F-native-G	DRB1	A	two_field	1	1	2	04:03	07:01
HG03239	A/F-native-G	DRB1	A	g_group	1	1	2	04:03:01G	07:01:01G
HG03239	A/F-native-G	DRB1	A	three_field	1	1	2	DRB1*04:03:01	DRB1*07:01:01
HG03239	A/F-pg	A	A	two_field	1	1	2	24:07	26:01
HG03239	A/F-pg	A	A	g_group	1	1	2	24:07:01G	26:01:01G
HG03239	A/F-pg	A	A	three_field	1	1	2	A*24:07:01	A*26:01:01
HG03239	A/F-pg	B	A	two_field	1	1	2	52:01	44:03
HG03239	A/F-pg	B	A	g_group	1	1	2	52:01:01G	44:03:02G
HG03239	A/F-pg	B	A	three_field	1	1	2	B*52:01:01	B*44:03:02
HG03239	A/F-pg	C	A	two_field	1	1	2	12:02	07:06
HG03239	A/F-pg	C	A	g_group	1	1	2	12:02:01G	07:01:01G
HG03239	A/F-pg	C	A	three_field	1	1	2	C*12:02:02	C*07:06:01
HG03239	A/F-pg	DPA1	A	two_field	1	1	2	01:03	02:01
HG03239	A/F-pg	DPA1	A	g_group	1	0	1	01:03:14	02:01:01G
HG03239	A/F-pg	DPA1	A	three_field	1	0	1	DPA1*01:03:14	DPA1*02:01:01
HG03239	A/F-pg	DPB1	A	two_field	1	1	2	04:02	13:01
HG03239	A/F-pg	DPB1	A	g_group	1	1	2	04:02:01G	13:01:01G
HG03239	A/F-pg	DPB1	A	three_field	1	1	2	DPB1*04:02:01	DPB1*13:01:01
HG03239	A/F-pg	DQA1	A	two_field	1	1	2	03:01	02:01
HG03239	A/F-pg	DQA1	A	g_group	1	1	2	03:01:01G	02:01:01G
HG03239	A/F-pg	DQA1	A	three_field	1	1	2	DQA1*03:01:01	DQA1*02:01:01
HG03239	A/F-pg	DQB1	A	two_field	1	1	2	03:02	02:02
HG03239	A/F-pg	DQB1	A	g_group	1	1	2	03:02:01G	02:01:01G
HG03239	A/F-pg	DQB1	A	three_field	1	1	2	DQB1*03:02:01	DQB1*02:02:01
HG03239	A/F-pg	DRB1	A	two_field	1	1	2	04:03	07:01
HG03239	A/F-pg	DRB1	A	g_group	1	1	2	04:03:01G	07:01:01G
HG03239	A/F-pg	DRB1	A	three_field	1	1	2	DRB1*04:03:01	DRB1*07:01:01
HG03742	native/F-native	A	A	two_field	1	1	2	02:01	01:01
HG03742	native/F-native	A	A	g_group	1	1	2	02:01:01G	01:01:01G
HG03742	native/F-native	A	A	three_field	1	1	2	A*02:01:01	A*01:01:01
HG03742	native/F-native	B	A	two_field	1	1	2	52:01	37:01
HG03742	native/F-native	B	A	g_group	1	1	2	52:01:01G	37:01:01G
HG03742	native/F-native	B	A	three_field	1	1	2	B*52:01:01	B*37:01:01
HG03742	native/F-native	C	A	two_field	1	1	2	12:02	06:02
HG03742	native/F-native	C	A	g_group	1	1	2	12:02:01G	06:02:01G
HG03742	native/F-native	C	A	three_field	1	1	2	C*12:02:02	C*06:02:01
HG03742	native/F-native	DPA1	A	two_field	1	0	1	01:04	01:03
HG03742	native/F-native	DPA1	A	g_group	1	0	1	01:04:01G	01:03:01G
HG03742	native/F-native	DPA1	A	three_field	1	0	1	DPA1*01:04:01	DPA1*01:03:01
HG03742	native/F-native	DPB1	A	two_field	1	1	2	15:01	02:01
HG03742	native/F-native	DPB1	A	g_group	1	1	2	15:01:01G	02:01:02G
HG03742	native/F-native	DPB1	A	three_field	1	1	2	DPB1*15:01:01	DPB1*02:01:02
HG03742	native/F-native	DQA1	A	two_field	1	1	2	03:01	01:05
HG03742	native/F-native	DQA1	A	g_group	1	1	2	03:01:01G	01:01:01G
HG03742	native/F-native	DQA1	A	three_field	1	1	2	DQA1*03:01:01	DQA1*01:05:01
HG03742	native/F-native	DQB1	A	two_field	1	1	2	03:02	05:01
HG03742	native/F-native	DQB1	A	g_group	1	1	2	03:02:01G	05:01:01G
HG03742	native/F-native	DQB1	A	three_field	1	1	2	DQB1*03:02:01	DQB1*05:01:01
HG03742	native/F-native	DRB1	A	two_field	1	1	2	04:03	10:01
HG03742	native/F-native	DRB1	A	g_group	1	1	2	04:03:01G	10:01:01G
HG03742	native/F-native	DRB1	A	three_field	1	1	2	DRB1*04:03:01	DRB1*10:01:01
HG03742	native/F-native-G	A	A	two_field	1	1	2	02:01	01:01
HG03742	native/F-native-G	A	A	g_group	1	1	2	02:01:01G	01:01:01G
HG03742	native/F-native-G	A	A	three_field	1	1	2	A*02:01:01	A*01:01:01
HG03742	native/F-native-G	B	A	two_field	1	1	2	52:01	37:01
HG03742	native/F-native-G	B	A	g_group	1	1	2	52:01:01G	37:01:01G
HG03742	native/F-native-G	B	A	three_field	1	1	2	B*52:01:01	B*37:01:01
HG03742	native/F-native-G	C	A	two_field	1	1	2	12:02	06:02
HG03742	native/F-native-G	C	A	g_group	1	1	2	12:02:01G	06:02:01G
HG03742	native/F-native-G	C	A	three_field	1	0	1	C*12:02:02	C*06:02:01
HG03742	native/F-native-G	DPA1	A	two_field	1	1	2	01:04	01:03
HG03742	native/F-native-G	DPA1	A	g_group	1	1	2	01:04:01G	01:03:01G
HG03742	native/F-native-G	DPA1	A	three_field	1	1	2	DPA1*01:04:01	DPA1*01:03:01
HG03742	native/F-native-G	DPB1	A	two_field	1	1	2	15:01	02:01
HG03742	native/F-native-G	DPB1	A	g_group	1	1	2	15:01:01G	02:01:02G
HG03742	native/F-native-G	DPB1	A	three_field	1	1	2	DPB1*15:01:01	DPB1*02:01:02
HG03742	native/F-native-G	DQA1	A	two_field	1	0	1	03:01	01:05
HG03742	native/F-native-G	DQA1	A	g_group	1	1	2	03:01:01G	01:01:01G
HG03742	native/F-native-G	DQA1	A	three_field	1	0	1	DQA1*03:01:01	DQA1*01:05:01
HG03742	native/F-native-G	DQB1	A	two_field	1	1	2	03:02	05:01
HG03742	native/F-native-G	DQB1	A	g_group	1	1	2	03:02:01G	05:01:01G
HG03742	native/F-native-G	DQB1	A	three_field	1	1	2	DQB1*03:02:01	DQB1*05:01:01
HG03742	native/F-native-G	DRB1	A	two_field	1	1	2	04:03	10:01
HG03742	native/F-native-G	DRB1	A	g_group	1	1	2	04:03:01G	10:01:01G
HG03742	native/F-native-G	DRB1	A	three_field	1	1	2	DRB1*04:03:01	DRB1*10:01:01
HG03742	native/F-pg	A	A	two_field	1	1	2	02:01	01:01
HG03742	native/F-pg	A	A	g_group	1	1	2	02:01:01G	01:01:01G
HG03742	native/F-pg	A	A	three_field	1	1	2	A*02:01:01	A*01:01:01
HG03742	native/F-pg	B	A	two_field	1	1	2	52:01	37:01
HG03742	native/F-pg	B	A	g_group	1	1	2	52:01:01G	37:01:01G
HG03742	native/F-pg	B	A	three_field	1	1	2	B*52:01:01	B*37:01:01
HG03742	native/F-pg	C	A	two_field	1	1	2	12:02	06:02
HG03742	native/F-pg	C	A	g_group	1	1	2	12:02:01G	06:02:01G
HG03742	native/F-pg	C	A	three_field	1	1	2	C*12:02:02	C*06:02:01
HG03742	native/F-pg	DPA1	A	two_field	1	1	2	01:04	01:03
HG03742	native/F-pg	DPA1	A	g_group	1	1	2	01:04:01G	01:03:01G
HG03742	native/F-pg	DPA1	A	three_field	1	1	2	DPA1*01:04:01	DPA1*01:03:01
HG03742	native/F-pg	DPB1	A	two_field	1	1	2	15:01	02:01
HG03742	native/F-pg	DPB1	A	g_group	1	1	2	15:01:01G	02:01:02G
HG03742	native/F-pg	DPB1	A	three_field	1	1	2	DPB1*15:01:01	DPB1*02:01:02
HG03742	native/F-pg	DQA1	A	two_field	1	1	2	03:01	01:05
HG03742	native/F-pg	DQA1	A	g_group	1	1	2	03:01:01G	01:01:01G
HG03742	native/F-pg	DQA1	A	three_field	1	1	2	DQA1*03:01:01	DQA1*01:05:01
HG03742	native/F-pg	DQB1	A	two_field	1	1	2	03:02	05:01
HG03742	native/F-pg	DQB1	A	g_group	1	1	2	03:02:01G	05:01:01G
HG03742	native/F-pg	DQB1	A	three_field	1	1	2	DQB1*03:02:01	DQB1*05:01:01
HG03742	native/F-pg	DRB1	A	two_field	1	1	2	04:03	10:01
HG03742	native/F-pg	DRB1	A	g_group	1	1	2	04:03:01G	10:01:01G
HG03742	native/F-pg	DRB1	A	three_field	1	1	2	DRB1*04:03:01	DRB1*10:01:01
HG03742	A/F-native	A	A	two_field	1	1	2	02:01	01:01
HG03742	A/F-native	A	A	g_group	1	1	2	02:01:01G	01:01:01G
HG03742	A/F-native	A	A	three_field	1	1	2	A*02:01:01	A*01:01:01
HG03742	A/F-native	B	A	two_field	1	1	2	52:01	37:01
HG03742	A/F-native	B	A	g_group	1	1	2	52:01:01G	37:01:01G
HG03742	A/F-native	B	A	three_field	1	1	2	B*52:01:01	B*37:01:01
HG03742	A/F-native	C	A	two_field	1	1	2	12:02	06:02
HG03742	A/F-native	C	A	g_group	1	1	2	12:02:01G	06:02:01G
HG03742	A/F-native	C	A	three_field	1	1	2	C*12:02:02	C*06:02:01
HG03742	A/F-native	DPA1	A	two_field	1	0	1	01:04	01:03
HG03742	A/F-native	DPA1	A	g_group	1	0	1	01:04:01G	01:03:01G
HG03742	A/F-native	DPA1	A	three_field	1	0	1	DPA1*01:04:01	DPA1*01:03:01
HG03742	A/F-native	DPB1	A	two_field	1	1	2	15:01	02:01
HG03742	A/F-native	DPB1	A	g_group	1	1	2	15:01:01G	02:01:02G
HG03742	A/F-native	DPB1	A	three_field	1	1	2	DPB1*15:01:01	DPB1*02:01:02
HG03742	A/F-native	DQA1	A	two_field	1	1	2	03:01	01:05
HG03742	A/F-native	DQA1	A	g_group	1	1	2	03:01:01G	01:01:01G
HG03742	A/F-native	DQA1	A	three_field	1	1	2	DQA1*03:01:01	DQA1*01:05:01
HG03742	A/F-native	DQB1	A	two_field	1	1	2	03:02	05:01
HG03742	A/F-native	DQB1	A	g_group	1	1	2	03:02:01G	05:01:01G
HG03742	A/F-native	DQB1	A	three_field	1	1	2	DQB1*03:02:01	DQB1*05:01:01
HG03742	A/F-native	DRB1	A	two_field	1	1	2	04:03	10:01
HG03742	A/F-native	DRB1	A	g_group	1	1	2	04:03:01G	10:01:01G
HG03742	A/F-native	DRB1	A	three_field	1	1	2	DRB1*04:03:01	DRB1*10:01:01
HG03742	A/F-native-G	A	A	two_field	1	1	2	02:01	01:01
HG03742	A/F-native-G	A	A	g_group	1	1	2	02:01:01G	01:01:01G
HG03742	A/F-native-G	A	A	three_field	1	1	2	A*02:01:01	A*01:01:01
HG03742	A/F-native-G	B	A	two_field	1	1	2	52:01	37:01
HG03742	A/F-native-G	B	A	g_group	1	1	2	52:01:01G	37:01:01G
HG03742	A/F-native-G	B	A	three_field	1	1	2	B*52:01:01	B*37:01:01
HG03742	A/F-native-G	C	A	two_field	1	1	2	12:02	06:02
HG03742	A/F-native-G	C	A	g_group	1	1	2	12:02:01G	06:02:01G
HG03742	A/F-native-G	C	A	three_field	1	0	1	C*12:02:02	C*06:02:01
HG03742	A/F-native-G	DPA1	A	two_field	1	1	2	01:04	01:03
HG03742	A/F-native-G	DPA1	A	g_group	1	1	2	01:04:01G	01:03:01G
HG03742	A/F-native-G	DPA1	A	three_field	1	1	2	DPA1*01:04:01	DPA1*01:03:01
HG03742	A/F-native-G	DPB1	A	two_field	1	1	2	15:01	02:01
HG03742	A/F-native-G	DPB1	A	g_group	1	1	2	15:01:01G	02:01:02G
HG03742	A/F-native-G	DPB1	A	three_field	1	1	2	DPB1*15:01:01	DPB1*02:01:02
HG03742	A/F-native-G	DQA1	A	two_field	1	0	1	03:01	01:05
HG03742	A/F-native-G	DQA1	A	g_group	1	1	2	03:01:01G	01:01:01G
HG03742	A/F-native-G	DQA1	A	three_field	1	0	1	DQA1*03:01:01	DQA1*01:05:01
HG03742	A/F-native-G	DQB1	A	two_field	1	1	2	03:02	05:01
HG03742	A/F-native-G	DQB1	A	g_group	1	1	2	03:02:01G	05:01:01G
HG03742	A/F-native-G	DQB1	A	three_field	1	1	2	DQB1*03:02:01	DQB1*05:01:01
HG03742	A/F-native-G	DRB1	A	two_field	1	1	2	04:03	10:01
HG03742	A/F-native-G	DRB1	A	g_group	1	1	2	04:03:01G	10:01:01G
HG03742	A/F-native-G	DRB1	A	three_field	1	1	2	DRB1*04:03:01	DRB1*10:01:01
HG03742	A/F-pg	A	A	two_field	1	1	2	02:01	01:01
HG03742	A/F-pg	A	A	g_group	1	1	2	02:01:01G	01:01:01G
HG03742	A/F-pg	A	A	three_field	1	1	2	A*02:01:01	A*01:01:01
HG03742	A/F-pg	B	A	two_field	1	1	2	52:01	37:01
HG03742	A/F-pg	B	A	g_group	1	1	2	52:01:01G	37:01:01G
HG03742	A/F-pg	B	A	three_field	1	1	2	B*52:01:01	B*37:01:01
HG03742	A/F-pg	C	A	two_field	1	1	2	12:02	06:02
HG03742	A/F-pg	C	A	g_group	1	1	2	12:02:01G	06:02:01G
HG03742	A/F-pg	C	A	three_field	1	1	2	C*12:02:02	C*06:02:01
HG03742	A/F-pg	DPA1	A	two_field	1	1	2	01:04	01:03
HG03742	A/F-pg	DPA1	A	g_group	1	1	2	01:04:01G	01:03:01G
HG03742	A/F-pg	DPA1	A	three_field	1	1	2	DPA1*01:04:01	DPA1*01:03:01
HG03742	A/F-pg	DPB1	A	two_field	1	1	2	15:01	02:01
HG03742	A/F-pg	DPB1	A	g_group	1	1	2	15:01:01G	02:01:02G
HG03742	A/F-pg	DPB1	A	three_field	1	1	2	DPB1*15:01:01	DPB1*02:01:02
HG03742	A/F-pg	DQA1	A	two_field	1	1	2	03:01	01:05
HG03742	A/F-pg	DQA1	A	g_group	1	1	2	03:01:01G	01:01:01G
HG03742	A/F-pg	DQA1	A	three_field	1	1	2	DQA1*03:01:01	DQA1*01:05:01
HG03742	A/F-pg	DQB1	A	two_field	1	1	2	03:02	05:01
HG03742	A/F-pg	DQB1	A	g_group	1	1	2	03:02:01G	05:01:01G
HG03742	A/F-pg	DQB1	A	three_field	1	1	2	DQB1*03:02:01	DQB1*05:01:01
HG03742	A/F-pg	DRB1	A	two_field	1	1	2	04:03	10:01
HG03742	A/F-pg	DRB1	A	g_group	1	1	2	04:03:01G	10:01:01G
HG03742	A/F-pg	DRB1	A	three_field	1	1	2	DRB1*04:03:01	DRB1*10:01:01
HG03804	native/F-native	A	A	two_field	1	1	2	01:01	24:02
HG03804	native/F-native	A	A	g_group	1	1	2	01:01:01G	24:02:01G
HG03804	native/F-native	A	A	three_field	1	1	2	A*01:01:01	A*24:02:01
HG03804	native/F-native	B	A	two_field	1	1	2	57:01	57:01
HG03804	native/F-native	B	A	g_group	1	1	2	57:01:01G	57:01:01G
HG03804	native/F-native	B	A	three_field	1	1	2	B*57:01:01	B*57:01:01
HG03804	native/F-native	C	A	two_field	1	1	2	06:02	06:02
HG03804	native/F-native	C	A	g_group	1	1	2	06:02:01G	06:02:01G
HG03804	native/F-native	C	A	three_field	1	1	2	C*06:02:01	C*06:02:01
HG03804	native/F-native	DPA1	A	two_field	1	1	2	01:03	01:03
HG03804	native/F-native	DPA1	A	g_group	1	1	2	01:03:01G	01:03:01G
HG03804	native/F-native	DPA1	A	three_field	1	1	2	DPA1*01:03:01	DPA1*01:03:01
HG03804	native/F-native	DPB1	A	two_field	1	1	2	04:01	104:01
HG03804	native/F-native	DPB1	A	g_group	1	1	2	04:01:01G	03:01:01G
HG03804	native/F-native	DPB1	A	three_field	1	1	2	DPB1*04:01:01	DPB1*104:01:01
HG03804	native/F-native	DQA1	A	two_field	1	1	2	01:03	01:02
HG03804	native/F-native	DQA1	A	g_group	1	1	2	01:03:01G	01:02:01G
HG03804	native/F-native	DQA1	A	three_field	1	1	2	DQA1*01:03:01	DQA1*01:02:01
HG03804	native/F-native	DQB1	A	two_field	1	1	2	06:01	05:02
HG03804	native/F-native	DQB1	A	g_group	1	1	2	06:01:01G	05:02:01G
HG03804	native/F-native	DQB1	A	three_field	1	1	2	DQB1*06:01:01	DQB1*05:02:01
HG03804	native/F-native	DRB1	A	two_field	1	1	2	15:01	15:04
HG03804	native/F-native	DRB1	A	g_group	1	1	2	15:01:01G	15:04:01G
HG03804	native/F-native-G	A	A	two_field	1	1	2	01:01	24:02
HG03804	native/F-native-G	A	A	g_group	1	1	2	01:01:01G	24:02:01G
HG03804	native/F-native-G	A	A	three_field	1	1	2	A*01:01:01	A*24:02:01
HG03804	native/F-native-G	B	A	two_field	1	1	2	57:01	57:01
HG03804	native/F-native-G	B	A	g_group	1	1	2	57:01:01G	57:01:01G
HG03804	native/F-native-G	B	A	three_field	1	1	2	B*57:01:01	B*57:01:01
HG03804	native/F-native-G	C	A	two_field	1	1	2	06:02	06:02
HG03804	native/F-native-G	C	A	g_group	1	1	2	06:02:01G	06:02:01G
HG03804	native/F-native-G	C	A	three_field	1	1	2	C*06:02:01	C*06:02:01
HG03804	native/F-native-G	DPA1	A	two_field	1	1	2	01:03	01:03
HG03804	native/F-native-G	DPA1	A	g_group	1	1	2	01:03:01G	01:03:01G
HG03804	native/F-native-G	DPA1	A	three_field	1	1	2	DPA1*01:03:01	DPA1*01:03:01
HG03804	native/F-native-G	DPB1	A	two_field	1	0	1	04:01	104:01
HG03804	native/F-native-G	DPB1	A	g_group	1	1	2	04:01:01G	03:01:01G
HG03804	native/F-native-G	DPB1	A	three_field	1	0	1	DPB1*04:01:01	DPB1*104:01:01
HG03804	native/F-native-G	DQA1	A	two_field	1	1	2	01:03	01:02
HG03804	native/F-native-G	DQA1	A	g_group	1	1	2	01:03:01G	01:02:01G
HG03804	native/F-native-G	DQA1	A	three_field	1	1	2	DQA1*01:03:01	DQA1*01:02:01
HG03804	native/F-native-G	DQB1	A	two_field	1	1	2	06:01	05:02
HG03804	native/F-native-G	DQB1	A	g_group	1	1	2	06:01:01G	05:02:01G
HG03804	native/F-native-G	DQB1	A	three_field	1	1	2	DQB1*06:01:01	DQB1*05:02:01
HG03804	native/F-native-G	DRB1	A	two_field	1	1	2	15:01	15:04
HG03804	native/F-native-G	DRB1	A	g_group	0	0	1	15:01:01G	15:04:01G
HG03804	native/F-pg	A	A	two_field	1	1	2	01:01	24:02
HG03804	native/F-pg	A	A	g_group	1	1	2	01:01:01G	24:02:01G
HG03804	native/F-pg	A	A	three_field	1	1	2	A*01:01:01	A*24:02:01
HG03804	native/F-pg	B	A	two_field	1	1	2	57:01	57:01
HG03804	native/F-pg	B	A	g_group	1	1	2	57:01:01G	57:01:01G
HG03804	native/F-pg	B	A	three_field	1	1	2	B*57:01:01	B*57:01:01
HG03804	native/F-pg	C	A	two_field	1	1	2	06:02	06:02
HG03804	native/F-pg	C	A	g_group	1	1	2	06:02:01G	06:02:01G
HG03804	native/F-pg	C	A	three_field	1	1	2	C*06:02:01	C*06:02:01
HG03804	native/F-pg	DPA1	A	two_field	1	1	2	01:03	01:03
HG03804	native/F-pg	DPA1	A	g_group	1	1	2	01:03:01G	01:03:01G
HG03804	native/F-pg	DPA1	A	three_field	1	1	2	DPA1*01:03:01	DPA1*01:03:01
HG03804	native/F-pg	DPB1	A	two_field	1	1	2	04:01	104:01
HG03804	native/F-pg	DPB1	A	g_group	1	1	2	04:01:01G	03:01:01G
HG03804	native/F-pg	DPB1	A	three_field	1	1	2	DPB1*04:01:01	DPB1*104:01:01
HG03804	native/F-pg	DQA1	A	two_field	1	1	2	01:03	01:02
HG03804	native/F-pg	DQA1	A	g_group	1	1	2	01:03:01G	01:02:01G
HG03804	native/F-pg	DQA1	A	three_field	1	1	2	DQA1*01:03:01	DQA1*01:02:01
HG03804	native/F-pg	DQB1	A	two_field	1	1	2	06:01	05:02
HG03804	native/F-pg	DQB1	A	g_group	1	1	2	06:01:01G	05:02:01G
HG03804	native/F-pg	DQB1	A	three_field	1	1	2	DQB1*06:01:01	DQB1*05:02:01
HG03804	native/F-pg	DRB1	A	two_field	1	0	0	15:01	15:04
HG03804	native/F-pg	DRB1	A	g_group	1	0	0	15:01:01G	15:04:01G
HG03804	A/F-native	A	A	two_field	1	1	2	01:01	24:02
HG03804	A/F-native	A	A	g_group	1	1	2	01:01:01G	24:02:01G
HG03804	A/F-native	A	A	three_field	1	1	2	A*01:01:01	A*24:02:01
HG03804	A/F-native	B	A	two_field	1	1	2	57:01	57:01
HG03804	A/F-native	B	A	g_group	1	1	2	57:01:01G	57:01:01G
HG03804	A/F-native	B	A	three_field	1	1	2	B*57:01:01	B*57:01:01
HG03804	A/F-native	C	A	two_field	1	1	2	06:02	06:02
HG03804	A/F-native	C	A	g_group	1	1	2	06:02:01G	06:02:01G
HG03804	A/F-native	C	A	three_field	1	1	2	C*06:02:01	C*06:02:01
HG03804	A/F-native	DPA1	A	two_field	1	1	2	01:03	01:03
HG03804	A/F-native	DPA1	A	g_group	1	1	2	01:03:01G	01:03:01G
HG03804	A/F-native	DPA1	A	three_field	1	1	2	DPA1*01:03:01	DPA1*01:03:01
HG03804	A/F-native	DPB1	A	two_field	1	1	2	04:01	104:01
HG03804	A/F-native	DPB1	A	g_group	1	1	2	04:01:01G	03:01:01G
HG03804	A/F-native	DPB1	A	three_field	1	1	2	DPB1*04:01:01	DPB1*104:01:01
HG03804	A/F-native	DQA1	A	two_field	1	1	2	01:03	01:02
HG03804	A/F-native	DQA1	A	g_group	1	1	2	01:03:01G	01:02:01G
HG03804	A/F-native	DQA1	A	three_field	1	1	2	DQA1*01:03:01	DQA1*01:02:01
HG03804	A/F-native	DQB1	A	two_field	1	1	2	06:01	05:02
HG03804	A/F-native	DQB1	A	g_group	1	1	2	06:01:01G	05:02:01G
HG03804	A/F-native	DQB1	A	three_field	1	1	2	DQB1*06:01:01	DQB1*05:02:01
HG03804	A/F-native	DRB1	A	two_field	1	1	2	15:01	15:04
HG03804	A/F-native	DRB1	A	g_group	1	1	2	15:01:01G	15:04:01G
HG03804	A/F-native-G	A	A	two_field	1	1	2	01:01	24:02
HG03804	A/F-native-G	A	A	g_group	1	1	2	01:01:01G	24:02:01G
HG03804	A/F-native-G	A	A	three_field	1	1	2	A*01:01:01	A*24:02:01
HG03804	A/F-native-G	B	A	two_field	1	1	2	57:01	57:01
HG03804	A/F-native-G	B	A	g_group	1	1	2	57:01:01G	57:01:01G
HG03804	A/F-native-G	B	A	three_field	1	1	2	B*57:01:01	B*57:01:01
HG03804	A/F-native-G	C	A	two_field	1	1	2	06:02	06:02
HG03804	A/F-native-G	C	A	g_group	1	1	2	06:02:01G	06:02:01G
HG03804	A/F-native-G	C	A	three_field	1	1	2	C*06:02:01	C*06:02:01
HG03804	A/F-native-G	DPA1	A	two_field	1	1	2	01:03	01:03
HG03804	A/F-native-G	DPA1	A	g_group	1	1	2	01:03:01G	01:03:01G
HG03804	A/F-native-G	DPA1	A	three_field	1	1	2	DPA1*01:03:01	DPA1*01:03:01
HG03804	A/F-native-G	DPB1	A	two_field	1	0	1	04:01	104:01
HG03804	A/F-native-G	DPB1	A	g_group	1	1	2	04:01:01G	03:01:01G
HG03804	A/F-native-G	DPB1	A	three_field	1	0	1	DPB1*04:01:01	DPB1*104:01:01
HG03804	A/F-native-G	DQA1	A	two_field	1	1	2	01:03	01:02
HG03804	A/F-native-G	DQA1	A	g_group	1	1	2	01:03:01G	01:02:01G
HG03804	A/F-native-G	DQA1	A	three_field	1	1	2	DQA1*01:03:01	DQA1*01:02:01
HG03804	A/F-native-G	DQB1	A	two_field	1	1	2	06:01	05:02
HG03804	A/F-native-G	DQB1	A	g_group	1	1	2	06:01:01G	05:02:01G
HG03804	A/F-native-G	DQB1	A	three_field	1	1	2	DQB1*06:01:01	DQB1*05:02:01
HG03804	A/F-native-G	DRB1	A	two_field	1	1	2	15:01	15:04
HG03804	A/F-native-G	DRB1	A	g_group	0	0	1	15:01:01G	15:04:01G
HG03804	A/F-pg	A	A	two_field	1	1	2	01:01	24:02
HG03804	A/F-pg	A	A	g_group	1	1	2	01:01:01G	24:02:01G
HG03804	A/F-pg	A	A	three_field	1	1	2	A*01:01:01	A*24:02:01
HG03804	A/F-pg	B	A	two_field	1	1	2	57:01	57:01
HG03804	A/F-pg	B	A	g_group	1	1	2	57:01:01G	57:01:01G
HG03804	A/F-pg	B	A	three_field	1	1	2	B*57:01:01	B*57:01:01
HG03804	A/F-pg	C	A	two_field	1	1	2	06:02	06:02
HG03804	A/F-pg	C	A	g_group	1	1	2	06:02:01G	06:02:01G
HG03804	A/F-pg	C	A	three_field	1	1	2	C*06:02:01	C*06:02:01
HG03804	A/F-pg	DPA1	A	two_field	1	1	2	01:03	01:03
HG03804	A/F-pg	DPA1	A	g_group	1	1	2	01:03:01G	01:03:01G
HG03804	A/F-pg	DPA1	A	three_field	1	1	2	DPA1*01:03:01	DPA1*01:03:01
HG03804	A/F-pg	DPB1	A	two_field	1	1	2	04:01	104:01
HG03804	A/F-pg	DPB1	A	g_group	1	1	2	04:01:01G	03:01:01G
HG03804	A/F-pg	DPB1	A	three_field	1	1	2	DPB1*04:01:01	DPB1*104:01:01
HG03804	A/F-pg	DQA1	A	two_field	1	1	2	01:03	01:02
HG03804	A/F-pg	DQA1	A	g_group	1	1	2	01:03:01G	01:02:01G
HG03804	A/F-pg	DQA1	A	three_field	1	1	2	DQA1*01:03:01	DQA1*01:02:01
HG03804	A/F-pg	DQB1	A	two_field	1	1	2	06:01	05:02
HG03804	A/F-pg	DQB1	A	g_group	1	1	2	06:01:01G	05:02:01G
HG03804	A/F-pg	DQB1	A	three_field	1	1	2	DQB1*06:01:01	DQB1*05:02:01
HG03804	A/F-pg	DRB1	A	two_field	1	0	0	15:01	15:04
HG03804	A/F-pg	DRB1	A	g_group	1	0	0	15:01:01G	15:04:01G
NA18620	native/F-native	A	A	two_field	1	1	2	32:01	02:01
NA18620	native/F-native	A	B	two_field	1	1	2	02:01	32:01
NA18620	native/F-native	A	A	g_group	1	1	2	32:01:01G	02:01:01G
NA18620	native/F-native	A	B	g_group	1	1	2	02:01:01G/02:01:02G/02:01:03/02:01:04/02:01:05/02:01:06/02:0	32:01:01G
NA18620	native/F-native	A	A	three_field	1	1	2	A*32:01:01	A*02:01:01
NA18620	native/F-native	B	A	two_field	1	1	2	40:01	48:01
NA18620	native/F-native	B	B	two_field	1	1	2	40:01	48:01
NA18620	native/F-native	B	A	g_group	1	0	1	40:01:01G	48:01:01G
NA18620	native/F-native	B	B	g_group	1	1	2	40:01:01G/40:01:03G/40:01:04/40:01:05/40:01:06/40:01:07/40:0	48:01:01G/48:01:02/48:01:04/48:01:08/48:01:09/48:01:10/48:01
NA18620	native/F-native	B	A	three_field	1	0	1	B*40:01:02	B*48:01:01
NA18620	native/F-native	C	B	two_field	1	1	2	04:01	07:02
NA18620	native/F-native	C	B	g_group	1	1	2	04:01:01G/04:01:02/04:01:03/04:01:04/04:01:05/04:01:06/04:01	07:02:01G/07:02:02/07:02:03/07:02:04/07:02:05/07:02:06/07:02
NA18620	native/F-native	DPA1	A	two_field	1	1	2	02:02	01:03
NA18620	native/F-native	DPA1	A	g_group	1	1	2	02:02:02G	01:03:01G
NA18620	native/F-native	DPA1	A	three_field	1	1	2	DPA1*02:02:02	DPA1*01:03:01
NA18620	native/F-native	DPB1	A	two_field	1	1	2	13:01	04:02
NA18620	native/F-native	DPB1	A	g_group	1	1	2	13:01:01G	04:02:01G
NA18620	native/F-native	DPB1	A	three_field	1	1	2	DPB1*13:01:01	DPB1*04:02:01
NA18620	native/F-native	DQA1	A	two_field	1	1	2	06:01	05:05
NA18620	native/F-native	DQA1	A	g_group	1	1	2	06:01:01G	05:01:01G
NA18620	native/F-native	DQA1	A	three_field	1	0	1	DQA1*06:01:01	DQA1*05:05:01
NA18620	native/F-native	DQB1	A	two_field	1	1	2	03:01	03:01
NA18620	native/F-native	DQB1	B	two_field	1	1	2	03:01	03:01
NA18620	native/F-native	DQB1	A	g_group	1	1	2	03:01:01G	03:01:01G
NA18620	native/F-native	DQB1	B	g_group	1	1	2	03:01:01G/03:01:02/03:01:03/03:01:06/03:01:07/03:01:08/03:01	03:01:01G/03:01:02/03:01:03/03:01:06/03:01:07/03:01:08/03:01
NA18620	native/F-native	DQB1	A	three_field	1	1	2	DQB1*03:01:01	DQB1*03:01:01
NA18620	native/F-native	DRB1	A	two_field	1	1	2	12:02	12:01
NA18620	native/F-native	DRB1	B	two_field	1	1	2	12:01	12:02
NA18620	native/F-native	DRB1	A	g_group	1	1	2	12:02:01G	12:01:01G
NA18620	native/F-native	DRB1	B	g_group	1	1	2	12:01:01G/12:01:02/12:01:03/12:01:04/12:01:05/12:01:06/12:01	12:02:01G/12:02:02G/12:02:03/12:02:04/12:02:05/12:02:06/12:0
NA18620	native/F-native	DRB1	A	three_field	1	1	2	DRB1*12:02:01	DRB1*12:01:01
NA18620	native/F-native-G	A	A	two_field	1	1	2	32:01	02:01
NA18620	native/F-native-G	A	B	two_field	1	1	2	02:01	32:01
NA18620	native/F-native-G	A	A	g_group	1	1	2	32:01:01G	02:01:01G
NA18620	native/F-native-G	A	B	g_group	1	1	2	02:01:01G/02:01:02G/02:01:03/02:01:04/02:01:05/02:01:06/02:0	32:01:01G
NA18620	native/F-native-G	A	A	three_field	1	1	2	A*32:01:01	A*02:01:01
NA18620	native/F-native-G	B	A	two_field	1	1	2	40:01	48:01
NA18620	native/F-native-G	B	B	two_field	1	1	2	40:01	48:01
NA18620	native/F-native-G	B	A	g_group	1	1	2	40:01:01G	48:01:01G
NA18620	native/F-native-G	B	B	g_group	1	1	2	40:01:01G/40:01:03G/40:01:04/40:01:05/40:01:06/40:01:07/40:0	48:01:01G/48:01:02/48:01:04/48:01:08/48:01:09/48:01:10/48:01
NA18620	native/F-native-G	B	A	three_field	1	0	1	B*40:01:02	B*48:01:01
NA18620	native/F-native-G	C	B	two_field	1	1	2	04:01	07:02
NA18620	native/F-native-G	C	B	g_group	1	1	2	04:01:01G/04:01:02/04:01:03/04:01:04/04:01:05/04:01:06/04:01	07:02:01G/07:02:02/07:02:03/07:02:04/07:02:05/07:02:06/07:02
NA18620	native/F-native-G	DPA1	A	two_field	1	1	2	02:02	01:03
NA18620	native/F-native-G	DPA1	A	g_group	1	1	2	02:02:02G	01:03:01G
NA18620	native/F-native-G	DPA1	A	three_field	1	1	2	DPA1*02:02:02	DPA1*01:03:01
NA18620	native/F-native-G	DPB1	A	two_field	1	1	2	13:01	04:02
NA18620	native/F-native-G	DPB1	A	g_group	1	1	2	13:01:01G	04:02:01G
NA18620	native/F-native-G	DPB1	A	three_field	1	1	2	DPB1*13:01:01	DPB1*04:02:01
NA18620	native/F-native-G	DQA1	A	two_field	1	0	1	06:01	05:05
NA18620	native/F-native-G	DQA1	A	g_group	1	1	2	06:01:01G	05:01:01G
NA18620	native/F-native-G	DQA1	A	three_field	1	0	1	DQA1*06:01:01	DQA1*05:05:01
NA18620	native/F-native-G	DQB1	A	two_field	1	1	2	03:01	03:01
NA18620	native/F-native-G	DQB1	B	two_field	1	1	2	03:01	03:01
NA18620	native/F-native-G	DQB1	A	g_group	1	1	2	03:01:01G	03:01:01G
NA18620	native/F-native-G	DQB1	B	g_group	1	1	2	03:01:01G/03:01:02/03:01:03/03:01:06/03:01:07/03:01:08/03:01	03:01:01G/03:01:02/03:01:03/03:01:06/03:01:07/03:01:08/03:01
NA18620	native/F-native-G	DQB1	A	three_field	1	1	2	DQB1*03:01:01	DQB1*03:01:01
NA18620	native/F-native-G	DRB1	A	two_field	1	1	2	12:02	12:01
NA18620	native/F-native-G	DRB1	B	two_field	1	1	2	12:01	12:02
NA18620	native/F-native-G	DRB1	A	g_group	1	1	2	12:02:01G	12:01:01G
NA18620	native/F-native-G	DRB1	B	g_group	1	1	2	12:01:01G/12:01:02/12:01:03/12:01:04/12:01:05/12:01:06/12:01	12:02:01G/12:02:02G/12:02:03/12:02:04/12:02:05/12:02:06/12:0
NA18620	native/F-native-G	DRB1	A	three_field	1	1	2	DRB1*12:02:01	DRB1*12:01:01
NA18620	native/F-pg	A	A	two_field	1	1	2	32:01	02:01
NA18620	native/F-pg	A	B	two_field	1	1	2	02:01	32:01
NA18620	native/F-pg	A	A	g_group	1	1	2	32:01:01G	02:01:01G
NA18620	native/F-pg	A	B	g_group	1	1	2	02:01:01G/02:01:02G/02:01:03/02:01:04/02:01:05/02:01:06/02:0	32:01:01G
NA18620	native/F-pg	A	A	three_field	1	1	2	A*32:01:01	A*02:01:01
NA18620	native/F-pg	B	A	two_field	1	0	1	40:01	48:01
NA18620	native/F-pg	B	B	two_field	1	0	1	40:01	48:01
NA18620	native/F-pg	B	A	g_group	1	1	2	40:01:01G	48:01:01G
NA18620	native/F-pg	B	B	g_group	1	1	2	40:01:01G/40:01:03G/40:01:04/40:01:05/40:01:06/40:01:07/40:0	48:01:01G/48:01:02/48:01:04/48:01:08/48:01:09/48:01:10/48:01
NA18620	native/F-pg	B	A	three_field	0	0	1	B*40:01:02	B*48:01:01
NA18620	native/F-pg	C	B	two_field	1	1	2	04:01	07:02
NA18620	native/F-pg	C	B	g_group	1	1	2	04:01:01G/04:01:02/04:01:03/04:01:04/04:01:05/04:01:06/04:01	07:02:01G/07:02:02/07:02:03/07:02:04/07:02:05/07:02:06/07:02
NA18620	native/F-pg	DPA1	A	two_field	1	1	2	02:02	01:03
NA18620	native/F-pg	DPA1	A	g_group	1	1	2	02:02:02G	01:03:01G
NA18620	native/F-pg	DPA1	A	three_field	1	1	2	DPA1*02:02:02	DPA1*01:03:01
NA18620	native/F-pg	DPB1	A	two_field	1	1	2	13:01	04:02
NA18620	native/F-pg	DPB1	A	g_group	1	1	2	13:01:01G	04:02:01G
NA18620	native/F-pg	DPB1	A	three_field	1	1	2	DPB1*13:01:01	DPB1*04:02:01
NA18620	native/F-pg	DQA1	A	two_field	1	0	1	06:01	05:05
NA18620	native/F-pg	DQA1	A	g_group	1	1	2	06:01:01G	05:01:01G
NA18620	native/F-pg	DQA1	A	three_field	1	0	1	DQA1*06:01:01	DQA1*05:05:01
NA18620	native/F-pg	DQB1	A	two_field	1	1	2	03:01	03:01
NA18620	native/F-pg	DQB1	B	two_field	1	1	2	03:01	03:01
NA18620	native/F-pg	DQB1	A	g_group	1	1	2	03:01:01G	03:01:01G
NA18620	native/F-pg	DQB1	B	g_group	1	1	2	03:01:01G/03:01:02/03:01:03/03:01:06/03:01:07/03:01:08/03:01	03:01:01G/03:01:02/03:01:03/03:01:06/03:01:07/03:01:08/03:01
NA18620	native/F-pg	DQB1	A	three_field	1	1	2	DQB1*03:01:01	DQB1*03:01:01
NA18620	native/F-pg	DRB1	A	two_field	1	1	2	12:02	12:01
NA18620	native/F-pg	DRB1	B	two_field	1	1	2	12:01	12:02
NA18620	native/F-pg	DRB1	A	g_group	1	1	2	12:02:01G	12:01:01G
NA18620	native/F-pg	DRB1	B	g_group	1	1	2	12:01:01G/12:01:02/12:01:03/12:01:04/12:01:05/12:01:06/12:01	12:02:01G/12:02:02G/12:02:03/12:02:04/12:02:05/12:02:06/12:0
NA18620	native/F-pg	DRB1	A	three_field	1	1	2	DRB1*12:02:01	DRB1*12:01:01
NA18620	A/F-native	A	A	two_field	1	1	2	32:01	02:01
NA18620	A/F-native	A	B	two_field	1	1	2	02:01	32:01
NA18620	A/F-native	A	A	g_group	1	1	2	32:01:01G	02:01:01G
NA18620	A/F-native	A	B	g_group	1	1	2	02:01:01G/02:01:02G/02:01:03/02:01:04/02:01:05/02:01:06/02:0	32:01:01G
NA18620	A/F-native	A	A	three_field	1	1	2	A*32:01:01	A*02:01:01
NA18620	A/F-native	B	A	two_field	1	1	2	40:01	48:01
NA18620	A/F-native	B	B	two_field	1	1	2	40:01	48:01
NA18620	A/F-native	B	A	g_group	1	0	1	40:01:01G	48:01:01G
NA18620	A/F-native	B	B	g_group	1	1	2	40:01:01G/40:01:03G/40:01:04/40:01:05/40:01:06/40:01:07/40:0	48:01:01G/48:01:02/48:01:04/48:01:08/48:01:09/48:01:10/48:01
NA18620	A/F-native	B	A	three_field	1	0	1	B*40:01:02	B*48:01:01
NA18620	A/F-native	C	B	two_field	1	1	2	04:01	07:02
NA18620	A/F-native	C	B	g_group	1	1	2	04:01:01G/04:01:02/04:01:03/04:01:04/04:01:05/04:01:06/04:01	07:02:01G/07:02:02/07:02:03/07:02:04/07:02:05/07:02:06/07:02
NA18620	A/F-native	DPA1	A	two_field	1	1	2	02:02	01:03
NA18620	A/F-native	DPA1	A	g_group	1	1	2	02:02:02G	01:03:01G
NA18620	A/F-native	DPA1	A	three_field	1	1	2	DPA1*02:02:02	DPA1*01:03:01
NA18620	A/F-native	DPB1	A	two_field	1	1	2	13:01	04:02
NA18620	A/F-native	DPB1	A	g_group	1	1	2	13:01:01G	04:02:01G
NA18620	A/F-native	DPB1	A	three_field	1	1	2	DPB1*13:01:01	DPB1*04:02:01
NA18620	A/F-native	DQA1	A	two_field	1	1	2	06:01	05:05
NA18620	A/F-native	DQA1	A	g_group	1	1	2	06:01:01G	05:01:01G
NA18620	A/F-native	DQA1	A	three_field	1	1	2	DQA1*06:01:01	DQA1*05:05:01
NA18620	A/F-native	DQB1	A	two_field	1	1	2	03:01	03:01
NA18620	A/F-native	DQB1	B	two_field	1	1	2	03:01	03:01
NA18620	A/F-native	DQB1	A	g_group	1	1	2	03:01:01G	03:01:01G
NA18620	A/F-native	DQB1	B	g_group	1	1	2	03:01:01G/03:01:02/03:01:03/03:01:06/03:01:07/03:01:08/03:01	03:01:01G/03:01:02/03:01:03/03:01:06/03:01:07/03:01:08/03:01
NA18620	A/F-native	DQB1	A	three_field	1	1	2	DQB1*03:01:01	DQB1*03:01:01
NA18620	A/F-native	DRB1	A	two_field	1	1	2	12:02	12:01
NA18620	A/F-native	DRB1	B	two_field	1	1	2	12:01	12:02
NA18620	A/F-native	DRB1	A	g_group	1	1	2	12:02:01G	12:01:01G
NA18620	A/F-native	DRB1	B	g_group	1	1	2	12:01:01G/12:01:02/12:01:03/12:01:04/12:01:05/12:01:06/12:01	12:02:01G/12:02:02G/12:02:03/12:02:04/12:02:05/12:02:06/12:0
NA18620	A/F-native	DRB1	A	three_field	1	1	2	DRB1*12:02:01	DRB1*12:01:01
NA18620	A/F-native-G	A	A	two_field	1	1	2	32:01	02:01
NA18620	A/F-native-G	A	B	two_field	1	1	2	02:01	32:01
NA18620	A/F-native-G	A	A	g_group	1	1	2	32:01:01G	02:01:01G
NA18620	A/F-native-G	A	B	g_group	1	1	2	02:01:01G/02:01:02G/02:01:03/02:01:04/02:01:05/02:01:06/02:0	32:01:01G
NA18620	A/F-native-G	A	A	three_field	1	1	2	A*32:01:01	A*02:01:01
NA18620	A/F-native-G	B	A	two_field	1	1	2	40:01	48:01
NA18620	A/F-native-G	B	B	two_field	1	1	2	40:01	48:01
NA18620	A/F-native-G	B	A	g_group	1	1	2	40:01:01G	48:01:01G
NA18620	A/F-native-G	B	B	g_group	1	1	2	40:01:01G/40:01:03G/40:01:04/40:01:05/40:01:06/40:01:07/40:0	48:01:01G/48:01:02/48:01:04/48:01:08/48:01:09/48:01:10/48:01
NA18620	A/F-native-G	B	A	three_field	1	0	1	B*40:01:02	B*48:01:01
NA18620	A/F-native-G	C	B	two_field	1	1	2	04:01	07:02
NA18620	A/F-native-G	C	B	g_group	1	1	2	04:01:01G/04:01:02/04:01:03/04:01:04/04:01:05/04:01:06/04:01	07:02:01G/07:02:02/07:02:03/07:02:04/07:02:05/07:02:06/07:02
NA18620	A/F-native-G	DPA1	A	two_field	1	1	2	02:02	01:03
NA18620	A/F-native-G	DPA1	A	g_group	1	1	2	02:02:02G	01:03:01G
NA18620	A/F-native-G	DPA1	A	three_field	1	1	2	DPA1*02:02:02	DPA1*01:03:01
NA18620	A/F-native-G	DPB1	A	two_field	1	1	2	13:01	04:02
NA18620	A/F-native-G	DPB1	A	g_group	1	1	2	13:01:01G	04:02:01G
NA18620	A/F-native-G	DPB1	A	three_field	1	1	2	DPB1*13:01:01	DPB1*04:02:01
NA18620	A/F-native-G	DQA1	A	two_field	1	0	1	06:01	05:05
NA18620	A/F-native-G	DQA1	A	g_group	1	1	2	06:01:01G	05:01:01G
NA18620	A/F-native-G	DQA1	A	three_field	1	0	1	DQA1*06:01:01	DQA1*05:05:01
NA18620	A/F-native-G	DQB1	A	two_field	1	1	2	03:01	03:01
NA18620	A/F-native-G	DQB1	B	two_field	1	1	2	03:01	03:01
NA18620	A/F-native-G	DQB1	A	g_group	1	1	2	03:01:01G	03:01:01G
NA18620	A/F-native-G	DQB1	B	g_group	1	1	2	03:01:01G/03:01:02/03:01:03/03:01:06/03:01:07/03:01:08/03:01	03:01:01G/03:01:02/03:01:03/03:01:06/03:01:07/03:01:08/03:01
NA18620	A/F-native-G	DQB1	A	three_field	1	1	2	DQB1*03:01:01	DQB1*03:01:01
NA18620	A/F-native-G	DRB1	A	two_field	1	1	2	12:02	12:01
NA18620	A/F-native-G	DRB1	B	two_field	1	1	2	12:01	12:02
NA18620	A/F-native-G	DRB1	A	g_group	1	1	2	12:02:01G	12:01:01G
NA18620	A/F-native-G	DRB1	B	g_group	1	1	2	12:01:01G/12:01:02/12:01:03/12:01:04/12:01:05/12:01:06/12:01	12:02:01G/12:02:02G/12:02:03/12:02:04/12:02:05/12:02:06/12:0
NA18620	A/F-native-G	DRB1	A	three_field	1	1	2	DRB1*12:02:01	DRB1*12:01:01
NA18620	A/F-pg	A	A	two_field	1	1	2	32:01	02:01
NA18620	A/F-pg	A	B	two_field	1	1	2	02:01	32:01
NA18620	A/F-pg	A	A	g_group	1	1	2	32:01:01G	02:01:01G
NA18620	A/F-pg	A	B	g_group	1	1	2	02:01:01G/02:01:02G/02:01:03/02:01:04/02:01:05/02:01:06/02:0	32:01:01G
NA18620	A/F-pg	A	A	three_field	1	1	2	A*32:01:01	A*02:01:01
NA18620	A/F-pg	B	A	two_field	1	1	2	40:01	48:01
NA18620	A/F-pg	B	B	two_field	1	1	2	40:01	48:01
NA18620	A/F-pg	B	A	g_group	1	1	2	40:01:01G	48:01:01G
NA18620	A/F-pg	B	B	g_group	1	1	2	40:01:01G/40:01:03G/40:01:04/40:01:05/40:01:06/40:01:07/40:0	48:01:01G/48:01:02/48:01:04/48:01:08/48:01:09/48:01:10/48:01
NA18620	A/F-pg	B	A	three_field	1	1	2	B*40:01:02	B*48:01:01
NA18620	A/F-pg	C	B	two_field	1	1	2	04:01	07:02
NA18620	A/F-pg	C	B	g_group	1	1	2	04:01:01G/04:01:02/04:01:03/04:01:04/04:01:05/04:01:06/04:01	07:02:01G/07:02:02/07:02:03/07:02:04/07:02:05/07:02:06/07:02
NA18620	A/F-pg	DPA1	A	two_field	1	1	2	02:02	01:03
NA18620	A/F-pg	DPA1	A	g_group	1	1	2	02:02:02G	01:03:01G
NA18620	A/F-pg	DPA1	A	three_field	1	1	2	DPA1*02:02:02	DPA1*01:03:01
NA18620	A/F-pg	DPB1	A	two_field	1	1	2	13:01	04:02
NA18620	A/F-pg	DPB1	A	g_group	1	1	2	13:01:01G	04:02:01G
NA18620	A/F-pg	DPB1	A	three_field	1	1	2	DPB1*13:01:01	DPB1*04:02:01
NA18620	A/F-pg	DQA1	A	two_field	1	1	2	06:01	05:05
NA18620	A/F-pg	DQA1	A	g_group	1	1	2	06:01:01G	05:01:01G
NA18620	A/F-pg	DQA1	A	three_field	1	1	2	DQA1*06:01:01	DQA1*05:05:01
NA18620	A/F-pg	DQB1	A	two_field	1	1	2	03:01	03:01
NA18620	A/F-pg	DQB1	B	two_field	1	1	2	03:01	03:01
NA18620	A/F-pg	DQB1	A	g_group	1	1	2	03:01:01G	03:01:01G
NA18620	A/F-pg	DQB1	B	g_group	1	1	2	03:01:01G/03:01:02/03:01:03/03:01:06/03:01:07/03:01:08/03:01	03:01:01G/03:01:02/03:01:03/03:01:06/03:01:07/03:01:08/03:01
NA18620	A/F-pg	DQB1	A	three_field	1	1	2	DQB1*03:01:01	DQB1*03:01:01
NA18620	A/F-pg	DRB1	A	two_field	1	1	2	12:02	12:01
NA18620	A/F-pg	DRB1	B	two_field	1	1	2	12:01	12:02
NA18620	A/F-pg	DRB1	A	g_group	1	1	2	12:02:01G	12:01:01G
NA18620	A/F-pg	DRB1	B	g_group	1	1	2	12:01:01G/12:01:02/12:01:03/12:01:04/12:01:05/12:01:06/12:01	12:02:01G/12:02:02G/12:02:03/12:02:04/12:02:05/12:02:06/12:0
NA18620	A/F-pg	DRB1	A	three_field	1	1	2	DRB1*12:02:01	DRB1*12:01:01
NA19087	native/F-native	A	A	two_field	1	1	2	02:01	33:03
NA19087	native/F-native	A	B	two_field	1	1	2	02:01/02:09/02:1040/02:132/02:134/02:140/02:43/02:66/02:75/0	33:03/33:15/33:25
NA19087	native/F-native	A	A	g_group	1	1	2	02:01:01G	33:03:01G
NA19087	native/F-native	A	B	g_group	1	1	2	02:01:01G/02:140:02	33:03:01G
NA19087	native/F-native	A	A	three_field	1	1	2	A*02:01:01	A*33:03:01
NA19087	native/F-native	B	A	two_field	1	1	2	35:01	44:03
NA19087	native/F-native	B	B	two_field	1	1	2	35:01/35:40/35:42/35:57/35:94	44:03
NA19087	native/F-native	B	A	g_group	1	1	2	35:01:01G	44:03:01G
NA19087	native/F-native	B	B	g_group	1	1	2	35:01:01G/35:42:02	44:03:01G
NA19087	native/F-native	B	A	three_field	1	1	2	B*35:01:01	B*44:03:01
NA19087	native/F-native	C	A	two_field	1	1	2	03:03	14:03
NA19087	native/F-native	C	B	two_field	1	1	2	03:03/03:20	14:03
NA19087	native/F-native	C	A	g_group	1	1	2	03:03:01G	14:03:01G
NA19087	native/F-native	C	B	g_group	1	1	2	03:03:01G	14:03:01G/14:03:02/14:03:03/14:03:04/14:03:05
NA19087	native/F-native	C	A	three_field	1	1	2	C*03:03:01	C*14:03:01
NA19087	native/F-native	DPA1	A	two_field	1	1	2	02:02	02:01
NA19087	native/F-native	DPA1	A	g_group	1	1	2	02:02:02G	02:01:01G
NA19087	native/F-native	DPA1	A	three_field	1	1	2	DPA1*02:02:02	DPA1*02:01:01
NA19087	native/F-native	DPB1	A	two_field	1	1	2	03:01	05:01
NA19087	native/F-native	DPB1	A	g_group	1	1	2	03:01:01G	05:01:01G
NA19087	native/F-native	DPB1	A	three_field	1	1	2	DPB1*03:01:01	DPB1*05:01:01
NA19087	native/F-native	DQA1	A	two_field	1	1	2	03:03	01:02
NA19087	native/F-native	DQA1	A	g_group	1	1	2	03:01:01G	01:02:01G
NA19087	native/F-native	DQA1	A	three_field	1	1	2	DQA1*03:03:01	DQA1*01:02:01
NA19087	native/F-native	DQB1	A	two_field	1	1	2	04:02	06:04
NA19087	native/F-native	DQB1	B	two_field	1	1	2	04:02	06:04/06:34
NA19087	native/F-native	DQB1	A	g_group	1	1	2	04:02:01G	06:04:01G
NA19087	native/F-native	DQB1	B	g_group	1	1	2	04:02:01G/04:02:02/04:02:03/04:02:04/04:02:05/04:02:06/04:02	06:04:01G
NA19087	native/F-native	DQB1	A	three_field	1	1	2	DQB1*04:02:01	DQB1*06:04:01
NA19087	native/F-native	DRB1	A	two_field	1	1	2	04:10	13:02
NA19087	native/F-native	DRB1	B	two_field	1	1	2	13:02	04:10
NA19087	native/F-native	DRB1	A	g_group	1	1	2	04:10:01G	13:02:01G
NA19087	native/F-native	DRB1	B	g_group	1	1	2	13:02:01G	04:10:01G/04:10:02
NA19087	native/F-native	DRB1	A	three_field	1	0	1	DRB1*04:10:03	DRB1*13:02:01
NA19087	native/F-native-G	A	A	two_field	1	1	2	02:01	33:03
NA19087	native/F-native-G	A	B	two_field	1	1	2	02:01/02:09/02:1040/02:132/02:134/02:140/02:43/02:66/02:75/0	33:03/33:15/33:25
NA19087	native/F-native-G	A	A	g_group	1	1	2	02:01:01G	33:03:01G
NA19087	native/F-native-G	A	B	g_group	1	1	2	02:01:01G/02:140:02	33:03:01G
NA19087	native/F-native-G	A	A	three_field	1	1	2	A*02:01:01	A*33:03:01
NA19087	native/F-native-G	B	A	two_field	1	1	2	35:01	44:03
NA19087	native/F-native-G	B	B	two_field	1	1	2	35:01/35:40/35:42/35:57/35:94	44:03
NA19087	native/F-native-G	B	A	g_group	1	1	2	35:01:01G	44:03:01G
NA19087	native/F-native-G	B	B	g_group	1	1	2	35:01:01G/35:42:02	44:03:01G
NA19087	native/F-native-G	B	A	three_field	1	1	2	B*35:01:01	B*44:03:01
NA19087	native/F-native-G	C	A	two_field	1	1	2	03:03	14:03
NA19087	native/F-native-G	C	B	two_field	1	1	2	03:03/03:20	14:03
NA19087	native/F-native-G	C	A	g_group	1	1	2	03:03:01G	14:03:01G
NA19087	native/F-native-G	C	B	g_group	1	1	2	03:03:01G	14:03:01G/14:03:02/14:03:03/14:03:04/14:03:05
NA19087	native/F-native-G	C	A	three_field	1	1	2	C*03:03:01	C*14:03:01
NA19087	native/F-native-G	DPA1	A	two_field	1	1	2	02:02	02:01
NA19087	native/F-native-G	DPA1	A	g_group	1	1	2	02:02:02G	02:01:01G
NA19087	native/F-native-G	DPA1	A	three_field	1	1	2	DPA1*02:02:02	DPA1*02:01:01
NA19087	native/F-native-G	DPB1	A	two_field	1	1	2	03:01	05:01
NA19087	native/F-native-G	DPB1	A	g_group	1	1	2	03:01:01G	05:01:01G
NA19087	native/F-native-G	DPB1	A	three_field	1	1	2	DPB1*03:01:01	DPB1*05:01:01
NA19087	native/F-native-G	DQA1	A	two_field	1	0	1	03:03	01:02
NA19087	native/F-native-G	DQA1	A	g_group	1	1	2	03:01:01G	01:02:01G
NA19087	native/F-native-G	DQA1	A	three_field	1	0	1	DQA1*03:03:01	DQA1*01:02:01
NA19087	native/F-native-G	DQB1	A	two_field	1	1	2	04:02	06:04
NA19087	native/F-native-G	DQB1	B	two_field	1	1	2	04:02	06:04/06:34
NA19087	native/F-native-G	DQB1	A	g_group	1	1	2	04:02:01G	06:04:01G
NA19087	native/F-native-G	DQB1	B	g_group	1	1	2	04:02:01G/04:02:02/04:02:03/04:02:04/04:02:05/04:02:06/04:02	06:04:01G
NA19087	native/F-native-G	DQB1	A	three_field	1	1	2	DQB1*04:02:01	DQB1*06:04:01
NA19087	native/F-native-G	DRB1	A	two_field	1	1	2	04:10	13:02
NA19087	native/F-native-G	DRB1	B	two_field	1	1	2	13:02	04:10
NA19087	native/F-native-G	DRB1	A	g_group	1	1	2	04:10:01G	13:02:01G
NA19087	native/F-native-G	DRB1	B	g_group	1	1	2	13:02:01G	04:10:01G/04:10:02
NA19087	native/F-native-G	DRB1	A	three_field	1	0	1	DRB1*04:10:03	DRB1*13:02:01
NA19087	native/F-pg	A	A	two_field	1	1	2	02:01	33:03
NA19087	native/F-pg	A	B	two_field	1	1	2	02:01/02:09/02:1040/02:132/02:134/02:140/02:43/02:66/02:75/0	33:03/33:15/33:25
NA19087	native/F-pg	A	A	g_group	1	1	2	02:01:01G	33:03:01G
NA19087	native/F-pg	A	B	g_group	1	1	2	02:01:01G/02:140:02	33:03:01G
NA19087	native/F-pg	A	A	three_field	1	1	2	A*02:01:01	A*33:03:01
NA19087	native/F-pg	B	A	two_field	1	1	2	35:01	44:03
NA19087	native/F-pg	B	B	two_field	1	1	2	35:01/35:40/35:42/35:57/35:94	44:03
NA19087	native/F-pg	B	A	g_group	1	1	2	35:01:01G	44:03:01G
NA19087	native/F-pg	B	B	g_group	1	1	2	35:01:01G/35:42:02	44:03:01G
NA19087	native/F-pg	B	A	three_field	1	1	2	B*35:01:01	B*44:03:01
NA19087	native/F-pg	C	A	two_field	1	1	2	03:03	14:03
NA19087	native/F-pg	C	B	two_field	1	1	2	03:03/03:20	14:03
NA19087	native/F-pg	C	A	g_group	1	1	2	03:03:01G	14:03:01G
NA19087	native/F-pg	C	B	g_group	1	1	2	03:03:01G	14:03:01G/14:03:02/14:03:03/14:03:04/14:03:05
NA19087	native/F-pg	C	A	three_field	1	1	2	C*03:03:01	C*14:03:01
NA19087	native/F-pg	DPA1	A	two_field	1	1	2	02:02	02:01
NA19087	native/F-pg	DPA1	A	g_group	1	1	2	02:02:02G	02:01:01G
NA19087	native/F-pg	DPA1	A	three_field	1	1	2	DPA1*02:02:02	DPA1*02:01:01
NA19087	native/F-pg	DPB1	A	two_field	1	0	0	03:01	05:01
NA19087	native/F-pg	DPB1	A	g_group	1	1	2	03:01:01G	05:01:01G
NA19087	native/F-pg	DPB1	A	three_field	1	0	0	DPB1*03:01:01	DPB1*05:01:01
NA19087	native/F-pg	DQA1	A	two_field	1	1	2	03:03	01:02
NA19087	native/F-pg	DQA1	A	g_group	1	1	2	03:01:01G	01:02:01G
NA19087	native/F-pg	DQA1	A	three_field	1	1	2	DQA1*03:03:01	DQA1*01:02:01
NA19087	native/F-pg	DQB1	A	two_field	1	1	2	04:02	06:04
NA19087	native/F-pg	DQB1	B	two_field	1	1	2	04:02	06:04/06:34
NA19087	native/F-pg	DQB1	A	g_group	1	1	2	04:02:01G	06:04:01G
NA19087	native/F-pg	DQB1	B	g_group	1	1	2	04:02:01G/04:02:02/04:02:03/04:02:04/04:02:05/04:02:06/04:02	06:04:01G
NA19087	native/F-pg	DQB1	A	three_field	1	1	2	DQB1*04:02:01	DQB1*06:04:01
NA19087	native/F-pg	DRB1	A	two_field	1	1	2	04:10	13:02
NA19087	native/F-pg	DRB1	B	two_field	1	1	2	13:02	04:10
NA19087	native/F-pg	DRB1	A	g_group	1	1	2	04:10:01G	13:02:01G
NA19087	native/F-pg	DRB1	B	g_group	1	1	2	13:02:01G	04:10:01G/04:10:02
NA19087	native/F-pg	DRB1	A	three_field	1	1	2	DRB1*04:10:03	DRB1*13:02:01
NA19087	A/F-native	A	A	two_field	1	1	2	02:01	33:03
NA19087	A/F-native	A	B	two_field	1	1	2	02:01/02:09/02:1040/02:132/02:134/02:140/02:43/02:66/02:75/0	33:03/33:15/33:25
NA19087	A/F-native	A	A	g_group	1	1	2	02:01:01G	33:03:01G
NA19087	A/F-native	A	B	g_group	1	1	2	02:01:01G/02:140:02	33:03:01G
NA19087	A/F-native	A	A	three_field	1	1	2	A*02:01:01	A*33:03:01
NA19087	A/F-native	B	A	two_field	1	1	2	35:01	44:03
NA19087	A/F-native	B	B	two_field	1	1	2	35:01/35:40/35:42/35:57/35:94	44:03
NA19087	A/F-native	B	A	g_group	1	1	2	35:01:01G	44:03:01G
NA19087	A/F-native	B	B	g_group	1	1	2	35:01:01G/35:42:02	44:03:01G
NA19087	A/F-native	B	A	three_field	1	1	2	B*35:01:01	B*44:03:01
NA19087	A/F-native	C	A	two_field	1	1	2	03:03	14:03
NA19087	A/F-native	C	B	two_field	1	1	2	03:03/03:20	14:03
NA19087	A/F-native	C	A	g_group	1	1	2	03:03:01G	14:03:01G
NA19087	A/F-native	C	B	g_group	1	1	2	03:03:01G	14:03:01G/14:03:02/14:03:03/14:03:04/14:03:05
NA19087	A/F-native	C	A	three_field	1	1	2	C*03:03:01	C*14:03:01
NA19087	A/F-native	DPA1	A	two_field	1	1	2	02:02	02:01
NA19087	A/F-native	DPA1	A	g_group	1	1	2	02:02:02G	02:01:01G
NA19087	A/F-native	DPA1	A	three_field	1	0	1	DPA1*02:02:02	DPA1*02:01:01
NA19087	A/F-native	DPB1	A	two_field	1	1	2	03:01	05:01
NA19087	A/F-native	DPB1	A	g_group	1	1	2	03:01:01G	05:01:01G
NA19087	A/F-native	DPB1	A	three_field	1	1	2	DPB1*03:01:01	DPB1*05:01:01
NA19087	A/F-native	DQA1	A	two_field	1	1	2	03:03	01:02
NA19087	A/F-native	DQA1	A	g_group	1	1	2	03:01:01G	01:02:01G
NA19087	A/F-native	DQA1	A	three_field	1	1	2	DQA1*03:03:01	DQA1*01:02:01
NA19087	A/F-native	DQB1	A	two_field	1	1	2	04:02	06:04
NA19087	A/F-native	DQB1	B	two_field	1	1	2	04:02	06:04/06:34
NA19087	A/F-native	DQB1	A	g_group	1	1	2	04:02:01G	06:04:01G
NA19087	A/F-native	DQB1	B	g_group	1	1	2	04:02:01G/04:02:02/04:02:03/04:02:04/04:02:05/04:02:06/04:02	06:04:01G
NA19087	A/F-native	DQB1	A	three_field	1	1	2	DQB1*04:02:01	DQB1*06:04:01
NA19087	A/F-native	DRB1	A	two_field	1	1	2	04:10	13:02
NA19087	A/F-native	DRB1	B	two_field	1	1	2	13:02	04:10
NA19087	A/F-native	DRB1	A	g_group	1	1	2	04:10:01G	13:02:01G
NA19087	A/F-native	DRB1	B	g_group	1	1	2	13:02:01G	04:10:01G/04:10:02
NA19087	A/F-native	DRB1	A	three_field	1	0	1	DRB1*04:10:03	DRB1*13:02:01
NA19087	A/F-native-G	A	A	two_field	1	1	2	02:01	33:03
NA19087	A/F-native-G	A	B	two_field	1	1	2	02:01/02:09/02:1040/02:132/02:134/02:140/02:43/02:66/02:75/0	33:03/33:15/33:25
NA19087	A/F-native-G	A	A	g_group	1	1	2	02:01:01G	33:03:01G
NA19087	A/F-native-G	A	B	g_group	1	1	2	02:01:01G/02:140:02	33:03:01G
NA19087	A/F-native-G	A	A	three_field	1	1	2	A*02:01:01	A*33:03:01
NA19087	A/F-native-G	B	A	two_field	1	1	2	35:01	44:03
NA19087	A/F-native-G	B	B	two_field	1	1	2	35:01/35:40/35:42/35:57/35:94	44:03
NA19087	A/F-native-G	B	A	g_group	1	1	2	35:01:01G	44:03:01G
NA19087	A/F-native-G	B	B	g_group	1	1	2	35:01:01G/35:42:02	44:03:01G
NA19087	A/F-native-G	B	A	three_field	1	1	2	B*35:01:01	B*44:03:01
NA19087	A/F-native-G	C	A	two_field	1	1	2	03:03	14:03
NA19087	A/F-native-G	C	B	two_field	1	1	2	03:03/03:20	14:03
NA19087	A/F-native-G	C	A	g_group	1	1	2	03:03:01G	14:03:01G
NA19087	A/F-native-G	C	B	g_group	1	1	2	03:03:01G	14:03:01G/14:03:02/14:03:03/14:03:04/14:03:05
NA19087	A/F-native-G	C	A	three_field	1	1	2	C*03:03:01	C*14:03:01
NA19087	A/F-native-G	DPA1	A	two_field	1	1	2	02:02	02:01
NA19087	A/F-native-G	DPA1	A	g_group	1	1	2	02:02:02G	02:01:01G
NA19087	A/F-native-G	DPA1	A	three_field	1	1	2	DPA1*02:02:02	DPA1*02:01:01
NA19087	A/F-native-G	DPB1	A	two_field	1	1	2	03:01	05:01
NA19087	A/F-native-G	DPB1	A	g_group	1	1	2	03:01:01G	05:01:01G
NA19087	A/F-native-G	DPB1	A	three_field	1	1	2	DPB1*03:01:01	DPB1*05:01:01
NA19087	A/F-native-G	DQA1	A	two_field	1	0	1	03:03	01:02
NA19087	A/F-native-G	DQA1	A	g_group	1	1	2	03:01:01G	01:02:01G
NA19087	A/F-native-G	DQA1	A	three_field	1	0	1	DQA1*03:03:01	DQA1*01:02:01
NA19087	A/F-native-G	DQB1	A	two_field	1	1	2	04:02	06:04
NA19087	A/F-native-G	DQB1	B	two_field	1	1	2	04:02	06:04/06:34
NA19087	A/F-native-G	DQB1	A	g_group	1	1	2	04:02:01G	06:04:01G
NA19087	A/F-native-G	DQB1	B	g_group	1	1	2	04:02:01G/04:02:02/04:02:03/04:02:04/04:02:05/04:02:06/04:02	06:04:01G
NA19087	A/F-native-G	DQB1	A	three_field	1	1	2	DQB1*04:02:01	DQB1*06:04:01
NA19087	A/F-native-G	DRB1	A	two_field	1	1	2	04:10	13:02
NA19087	A/F-native-G	DRB1	B	two_field	1	1	2	13:02	04:10
NA19087	A/F-native-G	DRB1	A	g_group	1	1	2	04:10:01G	13:02:01G
NA19087	A/F-native-G	DRB1	B	g_group	1	1	2	13:02:01G	04:10:01G/04:10:02
NA19087	A/F-native-G	DRB1	A	three_field	1	0	1	DRB1*04:10:03	DRB1*13:02:01
NA19087	A/F-pg	A	A	two_field	1	1	2	02:01	33:03
NA19087	A/F-pg	A	B	two_field	1	1	2	02:01/02:09/02:1040/02:132/02:134/02:140/02:43/02:66/02:75/0	33:03/33:15/33:25
NA19087	A/F-pg	A	A	g_group	1	1	2	02:01:01G	33:03:01G
NA19087	A/F-pg	A	B	g_group	1	1	2	02:01:01G/02:140:02	33:03:01G
NA19087	A/F-pg	A	A	three_field	1	1	2	A*02:01:01	A*33:03:01
NA19087	A/F-pg	B	A	two_field	1	1	2	35:01	44:03
NA19087	A/F-pg	B	B	two_field	1	1	2	35:01/35:40/35:42/35:57/35:94	44:03
NA19087	A/F-pg	B	A	g_group	1	1	2	35:01:01G	44:03:01G
NA19087	A/F-pg	B	B	g_group	1	1	2	35:01:01G/35:42:02	44:03:01G
NA19087	A/F-pg	B	A	three_field	1	1	2	B*35:01:01	B*44:03:01
NA19087	A/F-pg	C	A	two_field	1	1	2	03:03	14:03
NA19087	A/F-pg	C	B	two_field	1	1	2	03:03/03:20	14:03
NA19087	A/F-pg	C	A	g_group	1	1	2	03:03:01G	14:03:01G
NA19087	A/F-pg	C	B	g_group	1	1	2	03:03:01G	14:03:01G/14:03:02/14:03:03/14:03:04/14:03:05
NA19087	A/F-pg	C	A	three_field	1	1	2	C*03:03:01	C*14:03:01
NA19087	A/F-pg	DPA1	A	two_field	1	1	2	02:02	02:01
NA19087	A/F-pg	DPA1	A	g_group	1	1	2	02:02:02G	02:01:01G
NA19087	A/F-pg	DPA1	A	three_field	1	0	1	DPA1*02:02:02	DPA1*02:01:01
NA19087	A/F-pg	DPB1	A	two_field	1	0	0	03:01	05:01
NA19087	A/F-pg	DPB1	A	g_group	1	1	2	03:01:01G	05:01:01G
NA19087	A/F-pg	DPB1	A	three_field	1	0	0	DPB1*03:01:01	DPB1*05:01:01
NA19087	A/F-pg	DQA1	A	two_field	1	1	2	03:03	01:02
NA19087	A/F-pg	DQA1	A	g_group	1	1	2	03:01:01G	01:02:01G
NA19087	A/F-pg	DQA1	A	three_field	1	1	2	DQA1*03:03:01	DQA1*01:02:01
NA19087	A/F-pg	DQB1	A	two_field	1	1	2	04:02	06:04
NA19087	A/F-pg	DQB1	B	two_field	1	1	2	04:02	06:04/06:34
NA19087	A/F-pg	DQB1	A	g_group	1	1	2	04:02:01G	06:04:01G
NA19087	A/F-pg	DQB1	B	g_group	1	1	2	04:02:01G/04:02:02/04:02:03/04:02:04/04:02:05/04:02:06/04:02	06:04:01G
NA19087	A/F-pg	DQB1	A	three_field	1	1	2	DQB1*04:02:01	DQB1*06:04:01
NA19087	A/F-pg	DRB1	A	two_field	1	1	2	04:10	13:02
NA19087	A/F-pg	DRB1	B	two_field	1	1	2	13:02	04:10
NA19087	A/F-pg	DRB1	A	g_group	1	1	2	04:10:01G	13:02:01G
NA19087	A/F-pg	DRB1	B	g_group	1	1	2	13:02:01G	04:10:01G/04:10:02
NA19087	A/F-pg	DRB1	A	three_field	1	1	2	DRB1*04:10:03	DRB1*13:02:01
NA21093	native/F-native	A	A	two_field	1	1	2	01:01	01:01
NA21093	native/F-native	A	A	g_group	1	1	2	01:01:01G	01:01:01G
NA21093	native/F-native	A	A	three_field	1	1	2	A*01:01:01	A*01:01:01
NA21093	native/F-native	B	A	two_field	1	1	2	57:01	37:01
NA21093	native/F-native	B	A	g_group	1	1	2	57:01:01G	37:01:01G
NA21093	native/F-native	B	A	three_field	1	1	2	B*57:01:01	B*37:01:01
NA21093	native/F-native	C	A	two_field	1	1	2	06:02	06:02
NA21093	native/F-native	C	A	g_group	1	1	2	06:02:01G	06:02:01G
NA21093	native/F-native	C	A	three_field	1	1	2	C*06:02:01	C*06:02:01
NA21093	native/F-native	DPA1	A	two_field	1	1	2	01:03	01:03
NA21093	native/F-native	DPA1	A	g_group	1	1	2	01:03:01G	01:03:01G
NA21093	native/F-native	DPA1	A	three_field	1	1	2	DPA1*01:03:01	DPA1*01:03:01
NA21093	native/F-native	DPB1	A	two_field	1	1	2	02:01	02:01
NA21093	native/F-native	DPB1	A	g_group	1	1	2	02:01:02G	02:01:02G
NA21093	native/F-native	DPB1	A	three_field	1	1	2	DPB1*02:01:02	DPB1*02:01:02
NA21093	native/F-native	DQA1	A	two_field	1	1	2	02:01	01:05
NA21093	native/F-native	DQA1	A	g_group	1	1	2	02:01:01G	01:01:01G
NA21093	native/F-native	DQA1	A	three_field	1	1	2	DQA1*02:01:01	DQA1*01:05:01
NA21093	native/F-native	DQB1	A	two_field	1	1	2	03:03	05:01
NA21093	native/F-native	DQB1	A	g_group	1	1	2	03:03:02G	05:01:01G
NA21093	native/F-native	DQB1	A	three_field	1	1	2	DQB1*03:03:02	DQB1*05:01:01
NA21093	native/F-native	DRB1	A	two_field	1	1	2	07:01	10:01
NA21093	native/F-native	DRB1	A	g_group	1	1	2	07:01:01G	10:01:01G
NA21093	native/F-native	DRB1	A	three_field	1	1	2	DRB1*07:01:01	DRB1*10:01:01
NA21093	native/F-native-G	A	A	two_field	1	1	2	01:01	01:01
NA21093	native/F-native-G	A	A	g_group	1	1	2	01:01:01G	01:01:01G
NA21093	native/F-native-G	A	A	three_field	1	1	2	A*01:01:01	A*01:01:01
NA21093	native/F-native-G	B	A	two_field	1	1	2	57:01	37:01
NA21093	native/F-native-G	B	A	g_group	1	1	2	57:01:01G	37:01:01G
NA21093	native/F-native-G	B	A	three_field	1	1	2	B*57:01:01	B*37:01:01
NA21093	native/F-native-G	C	A	two_field	1	1	2	06:02	06:02
NA21093	native/F-native-G	C	A	g_group	1	1	2	06:02:01G	06:02:01G
NA21093	native/F-native-G	C	A	three_field	1	1	2	C*06:02:01	C*06:02:01
NA21093	native/F-native-G	DPA1	A	two_field	1	1	2	01:03	01:03
NA21093	native/F-native-G	DPA1	A	g_group	1	1	2	01:03:01G	01:03:01G
NA21093	native/F-native-G	DPA1	A	three_field	1	1	2	DPA1*01:03:01	DPA1*01:03:01
NA21093	native/F-native-G	DPB1	A	two_field	1	1	2	02:01	02:01
NA21093	native/F-native-G	DPB1	A	g_group	1	1	2	02:01:02G	02:01:02G
NA21093	native/F-native-G	DPB1	A	three_field	1	1	2	DPB1*02:01:02	DPB1*02:01:02
NA21093	native/F-native-G	DQA1	A	two_field	1	0	1	02:01	01:05
NA21093	native/F-native-G	DQA1	A	g_group	1	1	2	02:01:01G	01:01:01G
NA21093	native/F-native-G	DQA1	A	three_field	1	0	1	DQA1*02:01:01	DQA1*01:05:01
NA21093	native/F-native-G	DQB1	A	two_field	1	1	2	03:03	05:01
NA21093	native/F-native-G	DQB1	A	g_group	1	1	2	03:03:02G	05:01:01G
NA21093	native/F-native-G	DQB1	A	three_field	1	1	2	DQB1*03:03:02	DQB1*05:01:01
NA21093	native/F-native-G	DRB1	A	two_field	1	1	2	07:01	10:01
NA21093	native/F-native-G	DRB1	A	g_group	1	1	2	07:01:01G	10:01:01G
NA21093	native/F-native-G	DRB1	A	three_field	1	1	2	DRB1*07:01:01	DRB1*10:01:01
NA21093	native/F-pg	A	A	two_field	1	1	2	01:01	01:01
NA21093	native/F-pg	A	A	g_group	1	1	2	01:01:01G	01:01:01G
NA21093	native/F-pg	A	A	three_field	1	1	2	A*01:01:01	A*01:01:01
NA21093	native/F-pg	B	A	two_field	1	1	2	57:01	37:01
NA21093	native/F-pg	B	A	g_group	1	1	2	57:01:01G	37:01:01G
NA21093	native/F-pg	B	A	three_field	1	1	2	B*57:01:01	B*37:01:01
NA21093	native/F-pg	C	A	two_field	1	1	2	06:02	06:02
NA21093	native/F-pg	C	A	g_group	1	1	2	06:02:01G	06:02:01G
NA21093	native/F-pg	C	A	three_field	1	1	2	C*06:02:01	C*06:02:01
NA21093	native/F-pg	DPA1	A	two_field	1	1	2	01:03	01:03
NA21093	native/F-pg	DPA1	A	g_group	1	1	2	01:03:01G	01:03:01G
NA21093	native/F-pg	DPA1	A	three_field	1	1	2	DPA1*01:03:01	DPA1*01:03:01
NA21093	native/F-pg	DPB1	A	two_field	1	1	2	02:01	02:01
NA21093	native/F-pg	DPB1	A	g_group	1	1	2	02:01:02G	02:01:02G
NA21093	native/F-pg	DPB1	A	three_field	1	1	2	DPB1*02:01:02	DPB1*02:01:02
NA21093	native/F-pg	DQA1	A	two_field	1	1	2	02:01	01:05
NA21093	native/F-pg	DQA1	A	g_group	1	1	2	02:01:01G	01:01:01G
NA21093	native/F-pg	DQA1	A	three_field	1	1	2	DQA1*02:01:01	DQA1*01:05:01
NA21093	native/F-pg	DQB1	A	two_field	1	1	2	03:03	05:01
NA21093	native/F-pg	DQB1	A	g_group	1	1	2	03:03:02G	05:01:01G
NA21093	native/F-pg	DQB1	A	three_field	1	1	2	DQB1*03:03:02	DQB1*05:01:01
NA21093	native/F-pg	DRB1	A	two_field	1	0	1	07:01	10:01
NA21093	native/F-pg	DRB1	A	g_group	1	1	2	07:01:01G	10:01:01G
NA21093	native/F-pg	DRB1	A	three_field	0	0	1	DRB1*07:01:01	DRB1*10:01:01
NA21093	A/F-native	A	A	two_field	1	1	2	01:01	01:01
NA21093	A/F-native	A	A	g_group	1	1	2	01:01:01G	01:01:01G
NA21093	A/F-native	A	A	three_field	1	1	2	A*01:01:01	A*01:01:01
NA21093	A/F-native	B	A	two_field	1	1	2	57:01	37:01
NA21093	A/F-native	B	A	g_group	1	1	2	57:01:01G	37:01:01G
NA21093	A/F-native	B	A	three_field	1	1	2	B*57:01:01	B*37:01:01
NA21093	A/F-native	C	A	two_field	1	1	2	06:02	06:02
NA21093	A/F-native	C	A	g_group	1	1	2	06:02:01G	06:02:01G
NA21093	A/F-native	C	A	three_field	1	1	2	C*06:02:01	C*06:02:01
NA21093	A/F-native	DPA1	A	two_field	1	1	2	01:03	01:03
NA21093	A/F-native	DPA1	A	g_group	1	1	2	01:03:01G	01:03:01G
NA21093	A/F-native	DPA1	A	three_field	1	1	2	DPA1*01:03:01	DPA1*01:03:01
NA21093	A/F-native	DPB1	A	two_field	1	1	2	02:01	02:01
NA21093	A/F-native	DPB1	A	g_group	1	1	2	02:01:02G	02:01:02G
NA21093	A/F-native	DPB1	A	three_field	1	1	2	DPB1*02:01:02	DPB1*02:01:02
NA21093	A/F-native	DQA1	A	two_field	1	1	2	02:01	01:05
NA21093	A/F-native	DQA1	A	g_group	1	1	2	02:01:01G	01:01:01G
NA21093	A/F-native	DQA1	A	three_field	1	1	2	DQA1*02:01:01	DQA1*01:05:01
NA21093	A/F-native	DQB1	A	two_field	1	1	2	03:03	05:01
NA21093	A/F-native	DQB1	A	g_group	1	1	2	03:03:02G	05:01:01G
NA21093	A/F-native	DQB1	A	three_field	1	1	2	DQB1*03:03:02	DQB1*05:01:01
NA21093	A/F-native	DRB1	A	two_field	1	1	2	07:01	10:01
NA21093	A/F-native	DRB1	A	g_group	1	1	2	07:01:01G	10:01:01G
NA21093	A/F-native	DRB1	A	three_field	1	1	2	DRB1*07:01:01	DRB1*10:01:01
NA21093	A/F-native-G	A	A	two_field	1	1	2	01:01	01:01
NA21093	A/F-native-G	A	A	g_group	1	1	2	01:01:01G	01:01:01G
NA21093	A/F-native-G	A	A	three_field	1	1	2	A*01:01:01	A*01:01:01
NA21093	A/F-native-G	B	A	two_field	1	1	2	57:01	37:01
NA21093	A/F-native-G	B	A	g_group	1	1	2	57:01:01G	37:01:01G
NA21093	A/F-native-G	B	A	three_field	1	1	2	B*57:01:01	B*37:01:01
NA21093	A/F-native-G	C	A	two_field	1	1	2	06:02	06:02
NA21093	A/F-native-G	C	A	g_group	1	1	2	06:02:01G	06:02:01G
NA21093	A/F-native-G	C	A	three_field	1	1	2	C*06:02:01	C*06:02:01
NA21093	A/F-native-G	DPA1	A	two_field	1	1	2	01:03	01:03
NA21093	A/F-native-G	DPA1	A	g_group	1	1	2	01:03:01G	01:03:01G
NA21093	A/F-native-G	DPA1	A	three_field	1	1	2	DPA1*01:03:01	DPA1*01:03:01
NA21093	A/F-native-G	DPB1	A	two_field	1	1	2	02:01	02:01
NA21093	A/F-native-G	DPB1	A	g_group	1	1	2	02:01:02G	02:01:02G
NA21093	A/F-native-G	DPB1	A	three_field	1	1	2	DPB1*02:01:02	DPB1*02:01:02
NA21093	A/F-native-G	DQA1	A	two_field	1	0	1	02:01	01:05
NA21093	A/F-native-G	DQA1	A	g_group	1	1	2	02:01:01G	01:01:01G
NA21093	A/F-native-G	DQA1	A	three_field	1	0	1	DQA1*02:01:01	DQA1*01:05:01
NA21093	A/F-native-G	DQB1	A	two_field	1	1	2	03:03	05:01
NA21093	A/F-native-G	DQB1	A	g_group	1	1	2	03:03:02G	05:01:01G
NA21093	A/F-native-G	DQB1	A	three_field	1	1	2	DQB1*03:03:02	DQB1*05:01:01
NA21093	A/F-native-G	DRB1	A	two_field	1	1	2	07:01	10:01
NA21093	A/F-native-G	DRB1	A	g_group	1	1	2	07:01:01G	10:01:01G
NA21093	A/F-native-G	DRB1	A	three_field	1	1	2	DRB1*07:01:01	DRB1*10:01:01
NA21093	A/F-pg	A	A	two_field	1	1	2	01:01	01:01
NA21093	A/F-pg	A	A	g_group	1	1	2	01:01:01G	01:01:01G
NA21093	A/F-pg	A	A	three_field	1	1	2	A*01:01:01	A*01:01:01
NA21093	A/F-pg	B	A	two_field	1	1	2	57:01	37:01
NA21093	A/F-pg	B	A	g_group	1	1	2	57:01:01G	37:01:01G
NA21093	A/F-pg	B	A	three_field	1	1	2	B*57:01:01	B*37:01:01
NA21093	A/F-pg	C	A	two_field	1	1	2	06:02	06:02
NA21093	A/F-pg	C	A	g_group	1	1	2	06:02:01G	06:02:01G
NA21093	A/F-pg	C	A	three_field	1	1	2	C*06:02:01	C*06:02:01
NA21093	A/F-pg	DPA1	A	two_field	1	1	2	01:03	01:03
NA21093	A/F-pg	DPA1	A	g_group	1	1	2	01:03:01G	01:03:01G
NA21093	A/F-pg	DPA1	A	three_field	1	1	2	DPA1*01:03:01	DPA1*01:03:01
NA21093	A/F-pg	DPB1	A	two_field	1	1	2	02:01	02:01
NA21093	A/F-pg	DPB1	A	g_group	1	1	2	02:01:02G	02:01:02G
NA21093	A/F-pg	DPB1	A	three_field	1	1	2	DPB1*02:01:02	DPB1*02:01:02
NA21093	A/F-pg	DQA1	A	two_field	1	1	2	02:01	01:05
NA21093	A/F-pg	DQA1	A	g_group	1	1	2	02:01:01G	01:01:01G
NA21093	A/F-pg	DQA1	A	three_field	1	1	2	DQA1*02:01:01	DQA1*01:05:01
NA21093	A/F-pg	DQB1	A	two_field	1	1	2	03:03	05:01
NA21093	A/F-pg	DQB1	A	g_group	1	1	2	03:03:02G	05:01:01G
NA21093	A/F-pg	DQB1	A	three_field	1	1	2	DQB1*03:03:02	DQB1*05:01:01
NA21093	A/F-pg	DRB1	A	two_field	1	1	2	07:01	10:01
NA21093	A/F-pg	DRB1	A	g_group	1	1	2	07:01:01G	10:01:01G
NA21093	A/F-pg	DRB1	A	three_field	1	1	2	DRB1*07:01:01	DRB1*10:01:01
