donor	stratum	gene	method	truth	prediction	called	correct	allele_matches
NA18570	EAS	A	T1K	02:01;02:06	02:06;02:01	1	1	2
NA18570	EAS	A	SpecHLA	02:01;02:06	02:01;02:06	1	1	2
NA18570	EAS	B	T1K	15:01;15:11	15:11;15:542	1	0	1
NA18570	EAS	B	SpecHLA	15:01;15:11	15:01;15:11	1	1	2
NA18570	EAS	C	T1K	03:03;03:03	03:03;03:03	1	1	2
NA18570	EAS	C	SpecHLA	03:03;03:03	03:03;03:03	1	1	2
NA18570	EAS	DRB1	T1K	04:04;11:01:01/11:01:08	11:01;04:04	1	1	2
NA18570	EAS	DRB1	SpecHLA	04:04;11:01:01/11:01:08	11:01;04:04	1	1	2
NA18570	EAS	DQB1	T1K	03:02;03:01	03:02;03:01	1	1	2
NA18570	EAS	DQB1	SpecHLA	03:02;03:01	03:02;03:01	1	1	2
NA18608	EAS	A	T1K	24:02;31:01	24:02;31:01	1	1	2
NA18608	EAS	A	SpecHLA	24:02;31:01	24:02;31:01	1	1	2
NA18608	EAS	B	T1K	48:01;51:01	48:01;51:01	1	1	2
NA18608	EAS	B	SpecHLA	48:01;51:01	51:01;48:01	1	1	2
NA18608	EAS	C	T1K	08:01;15:02	15:02;08:01	1	1	2
NA18608	EAS	C	SpecHLA	08:01;15:02	08:01;15:02	1	1	2
NA18608	EAS	DRB1	T1K	14:01;14:44	14:05;14:07	1	0	0
NA18608	EAS	DRB1	SpecHLA	14:01;14:44	14:07;14:05	1	0	0
NA18608	EAS	DQB1	T1K	05:03;05:03	05:03;05:03	1	1	2
NA18608	EAS	DQB1	SpecHLA	05:03;05:03	05:03;05:03	1	1	2
NA18620	EAS	A	T1K	02:01;32:01:01/32:01:02	32:01;02:01	1	1	2
NA18620	EAS	A	SpecHLA	02:01;32:01:01/32:01:02	32:01;02:01	1	1	2
NA18620	EAS	B	T1K	40:01;48:01	40:01;48:01	1	1	2
NA18620	EAS	B	SpecHLA	40:01;48:01	48:01;40:01	1	1	2
NA18620	EAS	C	T1K	04:01;07:02	07:02;04:82	1	0	1
NA18620	EAS	C	SpecHLA	04:01;07:02	04:01;07:02	1	1	2
NA18620	EAS	DRB1	T1K	12:01;12:02	12:02;12:01	1	1	2
NA18620	EAS	DRB1	SpecHLA	12:01;12:02	12:01;12:02	1	1	2
NA18620	EAS	DQB1	T1K	03:01;03:01	03:01;03:276	1	0	1
NA18620	EAS	DQB1	SpecHLA	03:01;03:01	03:01;03:01	1	1	2
NA18747	EAS	A	T1K	01:01:01:01/01:01:01:02N/01:04N/01:22N/01:32/01:34N/01:37;02:01:01:01/02:01:01:02L/02:01:01:03/02:01:08/02:01:11/02:01:14/02:01:15/02:01:21/02:09/02:43N/02:66/02:75/02:83N/02:89/02:97/02:132/02:134/02:140	01:01;02:01	1	1	2
NA18747	EAS	A	SpecHLA	01:01:01:01/01:01:01:02N/01:04N/01:22N/01:32/01:34N/01:37;02:01:01:01/02:01:01:02L/02:01:01:03/02:01:08/02:01:11/02:01:14/02:01:15/02:01:21/02:09/02:43N/02:66/02:75/02:83N/02:89/02:97/02:132/02:134/02:140	01:01;02:01	1	1	2
NA18747	EAS	B	T1K	15:27:01;35:03:01/35:70	15:27;35:03	1	1	2
NA18747	EAS	B	SpecHLA	15:27:01;35:03:01/35:70	15:27;35:03	1	1	2
NA18747	EAS	C	T1K	04:01:01:01/04:01:01:02/04:01:01:03/04:09N/04:28/04:30/04:41;04:01:01:01/04:01:01:02/04:01:01:03/04:09N/04:28/04:30/04:41	04:01;04:01	1	1	2
NA18747	EAS	C	SpecHLA	04:01:01:01/04:01:01:02/04:01:01:03/04:09N/04:28/04:30/04:41;04:01:01:01/04:01:01:02/04:01:01:03/04:09N/04:28/04:30/04:41	04:01;04:01	1	1	2
NA18747	EAS	DRB1	T1K	15:01:01:01/15:01:01:02;14:05:01	15:01;14:05	1	1	2
NA18747	EAS	DRB1	SpecHLA	15:01:01:01/15:01:01:02;14:05:01	15:01;14:05	1	1	2
NA18747	EAS	DQB1	T1K	05:03:01;06:02:01	05:03;06:02	1	1	2
NA18747	EAS	DQB1	SpecHLA	05:03:01;06:02:01	06:02;05:03	1	1	2
NA18940	EAS	A	T1K	24:02;24:02	24:02;24:02	1	1	2
NA18940	EAS	A	SpecHLA	24:02;24:02	24:02;24:02	1	1	2
NA18940	EAS	B	T1K	46:01;52:01	46:01;52:01	1	1	2
NA18940	EAS	B	SpecHLA	46:01;52:01	46:01;52:01	1	1	2
NA18940	EAS	C	T1K	01:03;12:02:01/12:02:02	01:03;12:02	1	1	2
NA18940	EAS	C	SpecHLA	01:03;12:02:01/12:02:02	01:03;12:02	1	1	2
NA18940	EAS	DRB1	T1K	15:02;08:02	08:02;15:02	1	1	2
NA18940	EAS	DRB1	SpecHLA	15:02;08:02	08:02;15:02	1	1	2
NA18952	EAS	A	T1K	24:02;31:01	31:01;24:02	1	1	2
NA18952	EAS	A	SpecHLA	24:02;31:01	31:01;24:02	1	1	2
NA18952	EAS	B	T1K	07:02;51:01	51:01;07:02	1	1	2
NA18952	EAS	B	SpecHLA	07:02;51:01	07:02;51:01	1	1	2
NA18952	EAS	C	T1K	07:02;14:02	14:02;07:02	1	1	2
NA18952	EAS	C	SpecHLA	07:02;14:02	14:02;07:02	1	1	2
NA18952	EAS	DRB1	T1K	14:01;09:01	09:01;14:54	1	0	1
NA18952	EAS	DRB1	SpecHLA	14:01;09:01	14:54;09:01	1	0	1
NA18952	EAS	DQB1	T1K	05:03;03:03	05:03;03:03	1	1	2
NA18952	EAS	DQB1	SpecHLA	05:03;03:03	03:03;05:03	1	1	2
NA19087	EAS	A	T1K	02:01:01:01/02:01:01:02L/02:01:01:03/02:01:08/02:01:11/02:01:14/02:01:15/02:01:21/02:09/02:43N/02:66/02:75/02:83N/02:89/02:97/02:132/02:134/02:140;33:03:01/33:03:03/33:15/33:25	33:03;02:01	1	1	2
NA19087	EAS	A	SpecHLA	02:01:01:01/02:01:01:02L/02:01:01:03/02:01:08/02:01:11/02:01:14/02:01:15/02:01:21/02:09/02:43N/02:66/02:75/02:83N/02:89/02:97/02:132/02:134/02:140;33:03:01/33:03:03/33:15/33:25	33:03;02:01	1	1	2
NA19087	EAS	B	T1K	35:01:01/35:01:03/35:40N/35:42/35:57/35:94;44:03:01/44:03:03/44:03:04	35:01;44:03	1	1	2
NA19087	EAS	B	SpecHLA	35:01:01/35:01:03/35:40N/35:42/35:57/35:94;44:03:01/44:03:03/44:03:04	44:03;35:01	1	1	2
NA19087	EAS	C	T1K	03:03:01/03:20N;14:03	03:03;14:03	1	1	2
NA19087	EAS	C	SpecHLA	03:03:01/03:20N;14:03	03:03;14:03	1	1	2
NA19087	EAS	DRB1	T1K	13:02:01;04:10	13:02;04:10	1	1	2
NA19087	EAS	DRB1	SpecHLA	13:02:01;04:10	04:10;13:02	1	1	2
NA19087	EAS	DQB1	T1K	04:02;06:04:01/06:34	04:02;06:04	1	1	2
NA19087	EAS	DQB1	SpecHLA	04:02;06:04:01/06:34	04:02;06:04	1	1	2
NA19088	EAS	A	T1K	24:02:01:01/24:02:01:02L/24:02:03/24:02:10/24:02:13/24:09N/24:11N/24:40N/24:76/24:79/24:83N;26:03	26:03;24:02	1	1	2
NA19088	EAS	A	SpecHLA	24:02:01:01/24:02:01:02L/24:02:03/24:02:10/24:02:13/24:09N/24:11N/24:40N/24:76/24:79/24:83N;26:03	26:03;24:02	1	1	2
NA19088	EAS	B	T1K	15:07;15:01:01:01/15:01:01:02N/15:01:06/15:01:07/15:102/15:104/15:140/15:146	15:01;15:07	1	1	2
NA19088	EAS	B	SpecHLA	15:07;15:01:01:01/15:01:01:02N/15:01:06/15:01:07/15:102/15:104/15:140/15:146	15:07;15:01	1	1	2
NA19088	EAS	C	T1K	03:03:01/03:20N;03:03:01/03:20N	03:03;03:03	1	1	2
NA19088	EAS	C	SpecHLA	03:03:01/03:20N;03:03:01/03:20N	03:03;03:03	1	1	2
NA19088	EAS	DRB1	T1K	14:03:01;04:03:01	04:03;14:03	1	1	2
NA19088	EAS	DRB1	SpecHLA	14:03:01;04:03:01	14:02;04:03	1	0	1
NA19088	EAS	DQB1	T1K	03:02:01;03:01:01/03:01:04/03:09/03:19/03:21/03:22/03:24	03:02;03:01	1	1	2
NA19088	EAS	DQB1	SpecHLA	03:02:01;03:01:01/03:01:04/03:09/03:19/03:21/03:22/03:24	03:02;03:01	1	1	2
