donor	stratum	population	universe	variant_class	arm	n	called	correct	nonref_n	nonref_correct
HG02155	EAS	CDX	graph_shared_SNV	SNV	full	57787	57787	57578	10278	10105
HG02155	EAS	CDX	graph_shared_SNV	SNV	hprc	57787	57787	57531	10278	10095
HG02155	EAS	CDX	graph_shared_SNV	SNV	linear	57787	50468	50435	10278	9287
HG02155	EAS	CDX	three_way_shared_PASS_SNV	SNV	full	50468	50468	50372	9318	9242
HG02155	EAS	CDX	three_way_shared_PASS_SNV	SNV	hprc	50468	50468	50358	9318	9228
HG02155	EAS	CDX	three_way_shared_PASS_SNV	SNV	linear	50468	50468	50435	9318	9287
NA18620	EAS	CHB	graph_shared_SNV	SNV	full	57787	57787	57603	14281	14118
NA18620	EAS	CHB	graph_shared_SNV	SNV	hprc	57787	57787	57549	14281	14072
NA18620	EAS	CHB	graph_shared_SNV	SNV	linear	57787	50468	50293	14281	11910
NA18620	EAS	CHB	three_way_shared_PASS_SNV	SNV	full	50468	50468	50363	12064	11975
NA18620	EAS	CHB	three_way_shared_PASS_SNV	SNV	hprc	50468	50468	50368	12064	11974
NA18620	EAS	CHB	three_way_shared_PASS_SNV	SNV	linear	50468	50468	50293	12064	11910
HG00706	EAS	CHS	graph_shared_SNV	SNV	full	57787	57787	57655	9750	9632
HG00706	EAS	CHS	graph_shared_SNV	SNV	hprc	57787	57787	57586	9750	9567
HG00706	EAS	CHS	graph_shared_SNV	SNV	linear	57787	50468	50442	9750	8785
HG00706	EAS	CHS	three_way_shared_PASS_SNV	SNV	full	50468	50468	50395	8811	8750
HG00706	EAS	CHS	three_way_shared_PASS_SNV	SNV	hprc	50468	50468	50379	8811	8732
HG00706	EAS	CHS	three_way_shared_PASS_SNV	SNV	linear	50468	50468	50442	8811	8785
NA19087	EAS	JPT	graph_shared_SNV	SNV	full	57787	57787	57655	14910	14791
NA19087	EAS	JPT	graph_shared_SNV	SNV	hprc	57787	57787	57409	14910	14578
NA19087	EAS	JPT	graph_shared_SNV	SNV	linear	57787	50468	50265	14910	12140
NA19087	EAS	JPT	three_way_shared_PASS_SNV	SNV	full	50468	50468	50400	12305	12245
NA19087	EAS	JPT	three_way_shared_PASS_SNV	SNV	hprc	50468	50468	50306	12305	12167
NA19087	EAS	JPT	three_way_shared_PASS_SNV	SNV	linear	50468	50468	50265	12305	12140
HG03804	SAS	BEB	graph_shared_SNV	SNV	full	57787	57787	57573	9901	9784
HG03804	SAS	BEB	graph_shared_SNV	SNV	hprc	57787	57785	57671	9901	9799
HG03804	SAS	BEB	graph_shared_SNV	SNV	linear	57787	50468	50434	9901	8891
HG03804	SAS	BEB	three_way_shared_PASS_SNV	SNV	full	50468	50468	50402	8925	8873
HG03804	SAS	BEB	three_way_shared_PASS_SNV	SNV	hprc	50468	50468	50426	8925	8886
HG03804	SAS	BEB	three_way_shared_PASS_SNV	SNV	linear	50468	50468	50434	8925	8891
NA21093	SAS	GIH	graph_shared_SNV	SNV	full	57787	57787	57632	13109	12982
NA21093	SAS	GIH	graph_shared_SNV	SNV	hprc	57787	57787	57688	13109	13022
NA21093	SAS	GIH	graph_shared_SNV	SNV	linear	57787	50468	50216	13109	10336
NA21093	SAS	GIH	three_way_shared_PASS_SNV	SNV	full	50468	50468	50384	10564	10494
NA21093	SAS	GIH	three_way_shared_PASS_SNV	SNV	hprc	50468	50468	50405	10564	10511
NA21093	SAS	GIH	three_way_shared_PASS_SNV	SNV	linear	50468	50468	50216	10564	10336
HG03742	SAS	ITU	graph_shared_SNV	SNV	full	57787	57787	57613	13695	13532
HG03742	SAS	ITU	graph_shared_SNV	SNV	hprc	57787	57787	57587	13695	13520
HG03742	SAS	ITU	graph_shared_SNV	SNV	linear	57787	50468	50218	13695	10929
HG03742	SAS	ITU	three_way_shared_PASS_SNV	SNV	full	50468	50468	50373	11158	11068
HG03742	SAS	ITU	three_way_shared_PASS_SNV	SNV	hprc	50468	50468	50333	11158	11042
HG03742	SAS	ITU	three_way_shared_PASS_SNV	SNV	linear	50468	50468	50218	11158	10929
HG03239	SAS	PJL	graph_shared_SNV	SNV	full	57787	57787	57625	14827	14678
HG03239	SAS	PJL	graph_shared_SNV	SNV	hprc	57787	57787	57365	14827	14475
HG03239	SAS	PJL	graph_shared_SNV	SNV	linear	57787	50468	50231	14827	12033
HG03239	SAS	PJL	three_way_shared_PASS_SNV	SNV	full	50468	50468	50410	12256	12205
HG03239	SAS	PJL	three_way_shared_PASS_SNV	SNV	hprc	50468	50468	50348	12256	12155
HG03239	SAS	PJL	three_way_shared_PASS_SNV	SNV	linear	50468	50468	50231	12256	12033
HG02178	EAS	CDX	graph_shared_SNV	SNV	full	57756	57756	57591	13006	12851
HG02178	EAS	CDX	graph_shared_SNV	SNV	hprc	57756	57756	57602	13006	12864
HG02178	EAS	CDX	graph_shared_SNV	SNV	linear	57756	50466	50296	13006	10644
HG02178	EAS	CDX	three_way_shared_PASS_SNV	SNV	full	50466	50466	50369	10799	10710
HG02178	EAS	CDX	three_way_shared_PASS_SNV	SNV	hprc	50466	50466	50376	10799	10721
HG02178	EAS	CDX	three_way_shared_PASS_SNV	SNV	linear	50466	50466	50296	10799	10644
NA18608	EAS	CHB	graph_shared_SNV	SNV	full	57756	57756	57621	11464	11343
NA18608	EAS	CHB	graph_shared_SNV	SNV	hprc	57756	57756	57634	11464	11363
NA18608	EAS	CHB	graph_shared_SNV	SNV	linear	57756	50466	50304	11464	10040
NA18608	EAS	CHB	three_way_shared_PASS_SNV	SNV	full	50466	50466	50360	10139	10046
NA18608	EAS	CHB	three_way_shared_PASS_SNV	SNV	hprc	50466	50466	50366	10139	10057
NA18608	EAS	CHB	three_way_shared_PASS_SNV	SNV	linear	50466	50466	50304	10139	10040
HG00658	EAS	CHS	graph_shared_SNV	SNV	full	57756	57756	57336	13120	12742
HG00658	EAS	CHS	graph_shared_SNV	SNV	hprc	57756	57756	57366	13120	12774
HG00658	EAS	CHS	graph_shared_SNV	SNV	linear	57756	50466	50344	13120	11239
HG00658	EAS	CHS	three_way_shared_PASS_SNV	SNV	full	50466	50466	50335	11347	11236
HG00658	EAS	CHS	three_way_shared_PASS_SNV	SNV	hprc	50466	50466	50338	11347	11244
HG00658	EAS	CHS	three_way_shared_PASS_SNV	SNV	linear	50466	50466	50344	11347	11239
HG02132	EAS	KHV	graph_shared_SNV	SNV	full	57756	57756	57495	15162	14963
HG02132	EAS	KHV	graph_shared_SNV	SNV	hprc	57756	57753	57318	15162	14818
HG02132	EAS	KHV	graph_shared_SNV	SNV	linear	57756	50466	50215	15162	12488
HG02132	EAS	KHV	three_way_shared_PASS_SNV	SNV	full	50466	50466	50424	12705	12671
HG02132	EAS	KHV	three_way_shared_PASS_SNV	SNV	hprc	50466	50466	50361	12705	12622
HG02132	EAS	KHV	three_way_shared_PASS_SNV	SNV	linear	50466	50466	50215	12705	12488
HG03831	SAS	BEB	graph_shared_SNV	SNV	full	57756	57756	57559	12583	12418
HG03831	SAS	BEB	graph_shared_SNV	SNV	hprc	57756	57756	57515	12583	12366
HG03831	SAS	BEB	graph_shared_SNV	SNV	linear	57756	50466	50378	12583	11319
HG03831	SAS	BEB	three_way_shared_PASS_SNV	SNV	full	50466	50466	50387	11365	11291
HG03831	SAS	BEB	three_way_shared_PASS_SNV	SNV	hprc	50466	50466	50370	11365	11278
HG03831	SAS	BEB	three_way_shared_PASS_SNV	SNV	linear	50466	50466	50378	11365	11319
NA20905	SAS	GIH	graph_shared_SNV	SNV	full	57756	57756	57657	12978	12891
NA20905	SAS	GIH	graph_shared_SNV	SNV	hprc	57756	57756	57613	12978	12843
NA20905	SAS	GIH	graph_shared_SNV	SNV	linear	57756	50466	50331	12978	10795
NA20905	SAS	GIH	three_way_shared_PASS_SNV	SNV	full	50466	50466	50407	10909	10860
NA20905	SAS	GIH	three_way_shared_PASS_SNV	SNV	hprc	50466	50466	50411	10909	10861
NA20905	SAS	GIH	three_way_shared_PASS_SNV	SNV	linear	50466	50466	50331	10909	10795
HG03874	SAS	ITU	graph_shared_SNV	SNV	full	57756	57756	57526	14310	14114
HG03874	SAS	ITU	graph_shared_SNV	SNV	hprc	57756	57756	57569	14310	14148
HG03874	SAS	ITU	graph_shared_SNV	SNV	linear	57756	50466	50206	14310	11268
HG03874	SAS	ITU	three_way_shared_PASS_SNV	SNV	full	50466	50466	50364	11497	11415
HG03874	SAS	ITU	three_way_shared_PASS_SNV	SNV	hprc	50466	50466	50389	11497	11435
HG03874	SAS	ITU	three_way_shared_PASS_SNV	SNV	linear	50466	50466	50206	11497	11268
HG04199	SAS	STU	graph_shared_SNV	SNV	full	57756	57756	57357	13763	13370
HG04199	SAS	STU	graph_shared_SNV	SNV	hprc	57756	57755	57348	13763	13403
HG04199	SAS	STU	graph_shared_SNV	SNV	linear	57756	50466	50270	13763	11181
HG04199	SAS	STU	three_way_shared_PASS_SNV	SNV	full	50466	50466	50346	11346	11231
HG04199	SAS	STU	three_way_shared_PASS_SNV	SNV	hprc	50466	50466	50319	11346	11216
HG04199	SAS	STU	three_way_shared_PASS_SNV	SNV	linear	50466	50466	50270	11346	11181
HG02391	EAS	CDX	graph_shared_SNV	SNV	full	57735	57735	57636	9156	9063
HG02391	EAS	CDX	graph_shared_SNV	SNV	hprc	57735	57735	57545	9156	9029
HG02391	EAS	CDX	graph_shared_SNV	SNV	linear	57735	50387	50364	9156	8214
HG02391	EAS	CDX	three_way_shared_PASS_SNV	SNV	full	50387	50387	50354	8235	8204
HG02391	EAS	CDX	three_way_shared_PASS_SNV	SNV	hprc	50387	50387	50274	8235	8174
HG02391	EAS	CDX	three_way_shared_PASS_SNV	SNV	linear	50387	50387	50364	8235	8214
NA18570	EAS	CHB	graph_shared_SNV	SNV	full	57735	57735	57410	13526	13246
NA18570	EAS	CHB	graph_shared_SNV	SNV	hprc	57735	57735	57261	13526	13060
NA18570	EAS	CHB	graph_shared_SNV	SNV	linear	57735	50387	50150	13526	10616
NA18570	EAS	CHB	three_way_shared_PASS_SNV	SNV	full	50387	50387	50258	10822	10703
NA18570	EAS	CHB	three_way_shared_PASS_SNV	SNV	hprc	50387	50387	50200	10822	10642
NA18570	EAS	CHB	three_way_shared_PASS_SNV	SNV	linear	50387	50387	50150	10822	10616
NA18940	EAS	JPT	graph_shared_SNV	SNV	full	57735	57735	57637	13232	13142
NA18940	EAS	JPT	graph_shared_SNV	SNV	hprc	57735	57735	57613	13232	13114
NA18940	EAS	JPT	graph_shared_SNV	SNV	linear	57735	50387	50255	13232	10941
NA18940	EAS	JPT	three_way_shared_PASS_SNV	SNV	full	50387	50387	50336	11072	11027
NA18940	EAS	JPT	three_way_shared_PASS_SNV	SNV	hprc	50387	50387	50354	11072	11043
NA18940	EAS	JPT	three_way_shared_PASS_SNV	SNV	linear	50387	50387	50255	11072	10941
HG02027	EAS	KHV	graph_shared_SNV	SNV	full	57735	57735	57222	13321	12899
HG02027	EAS	KHV	graph_shared_SNV	SNV	hprc	57735	57735	56940	13321	12728
HG02027	EAS	KHV	graph_shared_SNV	SNV	linear	57735	50387	50231	13321	11213
HG02027	EAS	KHV	three_way_shared_PASS_SNV	SNV	full	50387	50387	50256	11345	11243
HG02027	EAS	KHV	three_way_shared_PASS_SNV	SNV	hprc	50387	50387	50136	11345	11160
HG02027	EAS	KHV	three_way_shared_PASS_SNV	SNV	linear	50387	50387	50231	11345	11213
HG04187	SAS	BEB	graph_shared_SNV	SNV	full	57735	57735	57497	13497	13282
HG04187	SAS	BEB	graph_shared_SNV	SNV	hprc	57735	57735	57450	13497	13230
HG04187	SAS	BEB	graph_shared_SNV	SNV	linear	57735	50387	50214	13497	11244
HG04187	SAS	BEB	three_way_shared_PASS_SNV	SNV	full	50387	50387	50309	11358	11290
HG04187	SAS	BEB	three_way_shared_PASS_SNV	SNV	hprc	50387	50387	50317	11358	11295
HG04187	SAS	BEB	three_way_shared_PASS_SNV	SNV	linear	50387	50387	50214	11358	11244
NA21144	SAS	GIH	graph_shared_SNV	SNV	full	57735	57735	57562	15894	15732
NA21144	SAS	GIH	graph_shared_SNV	SNV	hprc	57735	57735	57403	15894	15572
NA21144	SAS	GIH	graph_shared_SNV	SNV	linear	57735	50387	50119	15894	12755
NA21144	SAS	GIH	three_way_shared_PASS_SNV	SNV	full	50387	50387	50337	12982	12938
NA21144	SAS	GIH	three_way_shared_PASS_SNV	SNV	hprc	50387	50387	50273	12982	12873
NA21144	SAS	GIH	three_way_shared_PASS_SNV	SNV	linear	50387	50387	50119	12982	12755
HG02602	SAS	PJL	graph_shared_SNV	SNV	full	57735	57734	57198	14555	14041
HG02602	SAS	PJL	graph_shared_SNV	SNV	hprc	57735	57735	57382	14555	14223
HG02602	SAS	PJL	graph_shared_SNV	SNV	linear	57735	50387	50159	14555	11840
HG02602	SAS	PJL	three_way_shared_PASS_SNV	SNV	full	50387	50386	50196	12042	11872
HG02602	SAS	PJL	three_way_shared_PASS_SNV	SNV	hprc	50387	50387	50242	12042	11909
HG02602	SAS	PJL	three_way_shared_PASS_SNV	SNV	linear	50387	50387	50159	12042	11840
HG04115	SAS	STU	graph_shared_SNV	SNV	full	57735	57735	57496	15408	15196
HG04115	SAS	STU	graph_shared_SNV	SNV	hprc	57735	57735	57490	15408	15196
HG04115	SAS	STU	graph_shared_SNV	SNV	linear	57735	50387	50134	15408	12501
HG04115	SAS	STU	three_way_shared_PASS_SNV	SNV	full	50387	50387	50270	12733	12624
HG04115	SAS	STU	three_way_shared_PASS_SNV	SNV	hprc	50387	50387	50264	12733	12624
HG04115	SAS	STU	three_way_shared_PASS_SNV	SNV	linear	50387	50387	50134	12733	12501
HG02165	EAS	CDX	graph_shared_SNV	SNV	full	57915	57915	57733	11324	11201
HG02165	EAS	CDX	graph_shared_SNV	SNV	hprc	57915	57915	57747	11324	11234
HG02165	EAS	CDX	graph_shared_SNV	SNV	linear	57915	50534	50424	11324	9821
HG02165	EAS	CDX	three_way_shared_PASS_SNV	SNV	full	50534	50534	50455	9904	9846
HG02165	EAS	CDX	three_way_shared_PASS_SNV	SNV	hprc	50534	50534	50447	9904	9846
HG02165	EAS	CDX	three_way_shared_PASS_SNV	SNV	linear	50534	50534	50424	9904	9821
HG00558	EAS	CHS	graph_shared_SNV	SNV	full	57915	57915	57535	14441	14094
HG00558	EAS	CHS	graph_shared_SNV	SNV	hprc	57915	57915	57521	14441	14095
HG00558	EAS	CHS	graph_shared_SNV	SNV	linear	57915	50534	50311	14441	11616
HG00558	EAS	CHS	three_way_shared_PASS_SNV	SNV	full	50534	50534	50420	11821	11720
HG00558	EAS	CHS	three_way_shared_PASS_SNV	SNV	hprc	50534	50534	50411	11821	11715
HG00558	EAS	CHS	three_way_shared_PASS_SNV	SNV	linear	50534	50534	50311	11821	11616
NA18952	EAS	JPT	graph_shared_SNV	SNV	full	57915	57915	57819	12777	12711
NA18952	EAS	JPT	graph_shared_SNV	SNV	hprc	57915	57915	57799	12777	12693
NA18952	EAS	JPT	graph_shared_SNV	SNV	linear	57915	50534	50319	12777	10233
NA18952	EAS	JPT	three_way_shared_PASS_SNV	SNV	full	50534	50534	50473	10411	10365
NA18952	EAS	JPT	three_way_shared_PASS_SNV	SNV	hprc	50534	50534	50457	10411	10356
NA18952	EAS	JPT	three_way_shared_PASS_SNV	SNV	linear	50534	50534	50319	10411	10233
HG02523	EAS	KHV	graph_shared_SNV	SNV	full	57915	57915	57690	14041	13830
HG02523	EAS	KHV	graph_shared_SNV	SNV	hprc	57915	57915	57628	14041	13782
HG02523	EAS	KHV	graph_shared_SNV	SNV	linear	57915	50534	50322	14041	11408
HG02523	EAS	KHV	three_way_shared_PASS_SNV	SNV	full	50534	50534	50492	11602	11563
HG02523	EAS	KHV	three_way_shared_PASS_SNV	SNV	hprc	50534	50534	50479	11602	11552
HG02523	EAS	KHV	three_way_shared_PASS_SNV	SNV	linear	50534	50534	50322	11602	11408
HG03927	SAS	BEB	graph_shared_SNV	SNV	full	57915	57915	57685	14369	14187
HG03927	SAS	BEB	graph_shared_SNV	SNV	hprc	57915	57915	57564	14369	14052
HG03927	SAS	BEB	graph_shared_SNV	SNV	linear	57915	50534	50300	14369	11582
HG03927	SAS	BEB	three_way_shared_PASS_SNV	SNV	full	50534	50534	50436	11768	11692
HG03927	SAS	BEB	three_way_shared_PASS_SNV	SNV	hprc	50534	50534	50425	11768	11669
HG03927	SAS	BEB	three_way_shared_PASS_SNV	SNV	linear	50534	50534	50300	11768	11582
NA21106	SAS	GIH	graph_shared_SNV	SNV	full	57915	57915	57852	11200	11150
NA21106	SAS	GIH	graph_shared_SNV	SNV	hprc	57915	57915	57837	11200	11137
NA21106	SAS	GIH	graph_shared_SNV	SNV	linear	57915	50534	50491	11200	10164
NA21106	SAS	GIH	three_way_shared_PASS_SNV	SNV	full	50534	50534	50503	10207	10184
NA21106	SAS	GIH	three_way_shared_PASS_SNV	SNV	hprc	50534	50534	50498	10207	10182
NA21106	SAS	GIH	three_way_shared_PASS_SNV	SNV	linear	50534	50534	50491	10207	10164
HG02738	SAS	PJL	graph_shared_SNV	SNV	full	57915	57915	57576	13522	13209
HG02738	SAS	PJL	graph_shared_SNV	SNV	hprc	57915	57915	57631	13522	13278
HG02738	SAS	PJL	graph_shared_SNV	SNV	linear	57915	50534	50382	13522	11358
HG02738	SAS	PJL	three_way_shared_PASS_SNV	SNV	full	50534	50534	50470	11468	11418
HG02738	SAS	PJL	three_way_shared_PASS_SNV	SNV	hprc	50534	50534	50457	11468	11404
HG02738	SAS	PJL	three_way_shared_PASS_SNV	SNV	linear	50534	50534	50382	11468	11358
HG03688	SAS	STU	graph_shared_SNV	SNV	full	57915	57915	57669	13857	13626
HG03688	SAS	STU	graph_shared_SNV	SNV	hprc	57915	57915	57637	13857	13598
HG03688	SAS	STU	graph_shared_SNV	SNV	linear	57915	50534	50369	13857	11344
HG03688	SAS	STU	three_way_shared_PASS_SNV	SNV	full	50534	50534	50447	11493	11410
HG03688	SAS	STU	three_way_shared_PASS_SNV	SNV	hprc	50534	50534	50444	11493	11413
HG03688	SAS	STU	three_way_shared_PASS_SNV	SNV	linear	50534	50534	50369	11493	11344
NA18747	EAS	CHB	graph_shared_SNV	SNV	full	57415	57415	57345	11083	11031
NA18747	EAS	CHB	graph_shared_SNV	SNV	hprc	57415	57415	57293	11083	10989
NA18747	EAS	CHB	graph_shared_SNV	SNV	linear	57415	50054	49935	11083	9639
NA18747	EAS	CHB	three_way_shared_PASS_SNV	SNV	full	50054	50054	50013	9721	9689
NA18747	EAS	CHB	three_way_shared_PASS_SNV	SNV	hprc	50054	50054	49995	9721	9679
NA18747	EAS	CHB	three_way_shared_PASS_SNV	SNV	linear	50054	50054	49935	9721	9639
HG00609	EAS	CHS	graph_shared_SNV	SNV	full	57415	57415	57186	12978	12764
HG00609	EAS	CHS	graph_shared_SNV	SNV	hprc	57415	57415	57219	12978	12791
HG00609	EAS	CHS	graph_shared_SNV	SNV	linear	57415	50054	49909	12978	10665
HG00609	EAS	CHS	three_way_shared_PASS_SNV	SNV	full	50054	50054	49969	10794	10717
HG00609	EAS	CHS	three_way_shared_PASS_SNV	SNV	hprc	50054	50054	49985	10794	10734
HG00609	EAS	CHS	three_way_shared_PASS_SNV	SNV	linear	50054	50054	49909	10794	10665
NA19088	EAS	JPT	graph_shared_SNV	SNV	full	57415	57415	57262	14559	14427
NA19088	EAS	JPT	graph_shared_SNV	SNV	hprc	57415	57415	57240	14559	14395
NA19088	EAS	JPT	graph_shared_SNV	SNV	linear	57415	50054	49845	14559	11635
NA19088	EAS	JPT	three_way_shared_PASS_SNV	SNV	full	50054	50054	49951	11822	11737
NA19088	EAS	JPT	three_way_shared_PASS_SNV	SNV	hprc	50054	50054	49940	11822	11717
NA19088	EAS	JPT	three_way_shared_PASS_SNV	SNV	linear	50054	50054	49845	11822	11635
HG02074	EAS	KHV	graph_shared_SNV	SNV	full	57415	57415	56814	13785	13231
HG02074	EAS	KHV	graph_shared_SNV	SNV	hprc	57415	57415	56677	13785	13068
HG02074	EAS	KHV	graph_shared_SNV	SNV	linear	57415	50054	49860	13785	11084
HG02074	EAS	KHV	three_way_shared_PASS_SNV	SNV	full	50054	50054	49895	11250	11106
HG02074	EAS	KHV	three_way_shared_PASS_SNV	SNV	hprc	50054	50054	49852	11250	11059
HG02074	EAS	KHV	three_way_shared_PASS_SNV	SNV	linear	50054	50054	49860	11250	11084
HG04157	SAS	BEB	graph_shared_SNV	SNV	full	57415	57415	57205	15231	15035
HG04157	SAS	BEB	graph_shared_SNV	SNV	hprc	57415	57415	57176	15231	14999
HG04157	SAS	BEB	graph_shared_SNV	SNV	linear	57415	50054	49858	15231	12656
HG04157	SAS	BEB	three_way_shared_PASS_SNV	SNV	full	50054	50054	49975	12824	12753
HG04157	SAS	BEB	three_way_shared_PASS_SNV	SNV	hprc	50054	50054	49981	12824	12754
HG04157	SAS	BEB	three_way_shared_PASS_SNV	SNV	linear	50054	50054	49858	12824	12656
HG03784	SAS	ITU	graph_shared_SNV	SNV	full	57415	57415	57104	13011	12715
HG03784	SAS	ITU	graph_shared_SNV	SNV	hprc	57415	57415	57010	13011	12631
HG03784	SAS	ITU	graph_shared_SNV	SNV	linear	57415	50054	49914	13011	10749
HG03784	SAS	ITU	three_way_shared_PASS_SNV	SNV	full	50054	50054	49922	10862	10740
HG03784	SAS	ITU	three_way_shared_PASS_SNV	SNV	hprc	50054	50054	49917	10862	10749
HG03784	SAS	ITU	three_way_shared_PASS_SNV	SNV	linear	50054	50054	49914	10862	10749
HG03017	SAS	PJL	graph_shared_SNV	SNV	full	57415	57415	57157	13385	13151
HG03017	SAS	PJL	graph_shared_SNV	SNV	hprc	57415	57415	57025	13385	13038
HG03017	SAS	PJL	graph_shared_SNV	SNV	linear	57415	50054	49920	13385	11222
HG03017	SAS	PJL	three_way_shared_PASS_SNV	SNV	full	50054	50054	50003	11355	11312
HG03017	SAS	PJL	three_way_shared_PASS_SNV	SNV	hprc	50054	50054	49873	11355	11205
HG03017	SAS	PJL	three_way_shared_PASS_SNV	SNV	linear	50054	50054	49920	11355	11222
HG04204	SAS	STU	graph_shared_SNV	SNV	full	57415	57415	57181	14036	13828
HG04204	SAS	STU	graph_shared_SNV	SNV	hprc	57415	57415	57156	14036	13859
HG04204	SAS	STU	graph_shared_SNV	SNV	linear	57415	50054	49870	14036	11562
HG04204	SAS	STU	three_way_shared_PASS_SNV	SNV	full	50054	50054	49937	11734	11634
HG04204	SAS	STU	three_way_shared_PASS_SNV	SNV	hprc	50054	50054	49967	11734	11672
HG04204	SAS	STU	three_way_shared_PASS_SNV	SNV	linear	50054	50054	49870	11734	11562
