donor	stratum	population	fold	universe	variant_class	arm	n	site_present	represented	called	correct	nonref_n	nonref_correct
HG02155	EAS	CDX	0	all_truth	ALL	full	97372	79556	79539	79554	79073	16704	13315
HG02155	EAS	CDX	0	all_truth	ALL	hprc	97372	84869	84832	84865	84128	16704	16054
HG02155	EAS	CDX	0	all_truth	SNV	full	79844	65229	65229	65229	65019	12513	10129
HG02155	EAS	CDX	0	all_truth	SNV	hprc	79844	70020	70018	70020	69672	12513	12179
HG02155	EAS	CDX	0	all_truth	SV_length_site	full	298	242	234	242	214	136	77
HG02155	EAS	CDX	0	all_truth	SV_length_site	hprc	298	282	265	279	235	136	88
HG02155	EAS	CDX	0	all_truth	small_complex	full	17230	14085	14076	14083	13840	4055	3109
HG02155	EAS	CDX	0	all_truth	small_complex	hprc	17230	14567	14549	14566	14221	4055	3787
HG02155	EAS	CDX	0	all_truth	truth_SV_length	full	57	43	40	43	32	57	32
HG02155	EAS	CDX	0	all_truth	truth_SV_length	hprc	57	56	45	53	37	57	37
HG02155	EAS	CDX	0	shared_sites	ALL	full	70187	70187	70170	70185	69705	13692	13289
HG02155	EAS	CDX	0	shared_sites	ALL	hprc	70187	70187	70158	70186	69632	13692	13279
HG02155	EAS	CDX	0	shared_sites	SNV	full	57787	57787	57787	57787	57578	10278	10105
HG02155	EAS	CDX	0	shared_sites	SNV	hprc	57787	57787	57786	57787	57531	10278	10095
HG02155	EAS	CDX	0	shared_sites	SV_length_site	full	234	234	226	234	206	105	77
HG02155	EAS	CDX	0	shared_sites	SV_length_site	hprc	234	234	222	233	201	105	74
HG02155	EAS	CDX	0	shared_sites	small_complex	full	12166	12166	12157	12164	11921	3309	3107
HG02155	EAS	CDX	0	shared_sites	small_complex	hprc	12166	12166	12150	12166	11900	3309	3110
HG02155	EAS	CDX	0	shared_sites	truth_SV_length	full	43	43	40	43	32	43	32
HG02155	EAS	CDX	0	shared_sites	truth_SV_length	hprc	43	43	37	42	31	43	31
NA18620	EAS	CHB	0	all_truth	ALL	full	97372	79556	79538	79555	79125	22923	18907
NA18620	EAS	CHB	0	all_truth	ALL	hprc	97372	84869	84822	84866	84133	22923	22095
NA18620	EAS	CHB	0	all_truth	SNV	full	79844	65229	65229	65229	65043	16995	14145
NA18620	EAS	CHB	0	all_truth	SNV	hprc	79844	70020	70019	70020	69709	16995	16590
NA18620	EAS	CHB	0	all_truth	SV_length_site	full	298	242	237	241	209	169	104
NA18620	EAS	CHB	0	all_truth	SV_length_site	hprc	298	282	262	280	235	169	118
NA18620	EAS	CHB	0	all_truth	small_complex	full	17230	14085	14072	14085	13873	5759	4658
NA18620	EAS	CHB	0	all_truth	small_complex	hprc	17230	14567	14541	14566	14189	5759	5387
NA18620	EAS	CHB	0	all_truth	truth_SV_length	full	87	73	70	73	57	87	57
NA18620	EAS	CHB	0	all_truth	truth_SV_length	hprc	87	85	72	85	62	87	62
NA18620	EAS	CHB	0	shared_sites	ALL	full	70187	70187	70169	70186	69758	19258	18874
NA18620	EAS	CHB	0	shared_sites	ALL	hprc	70187	70187	70158	70185	69631	19258	18757
NA18620	EAS	CHB	0	shared_sites	SNV	full	57787	57787	57787	57787	57603	14281	14118
NA18620	EAS	CHB	0	shared_sites	SNV	hprc	57787	57787	57786	57787	57549	14281	14072
NA18620	EAS	CHB	0	shared_sites	SV_length_site	full	234	234	229	233	201	137	104
NA18620	EAS	CHB	0	shared_sites	SV_length_site	hprc	234	234	224	232	203	137	106
NA18620	EAS	CHB	0	shared_sites	small_complex	full	12166	12166	12153	12166	11954	4840	4652
NA18620	EAS	CHB	0	shared_sites	small_complex	hprc	12166	12166	12148	12166	11879	4840	4579
NA18620	EAS	CHB	0	shared_sites	truth_SV_length	full	73	73	70	73	57	73	57
NA18620	EAS	CHB	0	shared_sites	truth_SV_length	hprc	73	73	66	73	57	73	57
HG00706	EAS	CHS	0	all_truth	ALL	full	97372	79556	79539	79554	79138	15959	12798
HG00706	EAS	CHS	0	all_truth	ALL	hprc	97372	84869	84827	84868	84216	15959	15249
HG00706	EAS	CHS	0	all_truth	SNV	full	79844	65229	65229	65229	65072	11834	9666
HG00706	EAS	CHS	0	all_truth	SNV	hprc	79844	70020	70018	70020	69753	11834	11502
HG00706	EAS	CHS	0	all_truth	SV_length_site	full	298	242	232	242	213	139	78
HG00706	EAS	CHS	0	all_truth	SV_length_site	hprc	298	282	260	282	240	139	93
HG00706	EAS	CHS	0	all_truth	small_complex	full	17230	14085	14078	14083	13853	3986	3054
HG00706	EAS	CHS	0	all_truth	small_complex	hprc	17230	14567	14549	14566	14223	3986	3654
HG00706	EAS	CHS	0	all_truth	truth_SV_length	full	54	42	39	42	33	54	33
HG00706	EAS	CHS	0	all_truth	truth_SV_length	hprc	54	52	43	52	38	54	38
HG00706	EAS	CHS	0	shared_sites	ALL	full	70187	70187	70170	70185	69795	13103	12762
HG00706	EAS	CHS	0	shared_sites	ALL	hprc	70187	70187	70156	70186	69698	13103	12658
HG00706	EAS	CHS	0	shared_sites	SNV	full	57787	57787	57787	57787	57655	9750	9632
HG00706	EAS	CHS	0	shared_sites	SNV	hprc	57787	57787	57786	57787	57586	9750	9567
HG00706	EAS	CHS	0	shared_sites	SV_length_site	full	234	234	224	234	205	106	78
HG00706	EAS	CHS	0	shared_sites	SV_length_site	hprc	234	234	219	234	204	106	76
HG00706	EAS	CHS	0	shared_sites	small_complex	full	12166	12166	12159	12164	11935	3247	3052
HG00706	EAS	CHS	0	shared_sites	small_complex	hprc	12166	12166	12151	12165	11908	3247	3015
HG00706	EAS	CHS	0	shared_sites	truth_SV_length	full	42	42	39	42	33	42	33
HG00706	EAS	CHS	0	shared_sites	truth_SV_length	hprc	42	42	39	42	35	42	35
NA19087	EAS	JPT	0	all_truth	ALL	full	97372	79556	79545	79556	79223	23886	19933
NA19087	EAS	JPT	0	all_truth	ALL	hprc	97372	84869	84855	84865	83980	23886	23068
NA19087	EAS	JPT	0	all_truth	SNV	full	79844	65229	65228	65229	65095	17629	14793
NA19087	EAS	JPT	0	all_truth	SNV	hprc	79844	70020	70020	70020	69560	17629	17221
NA19087	EAS	JPT	0	all_truth	SV_length_site	full	298	242	237	242	225	167	116
NA19087	EAS	JPT	0	all_truth	SV_length_site	hprc	298	282	275	281	249	167	131
NA19087	EAS	JPT	0	all_truth	small_complex	full	17230	14085	14080	14085	13903	6090	5024
NA19087	EAS	JPT	0	all_truth	small_complex	hprc	17230	14567	14560	14564	14171	6090	5716
NA19087	EAS	JPT	0	all_truth	truth_SV_length	full	82	69	65	69	58	82	58
NA19087	EAS	JPT	0	all_truth	truth_SV_length	hprc	82	81	75	80	61	82	61
NA19087	EAS	JPT	0	shared_sites	ALL	full	70187	70187	70177	70187	69856	20234	19931
NA19087	EAS	JPT	0	shared_sites	ALL	hprc	70187	70187	70175	70183	69437	20234	19555
NA19087	EAS	JPT	0	shared_sites	SNV	full	57787	57787	57787	57787	57655	14910	14791
NA19087	EAS	JPT	0	shared_sites	SNV	hprc	57787	57787	57787	57787	57409	14910	14578
NA19087	EAS	JPT	0	shared_sites	SV_length_site	full	234	234	229	234	217	133	116
NA19087	EAS	JPT	0	shared_sites	SV_length_site	hprc	234	234	229	233	210	133	109
NA19087	EAS	JPT	0	shared_sites	small_complex	full	12166	12166	12161	12166	11984	5191	5024
NA19087	EAS	JPT	0	shared_sites	small_complex	hprc	12166	12166	12159	12163	11818	5191	4868
NA19087	EAS	JPT	0	shared_sites	truth_SV_length	full	69	69	65	69	58	69	58
NA19087	EAS	JPT	0	shared_sites	truth_SV_length	hprc	69	69	65	68	53	69	53
HG03804	SAS	BEB	0	all_truth	ALL	full	97372	79556	79545	79555	79137	16356	13035
HG03804	SAS	BEB	0	all_truth	ALL	hprc	97372	84869	84850	84864	84462	16356	15890
HG03804	SAS	BEB	0	all_truth	SNV	full	79844	65229	65229	65229	65015	12128	9788
HG03804	SAS	BEB	0	all_truth	SNV	hprc	79844	70020	70020	70018	69833	12128	11893
HG03804	SAS	BEB	0	all_truth	SV_length_site	full	298	242	238	241	222	129	79
HG03804	SAS	BEB	0	all_truth	SV_length_site	hprc	298	282	274	281	258	129	101
HG03804	SAS	BEB	0	all_truth	small_complex	full	17230	14085	14078	14085	13900	4099	3168
HG03804	SAS	BEB	0	all_truth	small_complex	hprc	17230	14567	14556	14565	14371	4099	3896
HG03804	SAS	BEB	0	all_truth	truth_SV_length	full	56	44	43	43	35	56	35
HG03804	SAS	BEB	0	all_truth	truth_SV_length	hprc	56	54	51	53	45	56	45
HG03804	SAS	BEB	0	shared_sites	ALL	full	70187	70187	70177	70186	69769	13311	13031
HG03804	SAS	BEB	0	shared_sites	ALL	hprc	70187	70187	70173	70182	69919	13311	13067
HG03804	SAS	BEB	0	shared_sites	SNV	full	57787	57787	57787	57787	57573	9901	9784
HG03804	SAS	BEB	0	shared_sites	SNV	hprc	57787	57787	57787	57785	57671	9901	9799
HG03804	SAS	BEB	0	shared_sites	SV_length_site	full	234	234	230	233	214	99	79
HG03804	SAS	BEB	0	shared_sites	SV_length_site	hprc	234	234	229	233	217	99	82
HG03804	SAS	BEB	0	shared_sites	small_complex	full	12166	12166	12160	12166	11982	3311	3168
HG03804	SAS	BEB	0	shared_sites	small_complex	hprc	12166	12166	12157	12164	12031	3311	3186
HG03804	SAS	BEB	0	shared_sites	truth_SV_length	full	44	44	43	43	35	44	35
HG03804	SAS	BEB	0	shared_sites	truth_SV_length	hprc	44	44	43	43	38	44	38
NA21093	SAS	GIH	0	all_truth	ALL	full	97372	79556	79544	79556	79191	20535	17657
NA21093	SAS	GIH	0	all_truth	ALL	hprc	97372	84869	84849	84866	84437	20535	20126
NA21093	SAS	GIH	0	all_truth	SNV	full	79844	65229	65229	65229	65073	15009	12995
NA21093	SAS	GIH	0	all_truth	SNV	hprc	79844	70020	70020	70020	69861	15009	14840
NA21093	SAS	GIH	0	all_truth	SV_length_site	full	298	242	238	242	223	158	110
NA21093	SAS	GIH	0	all_truth	SV_length_site	hprc	298	282	274	281	256	158	129
NA21093	SAS	GIH	0	all_truth	small_complex	full	17230	14085	14077	14085	13895	5368	4552
NA21093	SAS	GIH	0	all_truth	small_complex	hprc	17230	14567	14555	14565	14320	5368	5157
NA21093	SAS	GIH	0	all_truth	truth_SV_length	full	82	73	71	73	66	82	66
NA21093	SAS	GIH	0	all_truth	truth_SV_length	hprc	82	81	75	80	69	82	69
NA21093	SAS	GIH	0	shared_sites	ALL	full	70187	70187	70175	70187	69824	17951	17644
NA21093	SAS	GIH	0	shared_sites	ALL	hprc	70187	70187	70174	70186	69899	17951	17696
NA21093	SAS	GIH	0	shared_sites	SNV	full	57787	57787	57787	57787	57632	13109	12982
NA21093	SAS	GIH	0	shared_sites	SNV	hprc	57787	57787	57787	57787	57688	13109	13022
NA21093	SAS	GIH	0	shared_sites	SV_length_site	full	234	234	230	234	215	128	110
NA21093	SAS	GIH	0	shared_sites	SV_length_site	hprc	234	234	229	233	218	128	112
NA21093	SAS	GIH	0	shared_sites	small_complex	full	12166	12166	12158	12166	11977	4714	4552
NA21093	SAS	GIH	0	shared_sites	small_complex	hprc	12166	12166	12158	12166	11993	4714	4562
NA21093	SAS	GIH	0	shared_sites	truth_SV_length	full	73	73	71	73	66	73	66
NA21093	SAS	GIH	0	shared_sites	truth_SV_length	hprc	73	73	70	72	66	73	66
HG03742	SAS	ITU	0	all_truth	ALL	full	97372	79556	79543	79556	79174	21504	18332
HG03742	SAS	ITU	0	all_truth	ALL	hprc	97372	84869	84843	84868	84358	21504	20944
HG03742	SAS	ITU	0	all_truth	SNV	full	79844	65229	65229	65229	65052	15826	13551
HG03742	SAS	ITU	0	all_truth	SNV	hprc	79844	70020	70019	70020	69791	15826	15540
HG03742	SAS	ITU	0	all_truth	SV_length_site	full	298	242	234	242	219	160	108
HG03742	SAS	ITU	0	all_truth	SV_length_site	hprc	298	282	267	281	245	160	122
HG03742	SAS	ITU	0	all_truth	small_complex	full	17230	14085	14080	14085	13903	5518	4673
HG03742	SAS	ITU	0	all_truth	small_complex	hprc	17230	14567	14557	14567	14322	5518	5282
HG03742	SAS	ITU	0	all_truth	truth_SV_length	full	82	72	69	72	61	82	61
HG03742	SAS	ITU	0	all_truth	truth_SV_length	hprc	82	81	74	81	64	82	64
HG03742	SAS	ITU	0	shared_sites	ALL	full	70187	70187	70175	70187	69809	18656	18311
HG03742	SAS	ITU	0	shared_sites	ALL	hprc	70187	70187	70166	70186	69764	18656	18279
HG03742	SAS	ITU	0	shared_sites	SNV	full	57787	57787	57787	57787	57613	13695	13532
HG03742	SAS	ITU	0	shared_sites	SNV	hprc	57787	57787	57786	57787	57587	13695	13520
HG03742	SAS	ITU	0	shared_sites	SV_length_site	full	234	234	226	234	211	130	108
HG03742	SAS	ITU	0	shared_sites	SV_length_site	hprc	234	234	223	233	207	130	104
HG03742	SAS	ITU	0	shared_sites	small_complex	full	12166	12166	12162	12166	11985	4831	4671
HG03742	SAS	ITU	0	shared_sites	small_complex	hprc	12166	12166	12157	12166	11970	4831	4655
HG03742	SAS	ITU	0	shared_sites	truth_SV_length	full	72	72	69	72	61	72	61
HG03742	SAS	ITU	0	shared_sites	truth_SV_length	hprc	72	72	67	72	59	72	59
HG03239	SAS	PJL	0	all_truth	ALL	full	97372	79556	79538	79554	79158	23533	19769
HG03239	SAS	PJL	0	all_truth	ALL	hprc	97372	84869	84834	84869	83813	23533	22459
HG03239	SAS	PJL	0	all_truth	SNV	full	79844	65229	65229	65229	65067	17393	14697
HG03239	SAS	PJL	0	all_truth	SNV	hprc	79844	70020	70019	70020	69479	17393	16824
HG03239	SAS	PJL	0	all_truth	SV_length_site	full	298	242	235	242	217	171	116
HG03239	SAS	PJL	0	all_truth	SV_length_site	hprc	298	282	268	282	240	171	128
HG03239	SAS	PJL	0	all_truth	small_complex	full	17230	14085	14074	14083	13874	5969	4956
HG03239	SAS	PJL	0	all_truth	small_complex	hprc	17230	14567	14547	14567	14094	5969	5507
HG03239	SAS	PJL	0	all_truth	truth_SV_length	full	90	78	76	78	64	90	64
HG03239	SAS	PJL	0	all_truth	truth_SV_length	hprc	90	89	82	89	64	90	64
HG03239	SAS	PJL	0	shared_sites	ALL	full	70187	70187	70169	70185	69790	20113	19749
HG03239	SAS	PJL	0	shared_sites	ALL	hprc	70187	70187	70163	70187	69352	20113	19377
HG03239	SAS	PJL	0	shared_sites	SNV	full	57787	57787	57787	57787	57625	14827	14678
HG03239	SAS	PJL	0	shared_sites	SNV	hprc	57787	57787	57787	57787	57365	14827	14475
HG03239	SAS	PJL	0	shared_sites	SV_length_site	full	234	234	227	234	209	140	116
HG03239	SAS	PJL	0	shared_sites	SV_length_site	hprc	234	234	226	234	202	140	109
HG03239	SAS	PJL	0	shared_sites	small_complex	full	12166	12166	12155	12164	11956	5146	4955
HG03239	SAS	PJL	0	shared_sites	small_complex	hprc	12166	12166	12150	12166	11785	5146	4793
HG03239	SAS	PJL	0	shared_sites	truth_SV_length	full	78	78	76	78	64	78	64
HG03239	SAS	PJL	0	shared_sites	truth_SV_length	hprc	78	78	75	78	60	78	60
HG02178	EAS	CDX	1	all_truth	ALL	full	97372	79505	79487	79505	79105	20264	17450
HG02178	EAS	CDX	1	all_truth	ALL	hprc	97372	84809	84772	84809	84313	20264	19714
HG02178	EAS	CDX	1	all_truth	SNV	full	79844	65182	65182	65182	65015	14784	12859
HG02178	EAS	CDX	1	all_truth	SNV	hprc	79844	69977	69977	69977	69777	14784	14526
HG02178	EAS	CDX	1	all_truth	SV_length_site	full	298	243	235	243	221	153	101
HG02178	EAS	CDX	1	all_truth	SV_length_site	hprc	298	283	267	283	252	153	121
HG02178	EAS	CDX	1	all_truth	small_complex	full	17230	14080	14070	14080	13869	5327	4490
HG02178	EAS	CDX	1	all_truth	small_complex	hprc	17230	14549	14528	14549	14284	5327	5067
HG02178	EAS	CDX	1	all_truth	truth_SV_length	full	69	56	51	56	46	69	46
HG02178	EAS	CDX	1	all_truth	truth_SV_length	hprc	69	68	58	68	56	69	56
HG02178	EAS	CDX	1	shared_sites	ALL	full	70148	70148	70131	70148	69751	17815	17441
HG02178	EAS	CDX	1	shared_sites	ALL	hprc	70148	70148	70121	70148	69768	17815	17460
HG02178	EAS	CDX	1	shared_sites	SNV	full	57756	57756	57756	57756	57591	13006	12851
HG02178	EAS	CDX	1	shared_sites	SNV	hprc	57756	57756	57756	57756	57602	13006	12864
HG02178	EAS	CDX	1	shared_sites	SV_length_site	full	235	235	227	235	213	123	101
HG02178	EAS	CDX	1	shared_sites	SV_length_site	hprc	235	235	224	235	211	123	100
HG02178	EAS	CDX	1	shared_sites	small_complex	full	12157	12157	12148	12157	11947	4686	4489
HG02178	EAS	CDX	1	shared_sites	small_complex	hprc	12157	12157	12141	12157	11955	4686	4496
HG02178	EAS	CDX	1	shared_sites	truth_SV_length	full	56	56	51	56	46	56	46
HG02178	EAS	CDX	1	shared_sites	truth_SV_length	hprc	56	56	50	56	48	56	48
NA18608	EAS	CHB	1	all_truth	ALL	full	97372	79505	79483	79505	79102	19140	15338
NA18608	EAS	CHB	1	all_truth	ALL	hprc	97372	84809	84766	84809	84281	19140	18551
NA18608	EAS	CHB	1	all_truth	SNV	full	79844	65182	65180	65182	65042	14046	11357
NA18608	EAS	CHB	1	all_truth	SNV	hprc	79844	69977	69975	69977	69799	14046	13798
NA18608	EAS	CHB	1	all_truth	SV_length_site	full	298	243	237	243	209	162	95
NA18608	EAS	CHB	1	all_truth	SV_length_site	hprc	298	283	263	283	229	162	107
NA18608	EAS	CHB	1	all_truth	small_complex	full	17230	14080	14066	14080	13851	4932	3886
NA18608	EAS	CHB	1	all_truth	small_complex	hprc	17230	14549	14528	14549	14253	4932	4646
NA18608	EAS	CHB	1	all_truth	truth_SV_length	full	66	54	51	54	40	66	40
NA18608	EAS	CHB	1	all_truth	truth_SV_length	hprc	66	65	53	65	46	66	46
NA18608	EAS	CHB	1	shared_sites	ALL	full	70148	70148	70128	70148	69752	15678	15322
NA18608	EAS	CHB	1	shared_sites	ALL	hprc	70148	70148	70121	70148	69770	15678	15350
NA18608	EAS	CHB	1	shared_sites	SNV	full	57756	57756	57755	57756	57621	11464	11343
NA18608	EAS	CHB	1	shared_sites	SNV	hprc	57756	57756	57755	57756	57634	11464	11363
NA18608	EAS	CHB	1	shared_sites	SV_length_site	full	235	235	229	235	201	126	95
NA18608	EAS	CHB	1	shared_sites	SV_length_site	hprc	235	235	226	235	201	126	94
NA18608	EAS	CHB	1	shared_sites	small_complex	full	12157	12157	12144	12157	11930	4088	3884
NA18608	EAS	CHB	1	shared_sites	small_complex	hprc	12157	12157	12140	12157	11935	4088	3893
NA18608	EAS	CHB	1	shared_sites	truth_SV_length	full	54	54	51	54	40	54	40
NA18608	EAS	CHB	1	shared_sites	truth_SV_length	hprc	54	54	49	54	43	54	43
HG00658	EAS	CHS	1	all_truth	ALL	full	97372	79505	79487	79501	78609	20759	17055
HG00658	EAS	CHS	1	all_truth	ALL	hprc	97372	84809	84775	84806	83898	20759	19804
HG00658	EAS	CHS	1	all_truth	SNV	full	79844	65182	65181	65182	64759	15276	12747
HG00658	EAS	CHS	1	all_truth	SNV	hprc	79844	69977	69976	69977	69541	15276	14779
HG00658	EAS	CHS	1	all_truth	SV_length_site	full	298	243	237	242	207	163	96
HG00658	EAS	CHS	1	all_truth	SV_length_site	hprc	298	283	267	281	234	163	112
HG00658	EAS	CHS	1	all_truth	small_complex	full	17230	14080	14069	14077	13643	5320	4212
HG00658	EAS	CHS	1	all_truth	small_complex	hprc	17230	14549	14532	14548	14123	5320	4913
HG00658	EAS	CHS	1	all_truth	truth_SV_length	full	78	64	59	63	41	78	41
HG00658	EAS	CHS	1	all_truth	truth_SV_length	hprc	78	77	65	75	48	78	48
HG00658	EAS	CHS	1	shared_sites	ALL	full	70148	70148	70130	70144	69256	17876	17050
HG00658	EAS	CHS	1	shared_sites	ALL	hprc	70148	70148	70122	70145	69362	17876	17161
HG00658	EAS	CHS	1	shared_sites	SNV	full	57756	57756	57755	57756	57336	13120	12742
HG00658	EAS	CHS	1	shared_sites	SNV	hprc	57756	57756	57755	57756	57366	13120	12774
HG00658	EAS	CHS	1	shared_sites	SV_length_site	full	235	235	229	234	199	131	96
HG00658	EAS	CHS	1	shared_sites	SV_length_site	hprc	235	235	224	233	195	131	92
HG00658	EAS	CHS	1	shared_sites	small_complex	full	12157	12157	12146	12154	11721	4625	4212
HG00658	EAS	CHS	1	shared_sites	small_complex	hprc	12157	12157	12143	12156	11801	4625	4295
HG00658	EAS	CHS	1	shared_sites	truth_SV_length	full	64	64	59	63	41	64	41
HG00658	EAS	CHS	1	shared_sites	truth_SV_length	hprc	64	64	56	62	40	64	40
HG02132	EAS	KHV	1	all_truth	ALL	full	97372	79505	79498	79498	78973	24223	20058
HG02132	EAS	KHV	1	all_truth	ALL	hprc	97372	84809	84791	84803	83829	24223	23264
HG02132	EAS	KHV	1	all_truth	SNV	full	79844	65182	65182	65182	64919	17997	14971
HG02132	EAS	KHV	1	all_truth	SNV	hprc	79844	69977	69977	69974	69452	17997	17488
HG02132	EAS	KHV	1	all_truth	SV_length_site	full	298	243	239	242	221	169	115
HG02132	EAS	KHV	1	all_truth	SV_length_site	hprc	298	283	270	283	247	169	129
HG02132	EAS	KHV	1	all_truth	small_complex	full	17230	14080	14077	14074	13833	6057	4972
HG02132	EAS	KHV	1	all_truth	small_complex	hprc	17230	14549	14544	14546	14130	6057	5647
HG02132	EAS	KHV	1	all_truth	truth_SV_length	full	88	73	70	72	63	88	63
HG02132	EAS	KHV	1	all_truth	truth_SV_length	hprc	88	86	79	86	64	88	64
HG02132	EAS	KHV	1	shared_sites	ALL	full	70148	70148	70141	70141	69619	20489	20050
HG02132	EAS	KHV	1	shared_sites	ALL	hprc	70148	70148	70137	70142	69333	20489	19792
HG02132	EAS	KHV	1	shared_sites	SNV	full	57756	57756	57756	57756	57495	15162	14963
HG02132	EAS	KHV	1	shared_sites	SNV	hprc	57756	57756	57756	57753	57318	15162	14818
HG02132	EAS	KHV	1	shared_sites	SV_length_site	full	235	235	231	234	213	136	115
HG02132	EAS	KHV	1	shared_sites	SV_length_site	hprc	235	235	228	235	208	136	109
HG02132	EAS	KHV	1	shared_sites	small_complex	full	12157	12157	12154	12151	11911	5191	4972
HG02132	EAS	KHV	1	shared_sites	small_complex	hprc	12157	12157	12153	12154	11807	5191	4865
HG02132	EAS	KHV	1	shared_sites	truth_SV_length	full	73	73	70	72	63	73	63
HG02132	EAS	KHV	1	shared_sites	truth_SV_length	hprc	73	73	70	73	56	73	56
HG03831	SAS	BEB	1	all_truth	ALL	full	97372	79505	79488	79505	79051	20250	16437
HG03831	SAS	BEB	1	all_truth	ALL	hprc	97372	84809	84762	84806	84131	20250	19468
HG03831	SAS	BEB	1	all_truth	SNV	full	79844	65182	65181	65182	64981	15139	12461
HG03831	SAS	BEB	1	all_truth	SNV	hprc	79844	69977	69976	69977	69667	15139	14734
HG03831	SAS	BEB	1	all_truth	SV_length_site	full	298	243	237	243	222	165	107
HG03831	SAS	BEB	1	all_truth	SV_length_site	hprc	298	283	264	282	240	165	119
HG03831	SAS	BEB	1	all_truth	small_complex	full	17230	14080	14070	14080	13848	4946	3869
HG03831	SAS	BEB	1	all_truth	small_complex	hprc	17230	14549	14522	14547	14224	4946	4615
HG03831	SAS	BEB	1	all_truth	truth_SV_length	full	77	59	56	59	51	77	51
HG03831	SAS	BEB	1	all_truth	truth_SV_length	hprc	77	75	65	75	56	77	56
HG03831	SAS	BEB	1	shared_sites	ALL	full	70148	70148	70132	70148	69698	16786	16393
HG03831	SAS	BEB	1	shared_sites	ALL	hprc	70148	70148	70117	70145	69616	16786	16295
HG03831	SAS	BEB	1	shared_sites	SNV	full	57756	57756	57756	57756	57559	12583	12418
HG03831	SAS	BEB	1	shared_sites	SNV	hprc	57756	57756	57755	57756	57515	12583	12366
HG03831	SAS	BEB	1	shared_sites	SV_length_site	full	235	235	229	235	214	127	107
HG03831	SAS	BEB	1	shared_sites	SV_length_site	hprc	235	235	227	234	208	127	100
HG03831	SAS	BEB	1	shared_sites	small_complex	full	12157	12157	12147	12157	11925	4076	3868
HG03831	SAS	BEB	1	shared_sites	small_complex	hprc	12157	12157	12135	12155	11893	4076	3829
HG03831	SAS	BEB	1	shared_sites	truth_SV_length	full	59	59	56	59	51	59	51
HG03831	SAS	BEB	1	shared_sites	truth_SV_length	hprc	59	59	56	59	48	59	48
NA20905	SAS	GIH	1	all_truth	ALL	full	97372	79505	79485	79504	79191	20430	17382
NA20905	SAS	GIH	1	all_truth	ALL	hprc	97372	84809	84775	84809	84361	20430	19932
NA20905	SAS	GIH	1	all_truth	SNV	full	79844	65182	65181	65182	65079	15031	12893
NA20905	SAS	GIH	1	all_truth	SNV	hprc	79844	69977	69976	69977	69821	15031	14816
NA20905	SAS	GIH	1	all_truth	SV_length_site	full	298	243	235	242	220	158	106
NA20905	SAS	GIH	1	all_truth	SV_length_site	hprc	298	283	270	283	253	158	125
NA20905	SAS	GIH	1	all_truth	small_complex	full	17230	14080	14069	14080	13892	5241	4383
NA20905	SAS	GIH	1	all_truth	small_complex	hprc	17230	14549	14529	14549	14287	5241	4991
NA20905	SAS	GIH	1	all_truth	truth_SV_length	full	73	62	58	61	48	73	48
NA20905	SAS	GIH	1	all_truth	truth_SV_length	hprc	73	72	64	72	55	73	55
NA20905	SAS	GIH	1	shared_sites	ALL	full	70148	70148	70128	70147	69839	17656	17378
NA20905	SAS	GIH	1	shared_sites	ALL	hprc	70148	70148	70122	70148	69777	17656	17312
NA20905	SAS	GIH	1	shared_sites	SNV	full	57756	57756	57755	57756	57657	12978	12891
NA20905	SAS	GIH	1	shared_sites	SNV	hprc	57756	57756	57755	57756	57613	12978	12843
NA20905	SAS	GIH	1	shared_sites	SV_length_site	full	235	235	227	234	212	127	106
NA20905	SAS	GIH	1	shared_sites	SV_length_site	hprc	235	235	226	235	216	127	108
NA20905	SAS	GIH	1	shared_sites	small_complex	full	12157	12157	12146	12157	11970	4551	4381
NA20905	SAS	GIH	1	shared_sites	small_complex	hprc	12157	12157	12141	12157	11948	4551	4361
NA20905	SAS	GIH	1	shared_sites	truth_SV_length	full	62	62	58	61	48	62	48
NA20905	SAS	GIH	1	shared_sites	truth_SV_length	hprc	62	62	57	62	50	62	50
HG03874	SAS	ITU	1	all_truth	ALL	full	97372	79505	79488	79505	79032	22043	19134
HG03874	SAS	ITU	1	all_truth	ALL	hprc	97372	84809	84778	84807	84291	22043	21480
HG03874	SAS	ITU	1	all_truth	SNV	full	79844	65182	65181	65182	64951	16224	14159
HG03874	SAS	ITU	1	all_truth	SNV	hprc	79844	69977	69976	69977	69771	16224	15959
HG03874	SAS	ITU	1	all_truth	SV_length_site	full	298	243	241	243	221	151	100
HG03874	SAS	ITU	1	all_truth	SV_length_site	hprc	298	283	273	283	248	151	115
HG03874	SAS	ITU	1	all_truth	small_complex	full	17230	14080	14066	14080	13860	5668	4875
HG03874	SAS	ITU	1	all_truth	small_complex	hprc	17230	14549	14529	14547	14272	5668	5406
HG03874	SAS	ITU	1	all_truth	truth_SV_length	full	81	71	69	71	59	81	59
HG03874	SAS	ITU	1	all_truth	truth_SV_length	hprc	81	80	73	80	62	81	62
HG03874	SAS	ITU	1	shared_sites	ALL	full	70148	70148	70134	70148	69679	19494	19088
HG03874	SAS	ITU	1	shared_sites	ALL	hprc	70148	70148	70123	70146	69712	19494	19107
HG03874	SAS	ITU	1	shared_sites	SNV	full	57756	57756	57755	57756	57526	14310	14114
HG03874	SAS	ITU	1	shared_sites	SNV	hprc	57756	57756	57755	57756	57569	14310	14148
HG03874	SAS	ITU	1	shared_sites	SV_length_site	full	235	235	233	235	213	122	100
HG03874	SAS	ITU	1	shared_sites	SV_length_site	hprc	235	235	231	235	211	122	99
HG03874	SAS	ITU	1	shared_sites	small_complex	full	12157	12157	12146	12157	11940	5062	4874
HG03874	SAS	ITU	1	shared_sites	small_complex	hprc	12157	12157	12137	12155	11932	5062	4860
HG03874	SAS	ITU	1	shared_sites	truth_SV_length	full	71	71	69	71	59	71	59
HG03874	SAS	ITU	1	shared_sites	truth_SV_length	hprc	71	71	67	71	57	71	57
HG04199	SAS	STU	1	all_truth	ALL	full	97372	79505	79492	79501	78723	21495	18098
HG04199	SAS	STU	1	all_truth	ALL	hprc	97372	84809	84781	84806	83907	21495	20596
HG04199	SAS	STU	1	all_truth	SNV	full	79844	65182	65182	65182	64782	15691	13385
HG04199	SAS	STU	1	all_truth	SNV	hprc	79844	69977	69977	69976	69495	15691	15198
HG04199	SAS	STU	1	all_truth	SV_length_site	full	298	243	236	241	220	162	108
HG04199	SAS	STU	1	all_truth	SV_length_site	hprc	298	283	267	283	251	162	127
HG04199	SAS	STU	1	all_truth	small_complex	full	17230	14080	14074	14078	13721	5642	4605
HG04199	SAS	STU	1	all_truth	small_complex	hprc	17230	14549	14537	14547	14161	5642	5271
HG04199	SAS	STU	1	all_truth	truth_SV_length	full	77	67	63	66	53	77	53
HG04199	SAS	STU	1	all_truth	truth_SV_length	hprc	77	76	67	76	58	77	58
HG04199	SAS	STU	1	shared_sites	ALL	full	70148	70148	70138	70144	69370	18831	18082
HG04199	SAS	STU	1	shared_sites	ALL	hprc	70148	70148	70132	70145	69402	18831	18166
HG04199	SAS	STU	1	shared_sites	SNV	full	57756	57756	57756	57756	57357	13763	13370
HG04199	SAS	STU	1	shared_sites	SNV	hprc	57756	57756	57756	57755	57348	13763	13403
HG04199	SAS	STU	1	shared_sites	SV_length_site	full	235	235	228	233	212	131	108
HG04199	SAS	STU	1	shared_sites	SV_length_site	hprc	235	235	227	235	214	131	110
HG04199	SAS	STU	1	shared_sites	small_complex	full	12157	12157	12154	12155	11801	4937	4604
HG04199	SAS	STU	1	shared_sites	small_complex	hprc	12157	12157	12149	12155	11840	4937	4653
HG04199	SAS	STU	1	shared_sites	truth_SV_length	full	67	67	63	66	53	67	53
HG04199	SAS	STU	1	shared_sites	truth_SV_length	hprc	67	67	63	67	54	67	54
HG02391	EAS	CDX	2	all_truth	ALL	full	97372	79578	79565	79578	79241	14958	12092
HG02391	EAS	CDX	2	all_truth	ALL	hprc	97372	84770	84739	84768	84228	14958	14394
HG02391	EAS	CDX	2	all_truth	SNV	full	79844	65255	65255	65255	65154	11049	9098
HG02391	EAS	CDX	2	all_truth	SNV	hprc	79844	69945	69945	69945	69717	11049	10786
HG02391	EAS	CDX	2	all_truth	SV_length_site	full	298	243	235	243	216	137	78
HG02391	EAS	CDX	2	all_truth	SV_length_site	hprc	298	282	267	282	241	137	93
HG02391	EAS	CDX	2	all_truth	small_complex	full	17230	14080	14075	14080	13871	3772	2916
HG02391	EAS	CDX	2	all_truth	small_complex	hprc	17230	14543	14527	14541	14270	3772	3515
HG02391	EAS	CDX	2	all_truth	truth_SV_length	full	54	41	37	41	29	54	29
HG02391	EAS	CDX	2	all_truth	truth_SV_length	hprc	54	52	45	52	34	54	34
HG02391	EAS	CDX	2	shared_sites	ALL	full	70118	70118	70106	70118	69784	12351	12053
HG02391	EAS	CDX	2	shared_sites	ALL	hprc	70118	70118	70094	70116	69674	12351	12005
HG02391	EAS	CDX	2	shared_sites	SNV	full	57735	57735	57735	57735	57636	9156	9063
HG02391	EAS	CDX	2	shared_sites	SNV	hprc	57735	57735	57735	57735	57545	9156	9029
HG02391	EAS	CDX	2	shared_sites	SV_length_site	full	234	234	226	234	207	105	78
HG02391	EAS	CDX	2	shared_sites	SV_length_site	hprc	234	234	222	234	202	105	74
HG02391	EAS	CDX	2	shared_sites	small_complex	full	12149	12149	12145	12149	11941	3090	2912
HG02391	EAS	CDX	2	shared_sites	small_complex	hprc	12149	12149	12137	12147	11927	3090	2902
HG02391	EAS	CDX	2	shared_sites	truth_SV_length	full	41	41	37	41	29	41	29
HG02391	EAS	CDX	2	shared_sites	truth_SV_length	hprc	41	41	36	41	27	41	27
NA18570	EAS	CHB	2	all_truth	ALL	full	97372	79578	79559	79578	78845	20946	17871
NA18570	EAS	CHB	2	all_truth	ALL	hprc	97372	84770	84737	84770	83719	20946	19817
NA18570	EAS	CHB	2	all_truth	SNV	full	79844	65255	65255	65255	64926	15306	13254
NA18570	EAS	CHB	2	all_truth	SNV	hprc	79844	69945	69945	69945	69453	15306	14736
NA18570	EAS	CHB	2	all_truth	SV_length_site	full	298	243	233	243	212	157	98
NA18570	EAS	CHB	2	all_truth	SV_length_site	hprc	298	282	263	282	239	157	111
NA18570	EAS	CHB	2	all_truth	small_complex	full	17230	14080	14071	14080	13707	5483	4519
NA18570	EAS	CHB	2	all_truth	small_complex	hprc	17230	14543	14529	14543	14027	5483	4970
NA18570	EAS	CHB	2	all_truth	truth_SV_length	full	82	74	70	74	59	82	59
NA18570	EAS	CHB	2	all_truth	truth_SV_length	hprc	82	81	70	81	59	82	59
NA18570	EAS	CHB	2	shared_sites	ALL	full	70118	70118	70099	70118	69389	18514	17863
NA18570	EAS	CHB	2	shared_sites	ALL	hprc	70118	70118	70092	70118	69148	18514	17571
NA18570	EAS	CHB	2	shared_sites	SNV	full	57735	57735	57735	57735	57410	13526	13246
NA18570	EAS	CHB	2	shared_sites	SNV	hprc	57735	57735	57735	57735	57261	13526	13060
NA18570	EAS	CHB	2	shared_sites	SV_length_site	full	234	234	224	234	203	128	98
NA18570	EAS	CHB	2	shared_sites	SV_length_site	hprc	234	234	222	234	200	128	94
NA18570	EAS	CHB	2	shared_sites	small_complex	full	12149	12149	12140	12149	11776	4860	4519
NA18570	EAS	CHB	2	shared_sites	small_complex	hprc	12149	12149	12135	12149	11687	4860	4417
NA18570	EAS	CHB	2	shared_sites	truth_SV_length	full	74	74	70	74	59	74	59
NA18570	EAS	CHB	2	shared_sites	truth_SV_length	hprc	74	74	68	74	57	74	57
NA18940	EAS	JPT	2	all_truth	ALL	full	97372	79578	79559	79578	79274	21016	17772
NA18940	EAS	JPT	2	all_truth	ALL	hprc	97372	84770	84739	84769	84286	21016	20520
NA18940	EAS	JPT	2	all_truth	SNV	full	79844	65255	65254	65255	65155	15427	13157
NA18940	EAS	JPT	2	all_truth	SNV	hprc	79844	69945	69944	69945	69761	15427	15217
NA18940	EAS	JPT	2	all_truth	SV_length_site	full	298	243	240	243	222	168	116
NA18940	EAS	JPT	2	all_truth	SV_length_site	hprc	298	282	270	281	249	168	131
NA18940	EAS	JPT	2	all_truth	small_complex	full	17230	14080	14065	14080	13897	5421	4499
NA18940	EAS	JPT	2	all_truth	small_complex	hprc	17230	14543	14525	14543	14276	5421	5172
NA18940	EAS	JPT	2	all_truth	truth_SV_length	full	78	67	67	67	56	78	56
NA18940	EAS	JPT	2	all_truth	truth_SV_length	hprc	78	75	70	75	59	78	59
NA18940	EAS	JPT	2	shared_sites	ALL	full	70118	70118	70101	70118	69820	18026	17756
NA18940	EAS	JPT	2	shared_sites	ALL	hprc	70118	70118	70093	70117	69766	18026	17695
NA18940	EAS	JPT	2	shared_sites	SNV	full	57735	57735	57734	57735	57637	13232	13142
NA18940	EAS	JPT	2	shared_sites	SNV	hprc	57735	57735	57734	57735	57613	13232	13114
NA18940	EAS	JPT	2	shared_sites	SV_length_site	full	234	234	231	234	214	135	116
NA18940	EAS	JPT	2	shared_sites	SV_length_site	hprc	234	234	228	233	210	135	112
NA18940	EAS	JPT	2	shared_sites	small_complex	full	12149	12149	12136	12149	11969	4659	4498
NA18940	EAS	JPT	2	shared_sites	small_complex	hprc	12149	12149	12131	12149	11943	4659	4469
NA18940	EAS	JPT	2	shared_sites	truth_SV_length	full	66	66	66	66	56	66	56
NA18940	EAS	JPT	2	shared_sites	truth_SV_length	hprc	66	66	65	66	55	66	55
HG02027	EAS	KHV	2	all_truth	ALL	full	97372	79578	79566	79578	78638	21344	17478
HG02027	EAS	KHV	2	all_truth	ALL	hprc	97372	84770	84713	84765	83189	21344	19887
HG02027	EAS	KHV	2	all_truth	SNV	full	79844	65255	65254	65255	64740	15665	12991
HG02027	EAS	KHV	2	all_truth	SNV	hprc	79844	69945	69944	69945	69085	15665	14847
HG02027	EAS	KHV	2	all_truth	SV_length_site	full	298	243	238	243	216	171	111
HG02027	EAS	KHV	2	all_truth	SV_length_site	hprc	298	282	263	282	232	171	119
HG02027	EAS	KHV	2	all_truth	small_complex	full	17230	14080	14074	14080	13682	5508	4376
HG02027	EAS	KHV	2	all_truth	small_complex	hprc	17230	14543	14506	14538	13872	5508	4921
HG02027	EAS	KHV	2	all_truth	truth_SV_length	full	76	63	61	63	51	76	51
HG02027	EAS	KHV	2	all_truth	truth_SV_length	hprc	76	75	66	75	50	76	50
HG02027	EAS	KHV	2	shared_sites	ALL	full	70118	70118	70106	70118	69181	18182	17380
HG02027	EAS	KHV	2	shared_sites	ALL	hprc	70118	70118	70074	70113	68697	18182	17060
HG02027	EAS	KHV	2	shared_sites	SNV	full	57735	57735	57734	57735	57222	13321	12899
HG02027	EAS	KHV	2	shared_sites	SNV	hprc	57735	57735	57734	57735	56940	13321	12728
HG02027	EAS	KHV	2	shared_sites	SV_length_site	full	234	234	229	234	207	138	111
HG02027	EAS	KHV	2	shared_sites	SV_length_site	hprc	234	234	224	234	195	138	100
HG02027	EAS	KHV	2	shared_sites	small_complex	full	12149	12149	12143	12149	11752	4723	4370
HG02027	EAS	KHV	2	shared_sites	small_complex	hprc	12149	12149	12116	12144	11562	4723	4232
HG02027	EAS	KHV	2	shared_sites	truth_SV_length	full	63	63	61	63	51	63	51
HG02027	EAS	KHV	2	shared_sites	truth_SV_length	hprc	63	63	60	63	44	63	44
HG04187	SAS	BEB	2	all_truth	ALL	full	97372	79578	79564	79578	79108	20976	17914
HG04187	SAS	BEB	2	all_truth	ALL	hprc	97372	84770	84744	84768	84026	20976	20284
HG04187	SAS	BEB	2	all_truth	SNV	full	79844	65255	65255	65255	65016	15447	13284
HG04187	SAS	BEB	2	all_truth	SNV	hprc	79844	69945	69945	69945	69548	15447	15072
HG04187	SAS	BEB	2	all_truth	SV_length_site	full	298	243	237	243	222	155	104
HG04187	SAS	BEB	2	all_truth	SV_length_site	hprc	298	282	271	281	250	155	121
HG04187	SAS	BEB	2	all_truth	small_complex	full	17230	14080	14072	14080	13870	5374	4526
HG04187	SAS	BEB	2	all_truth	small_complex	hprc	17230	14543	14528	14542	14228	5374	5091
HG04187	SAS	BEB	2	all_truth	truth_SV_length	full	73	61	58	61	53	73	53
HG04187	SAS	BEB	2	all_truth	truth_SV_length	hprc	73	72	66	71	59	73	59
HG04187	SAS	BEB	2	shared_sites	ALL	full	70118	70118	70104	70118	69649	18340	17912
HG04187	SAS	BEB	2	shared_sites	ALL	hprc	70118	70118	70098	70116	69587	18340	17840
HG04187	SAS	BEB	2	shared_sites	SNV	full	57735	57735	57735	57735	57497	13497	13282
HG04187	SAS	BEB	2	shared_sites	SNV	hprc	57735	57735	57735	57735	57450	13497	13230
HG04187	SAS	BEB	2	shared_sites	SV_length_site	full	234	234	228	234	213	124	104
HG04187	SAS	BEB	2	shared_sites	SV_length_site	hprc	234	234	227	233	212	124	102
HG04187	SAS	BEB	2	shared_sites	small_complex	full	12149	12149	12141	12149	11939	4719	4526
HG04187	SAS	BEB	2	shared_sites	small_complex	hprc	12149	12149	12136	12148	11925	4719	4508
HG04187	SAS	BEB	2	shared_sites	truth_SV_length	full	61	61	58	61	53	61	53
HG04187	SAS	BEB	2	shared_sites	truth_SV_length	hprc	61	61	58	60	52	61	52
NA21144	SAS	GIH	2	all_truth	ALL	full	97372	79578	79568	79576	79196	25127	21151
NA21144	SAS	GIH	2	all_truth	ALL	hprc	97372	84770	84748	84765	83938	25127	24268
NA21144	SAS	GIH	2	all_truth	SNV	full	79844	65255	65254	65255	65080	18601	15739
NA21144	SAS	GIH	2	all_truth	SNV	hprc	79844	69945	69945	69944	69547	18601	18173
NA21144	SAS	GIH	2	all_truth	SV_length_site	full	298	243	237	242	225	167	115
NA21144	SAS	GIH	2	all_truth	SV_length_site	hprc	298	282	269	280	246	167	130
NA21144	SAS	GIH	2	all_truth	small_complex	full	17230	14080	14077	14079	13891	6359	5297
NA21144	SAS	GIH	2	all_truth	small_complex	hprc	17230	14543	14534	14541	14145	6359	5965
NA21144	SAS	GIH	2	all_truth	truth_SV_length	full	94	79	75	78	67	94	67
NA21144	SAS	GIH	2	all_truth	truth_SV_length	hprc	94	93	85	91	72	94	72
NA21144	SAS	GIH	2	shared_sites	ALL	full	70118	70118	70110	70116	69739	21498	21143
NA21144	SAS	GIH	2	shared_sites	ALL	hprc	70118	70118	70106	70115	69428	21498	20828
NA21144	SAS	GIH	2	shared_sites	SNV	full	57735	57735	57735	57735	57562	15894	15732
NA21144	SAS	GIH	2	shared_sites	SNV	hprc	57735	57735	57735	57735	57403	15894	15572
NA21144	SAS	GIH	2	shared_sites	SV_length_site	full	234	234	228	233	216	133	115
NA21144	SAS	GIH	2	shared_sites	SV_length_site	hprc	234	234	227	233	211	133	112
NA21144	SAS	GIH	2	shared_sites	small_complex	full	12149	12149	12147	12148	11961	5471	5296
NA21144	SAS	GIH	2	shared_sites	small_complex	hprc	12149	12149	12144	12147	11814	5471	5144
NA21144	SAS	GIH	2	shared_sites	truth_SV_length	full	79	79	75	78	67	79	67
NA21144	SAS	GIH	2	shared_sites	truth_SV_length	hprc	79	79	74	78	65	79	65
HG02602	SAS	PJL	2	all_truth	ALL	full	97372	79578	79557	79576	78575	23137	18862
HG02602	SAS	PJL	2	all_truth	ALL	hprc	97372	84770	84733	84765	83856	23137	22190
HG02602	SAS	PJL	2	all_truth	SNV	full	79844	65255	65254	65254	64716	17016	14058
HG02602	SAS	PJL	2	all_truth	SNV	hprc	79844	69945	69943	69945	69498	17016	16530
HG02602	SAS	PJL	2	all_truth	SV_length_site	full	298	243	236	242	216	161	102
HG02602	SAS	PJL	2	all_truth	SV_length_site	hprc	298	282	269	282	241	161	117
HG02602	SAS	PJL	2	all_truth	small_complex	full	17230	14080	14067	14080	13643	5960	4702
HG02602	SAS	PJL	2	all_truth	small_complex	hprc	17230	14543	14521	14538	14117	5960	5543
HG02602	SAS	PJL	2	all_truth	truth_SV_length	full	76	65	60	64	50	76	50
HG02602	SAS	PJL	2	all_truth	truth_SV_length	hprc	76	75	67	75	55	76	55
HG02602	SAS	PJL	2	shared_sites	ALL	full	70118	70118	70099	70116	69120	19797	18845
HG02602	SAS	PJL	2	shared_sites	ALL	hprc	70118	70118	70093	70113	69398	19797	19121
HG02602	SAS	PJL	2	shared_sites	SNV	full	57735	57735	57734	57734	57198	14555	14041
HG02602	SAS	PJL	2	shared_sites	SNV	hprc	57735	57735	57733	57735	57382	14555	14223
HG02602	SAS	PJL	2	shared_sites	SV_length_site	full	234	234	227	233	207	128	102
HG02602	SAS	PJL	2	shared_sites	SV_length_site	hprc	234	234	227	234	205	128	99
HG02602	SAS	PJL	2	shared_sites	small_complex	full	12149	12149	12138	12149	11715	5114	4702
HG02602	SAS	PJL	2	shared_sites	small_complex	hprc	12149	12149	12133	12144	11811	5114	4799
HG02602	SAS	PJL	2	shared_sites	truth_SV_length	full	65	65	60	64	50	65	50
HG02602	SAS	PJL	2	shared_sites	truth_SV_length	hprc	65	65	60	65	49	65	49
HG04115	SAS	STU	2	all_truth	ALL	full	97372	79578	79557	79574	79036	24002	20456
HG04115	SAS	STU	2	all_truth	ALL	hprc	97372	84770	84723	84763	84007	24002	23183
HG04115	SAS	STU	2	all_truth	SNV	full	79844	65255	65254	65255	65013	17683	15224
HG04115	SAS	STU	2	all_truth	SNV	hprc	79844	69945	69944	69945	69603	17683	17278
HG04115	SAS	STU	2	all_truth	SV_length_site	full	298	243	235	241	221	168	113
HG04115	SAS	STU	2	all_truth	SV_length_site	hprc	298	282	261	282	242	168	125
HG04115	SAS	STU	2	all_truth	small_complex	full	17230	14080	14068	14078	13802	6151	5119
HG04115	SAS	STU	2	all_truth	small_complex	hprc	17230	14543	14518	14536	14162	6151	5780
HG04115	SAS	STU	2	all_truth	truth_SV_length	full	84	74	69	72	62	84	62
HG04115	SAS	STU	2	all_truth	truth_SV_length	hprc	84	83	71	83	64	84	64
HG04115	SAS	STU	2	shared_sites	ALL	full	70118	70118	70097	70114	69579	20911	20422
HG04115	SAS	STU	2	shared_sites	ALL	hprc	70118	70118	70085	70113	69564	20911	20411
HG04115	SAS	STU	2	shared_sites	SNV	full	57735	57735	57734	57735	57496	15408	15196
HG04115	SAS	STU	2	shared_sites	SNV	hprc	57735	57735	57734	57735	57490	15408	15196
HG04115	SAS	STU	2	shared_sites	SV_length_site	full	234	234	226	232	212	135	113
HG04115	SAS	STU	2	shared_sites	SV_length_site	hprc	234	234	222	234	206	135	107
HG04115	SAS	STU	2	shared_sites	small_complex	full	12149	12149	12137	12147	11871	5368	5113
HG04115	SAS	STU	2	shared_sites	small_complex	hprc	12149	12149	12129	12144	11868	5368	5108
HG04115	SAS	STU	2	shared_sites	truth_SV_length	full	74	74	69	72	62	74	62
HG04115	SAS	STU	2	shared_sites	truth_SV_length	hprc	74	74	66	74	59	74	59
HG02165	EAS	CDX	3	all_truth	ALL	full	97372	79591	79584	79591	79199	18557	15086
HG02165	EAS	CDX	3	all_truth	ALL	hprc	97372	85022	85003	85021	84500	18557	18156
HG02165	EAS	CDX	3	all_truth	SNV	full	79844	65262	65262	65262	65079	13693	11210
HG02165	EAS	CDX	3	all_truth	SNV	hprc	79844	70170	70170	70170	69919	13693	13527
HG02165	EAS	CDX	3	all_truth	SV_length_site	full	298	243	239	243	225	151	102
HG02165	EAS	CDX	3	all_truth	SV_length_site	hprc	298	283	273	282	254	151	121
HG02165	EAS	CDX	3	all_truth	small_complex	full	17230	14086	14083	14086	13895	4713	3774
HG02165	EAS	CDX	3	all_truth	small_complex	hprc	17230	14569	14560	14569	14327	4713	4508
HG02165	EAS	CDX	3	all_truth	truth_SV_length	full	64	49	47	49	44	64	44
HG02165	EAS	CDX	3	all_truth	truth_SV_length	hprc	64	63	56	63	50	64	50
HG02165	EAS	CDX	3	shared_sites	ALL	full	70324	70324	70317	70324	69933	15378	15077
HG02165	EAS	CDX	3	shared_sites	ALL	hprc	70324	70324	70310	70323	69948	15378	15114
HG02165	EAS	CDX	3	shared_sites	SNV	full	57915	57915	57915	57915	57733	11324	11201
HG02165	EAS	CDX	3	shared_sites	SNV	hprc	57915	57915	57915	57915	57747	11324	11234
HG02165	EAS	CDX	3	shared_sites	SV_length_site	full	235	235	231	235	217	119	102
HG02165	EAS	CDX	3	shared_sites	SV_length_site	hprc	235	235	230	234	214	119	99
HG02165	EAS	CDX	3	shared_sites	small_complex	full	12174	12174	12171	12174	11983	3935	3774
HG02165	EAS	CDX	3	shared_sites	small_complex	hprc	12174	12174	12165	12174	11987	3935	3781
HG02165	EAS	CDX	3	shared_sites	truth_SV_length	full	49	49	47	49	44	49	44
HG02165	EAS	CDX	3	shared_sites	truth_SV_length	hprc	49	49	47	49	42	49	42
HG00558	EAS	CHS	3	all_truth	ALL	full	97372	79591	79576	79590	78894	23033	18941
HG00558	EAS	CHS	3	all_truth	ALL	hprc	97372	85022	84988	85021	84137	23033	22087
HG00558	EAS	CHS	3	all_truth	SNV	full	79844	65262	65262	65262	64880	16987	14096
HG00558	EAS	CHS	3	all_truth	SNV	hprc	79844	70170	70169	70170	69713	16987	16474
HG00558	EAS	CHS	3	all_truth	SV_length_site	full	298	243	234	243	216	159	100
HG00558	EAS	CHS	3	all_truth	SV_length_site	hprc	298	283	269	283	245	159	117
HG00558	EAS	CHS	3	all_truth	small_complex	full	17230	14086	14080	14085	13798	5887	4745
HG00558	EAS	CHS	3	all_truth	small_complex	hprc	17230	14569	14550	14568	14179	5887	5496
HG00558	EAS	CHS	3	all_truth	truth_SV_length	full	81	70	64	70	57	81	57
HG00558	EAS	CHS	3	all_truth	truth_SV_length	hprc	81	79	70	79	59	81	59
HG00558	EAS	CHS	3	shared_sites	ALL	full	70324	70324	70309	70323	69629	19585	18939
HG00558	EAS	CHS	3	shared_sites	ALL	hprc	70324	70324	70302	70323	69581	19585	18913
HG00558	EAS	CHS	3	shared_sites	SNV	full	57915	57915	57915	57915	57535	14441	14094
HG00558	EAS	CHS	3	shared_sites	SNV	hprc	57915	57915	57914	57915	57521	14441	14095
HG00558	EAS	CHS	3	shared_sites	SV_length_site	full	235	235	226	235	208	126	100
HG00558	EAS	CHS	3	shared_sites	SV_length_site	hprc	235	235	225	235	207	126	98
HG00558	EAS	CHS	3	shared_sites	small_complex	full	12174	12174	12168	12173	11886	5018	4745
HG00558	EAS	CHS	3	shared_sites	small_complex	hprc	12174	12174	12163	12173	11853	5018	4720
HG00558	EAS	CHS	3	shared_sites	truth_SV_length	full	70	70	64	70	57	70	57
HG00558	EAS	CHS	3	shared_sites	truth_SV_length	hprc	70	70	64	70	54	70	54
NA18952	EAS	JPT	3	all_truth	ALL	full	97372	79591	79571	79591	79285	20838	17302
NA18952	EAS	JPT	3	all_truth	ALL	hprc	97372	85022	84989	85019	84544	20838	20374
NA18952	EAS	JPT	3	all_truth	SNV	full	79844	65262	65262	65262	65165	15251	12721
NA18952	EAS	JPT	3	all_truth	SNV	hprc	79844	70170	70170	70170	70002	15251	15076
NA18952	EAS	JPT	3	all_truth	SV_length_site	full	298	243	233	243	214	160	99
NA18952	EAS	JPT	3	all_truth	SV_length_site	hprc	298	283	267	283	241	160	115
NA18952	EAS	JPT	3	all_truth	small_complex	full	17230	14086	14076	14086	13906	5427	4482
NA18952	EAS	JPT	3	all_truth	small_complex	hprc	17230	14569	14552	14566	14301	5427	5183
NA18952	EAS	JPT	3	all_truth	truth_SV_length	full	71	60	56	60	50	71	50
NA18952	EAS	JPT	3	all_truth	truth_SV_length	hprc	71	70	62	70	49	71	49
NA18952	EAS	JPT	3	shared_sites	ALL	full	70324	70324	70305	70324	70020	17539	17292
NA18952	EAS	JPT	3	shared_sites	ALL	hprc	70324	70324	70298	70321	69970	17539	17246
NA18952	EAS	JPT	3	shared_sites	SNV	full	57915	57915	57915	57915	57819	12777	12711
NA18952	EAS	JPT	3	shared_sites	SNV	hprc	57915	57915	57915	57915	57799	12777	12693
NA18952	EAS	JPT	3	shared_sites	SV_length_site	full	235	235	225	235	206	127	99
NA18952	EAS	JPT	3	shared_sites	SV_length_site	hprc	235	235	223	235	203	127	95
NA18952	EAS	JPT	3	shared_sites	small_complex	full	12174	12174	12165	12174	11995	4635	4482
NA18952	EAS	JPT	3	shared_sites	small_complex	hprc	12174	12174	12160	12171	11968	4635	4458
NA18952	EAS	JPT	3	shared_sites	truth_SV_length	full	60	60	56	60	50	60	50
NA18952	EAS	JPT	3	shared_sites	truth_SV_length	hprc	60	60	56	60	46	60	46
HG02523	EAS	KHV	3	all_truth	ALL	full	97372	79591	79585	79591	79147	22124	18703
HG02523	EAS	KHV	3	all_truth	ALL	hprc	97372	85022	85004	85022	84298	22124	21388
HG02523	EAS	KHV	3	all_truth	SNV	full	79844	65262	65262	65262	65035	16259	13835
HG02523	EAS	KHV	3	all_truth	SNV	hprc	79844	70170	70169	70170	69802	16259	15876
HG02523	EAS	KHV	3	all_truth	SV_length_site	full	298	243	238	243	227	158	110
HG02523	EAS	KHV	3	all_truth	SV_length_site	hprc	298	283	275	283	254	158	126
HG02523	EAS	KHV	3	all_truth	small_complex	full	17230	14086	14085	14086	13885	5707	4758
HG02523	EAS	KHV	3	all_truth	small_complex	hprc	17230	14569	14560	14569	14242	5707	5386
HG02523	EAS	KHV	3	all_truth	truth_SV_length	full	75	62	60	62	54	75	54
HG02523	EAS	KHV	3	all_truth	truth_SV_length	hprc	75	74	69	74	57	75	57
HG02523	EAS	KHV	3	shared_sites	ALL	full	70324	70324	70318	70324	69882	19118	18697
HG02523	EAS	KHV	3	shared_sites	ALL	hprc	70324	70324	70313	70324	69760	19118	18596
HG02523	EAS	KHV	3	shared_sites	SNV	full	57915	57915	57915	57915	57690	14041	13830
HG02523	EAS	KHV	3	shared_sites	SNV	hprc	57915	57915	57914	57915	57628	14041	13782
HG02523	EAS	KHV	3	shared_sites	SV_length_site	full	235	235	230	235	219	126	110
HG02523	EAS	KHV	3	shared_sites	SV_length_site	hprc	235	235	230	235	214	126	105
HG02523	EAS	KHV	3	shared_sites	small_complex	full	12174	12174	12173	12174	11973	4951	4757
HG02523	EAS	KHV	3	shared_sites	small_complex	hprc	12174	12174	12169	12174	11918	4951	4709
HG02523	EAS	KHV	3	shared_sites	truth_SV_length	full	62	62	60	62	54	62	54
HG02523	EAS	KHV	3	shared_sites	truth_SV_length	hprc	62	62	60	62	51	62	51
HG03927	SAS	BEB	3	all_truth	ALL	full	97372	79591	79570	79591	79060	23317	19179
HG03927	SAS	BEB	3	all_truth	ALL	hprc	97372	85022	84988	85021	83965	23317	22281
HG03927	SAS	BEB	3	all_truth	SNV	full	79844	65262	65262	65262	65031	17104	14187
HG03927	SAS	BEB	3	all_truth	SNV	hprc	79844	70170	70169	70170	69635	17104	16573
HG03927	SAS	BEB	3	all_truth	SV_length_site	full	298	243	234	243	210	171	104
HG03927	SAS	BEB	3	all_truth	SV_length_site	hprc	298	283	269	282	240	171	125
HG03927	SAS	BEB	3	all_truth	small_complex	full	17230	14086	14074	14086	13819	6042	4888
HG03927	SAS	BEB	3	all_truth	small_complex	hprc	17230	14569	14550	14569	14090	6042	5583
HG03927	SAS	BEB	3	all_truth	truth_SV_length	full	84	72	69	72	57	84	57
HG03927	SAS	BEB	3	all_truth	truth_SV_length	hprc	84	83	78	83	65	84	65
HG03927	SAS	BEB	3	shared_sites	ALL	full	70324	70324	70304	70324	69795	19635	19179
HG03927	SAS	BEB	3	shared_sites	ALL	hprc	70324	70324	70301	70323	69580	19635	18944
HG03927	SAS	BEB	3	shared_sites	SNV	full	57915	57915	57915	57915	57685	14369	14187
HG03927	SAS	BEB	3	shared_sites	SNV	hprc	57915	57915	57915	57915	57564	14369	14052
HG03927	SAS	BEB	3	shared_sites	SV_length_site	full	235	235	226	235	202	137	104
HG03927	SAS	BEB	3	shared_sites	SV_length_site	hprc	235	235	226	234	202	137	104
HG03927	SAS	BEB	3	shared_sites	small_complex	full	12174	12174	12163	12174	11908	5129	4888
HG03927	SAS	BEB	3	shared_sites	small_complex	hprc	12174	12174	12160	12174	11814	5129	4788
HG03927	SAS	BEB	3	shared_sites	truth_SV_length	full	72	72	69	72	57	72	57
HG03927	SAS	BEB	3	shared_sites	truth_SV_length	hprc	72	72	69	72	57	72	57
NA21106	SAS	GIH	3	all_truth	ALL	full	97372	79591	79573	79589	79338	17658	14764
NA21106	SAS	GIH	3	all_truth	ALL	hprc	97372	85022	84993	85022	84693	17658	17283
NA21106	SAS	GIH	3	all_truth	SNV	full	79844	65262	65261	65262	65196	13144	11153
NA21106	SAS	GIH	3	all_truth	SNV	hprc	79844	70170	70169	70170	70082	13144	13005
NA21106	SAS	GIH	3	all_truth	SV_length_site	full	298	243	237	242	222	154	99
NA21106	SAS	GIH	3	all_truth	SV_length_site	hprc	298	283	269	283	256	154	124
NA21106	SAS	GIH	3	all_truth	small_complex	full	17230	14086	14075	14085	13920	4360	3512
NA21106	SAS	GIH	3	all_truth	small_complex	hprc	17230	14569	14555	14569	14355	4360	4154
NA21106	SAS	GIH	3	all_truth	truth_SV_length	full	64	51	49	50	43	64	43
NA21106	SAS	GIH	3	all_truth	truth_SV_length	hprc	64	63	58	63	52	64	52
NA21106	SAS	GIH	3	shared_sites	ALL	full	70324	70324	70309	70322	70077	14981	14761
NA21106	SAS	GIH	3	shared_sites	ALL	hprc	70324	70324	70305	70324	70067	14981	14755
NA21106	SAS	GIH	3	shared_sites	SNV	full	57915	57915	57915	57915	57852	11200	11150
NA21106	SAS	GIH	3	shared_sites	SNV	hprc	57915	57915	57915	57915	57837	11200	11137
NA21106	SAS	GIH	3	shared_sites	SV_length_site	full	235	235	229	234	214	119	99
NA21106	SAS	GIH	3	shared_sites	SV_length_site	hprc	235	235	228	235	220	119	104
NA21106	SAS	GIH	3	shared_sites	small_complex	full	12174	12174	12165	12173	12011	3662	3512
NA21106	SAS	GIH	3	shared_sites	small_complex	hprc	12174	12174	12162	12174	12010	3662	3514
NA21106	SAS	GIH	3	shared_sites	truth_SV_length	full	51	51	49	50	43	51	43
NA21106	SAS	GIH	3	shared_sites	truth_SV_length	hprc	51	51	48	51	44	51	44
HG02738	SAS	PJL	3	all_truth	ALL	full	97372	79591	79585	79590	78974	21254	17712
HG02738	SAS	PJL	3	all_truth	ALL	hprc	97372	85022	85000	85015	84281	21254	20512
HG02738	SAS	PJL	3	all_truth	SNV	full	79844	65262	65262	65262	64923	15698	13213
HG02738	SAS	PJL	3	all_truth	SNV	hprc	79844	70170	70169	70170	69761	15698	15289
HG02738	SAS	PJL	3	all_truth	SV_length_site	full	298	243	241	243	224	160	105
HG02738	SAS	PJL	3	all_truth	SV_length_site	hprc	298	283	273	281	251	160	125
HG02738	SAS	PJL	3	all_truth	small_complex	full	17230	14086	14082	14085	13827	5396	4394
HG02738	SAS	PJL	3	all_truth	small_complex	hprc	17230	14569	14558	14564	14269	5396	5098
HG02738	SAS	PJL	3	all_truth	truth_SV_length	full	72	59	57	59	49	72	49
HG02738	SAS	PJL	3	all_truth	truth_SV_length	hprc	72	71	64	70	57	72	57
HG02738	SAS	PJL	3	shared_sites	ALL	full	70324	70324	70318	70323	69708	18280	17708
HG02738	SAS	PJL	3	shared_sites	ALL	hprc	70324	70324	70315	70319	69795	18280	17808
HG02738	SAS	PJL	3	shared_sites	SNV	full	57915	57915	57915	57915	57576	13522	13209
HG02738	SAS	PJL	3	shared_sites	SNV	hprc	57915	57915	57915	57915	57631	13522	13278
HG02738	SAS	PJL	3	shared_sites	SV_length_site	full	235	235	233	235	216	124	105
HG02738	SAS	PJL	3	shared_sites	SV_length_site	hprc	235	235	231	233	215	124	104
HG02738	SAS	PJL	3	shared_sites	small_complex	full	12174	12174	12170	12173	11916	4634	4394
HG02738	SAS	PJL	3	shared_sites	small_complex	hprc	12174	12174	12169	12171	11949	4634	4426
HG02738	SAS	PJL	3	shared_sites	truth_SV_length	full	59	59	57	59	49	59	49
HG02738	SAS	PJL	3	shared_sites	truth_SV_length	hprc	59	59	55	58	50	59	50
HG03688	SAS	STU	3	all_truth	ALL	full	97372	79591	79580	79591	79080	21970	18358
HG03688	SAS	STU	3	all_truth	ALL	hprc	97372	85022	85002	85020	84314	21970	21250
HG03688	SAS	STU	3	all_truth	SNV	full	79844	65262	65262	65262	65015	16190	13626
HG03688	SAS	STU	3	all_truth	SNV	hprc	79844	70170	70169	70170	69828	16190	15825
HG03688	SAS	STU	3	all_truth	SV_length_site	full	298	243	236	243	217	169	114
HG03688	SAS	STU	3	all_truth	SV_length_site	hprc	298	283	271	283	253	169	136
HG03688	SAS	STU	3	all_truth	small_complex	full	17230	14086	14082	14086	13848	5611	4618
HG03688	SAS	STU	3	all_truth	small_complex	hprc	17230	14569	14562	14567	14233	5611	5289
HG03688	SAS	STU	3	all_truth	truth_SV_length	full	83	74	72	74	64	83	64
HG03688	SAS	STU	3	all_truth	truth_SV_length	hprc	83	82	77	82	67	83	67
HG03688	SAS	STU	3	shared_sites	ALL	full	70324	70324	70313	70324	69814	18834	18358
HG03688	SAS	STU	3	shared_sites	ALL	hprc	70324	70324	70311	70322	69765	18834	18315
HG03688	SAS	STU	3	shared_sites	SNV	full	57915	57915	57915	57915	57669	13857	13626
HG03688	SAS	STU	3	shared_sites	SNV	hprc	57915	57915	57915	57915	57637	13857	13598
HG03688	SAS	STU	3	shared_sites	SV_length_site	full	235	235	228	235	209	138	114
HG03688	SAS	STU	3	shared_sites	SV_length_site	hprc	235	235	228	235	213	138	116
HG03688	SAS	STU	3	shared_sites	small_complex	full	12174	12174	12170	12174	11936	4839	4618
HG03688	SAS	STU	3	shared_sites	small_complex	hprc	12174	12174	12168	12172	11915	4839	4601
HG03688	SAS	STU	3	shared_sites	truth_SV_length	full	74	74	72	74	64	74	64
HG03688	SAS	STU	3	shared_sites	truth_SV_length	hprc	74	74	72	74	63	74	63
NA18747	EAS	CHB	4	all_truth	ALL	full	97372	79514	79495	79514	79197	18372	14946
NA18747	EAS	CHB	4	all_truth	ALL	hprc	97372	84420	84384	84419	83928	18372	17828
NA18747	EAS	CHB	4	all_truth	SNV	full	79844	65197	65197	65197	65125	13413	11039
NA18747	EAS	CHB	4	all_truth	SNV	hprc	79844	69641	69640	69641	69489	13413	13198
NA18747	EAS	CHB	4	all_truth	SV_length_site	full	298	243	236	243	217	156	98
NA18747	EAS	CHB	4	all_truth	SV_length_site	hprc	298	282	268	282	236	156	106
NA18747	EAS	CHB	4	all_truth	small_complex	full	17230	14074	14062	14074	13855	4803	3809
NA18747	EAS	CHB	4	all_truth	small_complex	hprc	17230	14497	14476	14496	14203	4803	4524
NA18747	EAS	CHB	4	all_truth	truth_SV_length	full	59	48	47	48	42	59	42
NA18747	EAS	CHB	4	all_truth	truth_SV_length	hprc	59	57	53	57	41	59	41
NA18747	EAS	CHB	4	shared_sites	ALL	full	69753	69753	69734	69753	69439	15190	14934
NA18747	EAS	CHB	4	shared_sites	ALL	hprc	69753	69753	69726	69752	69365	15190	14867
NA18747	EAS	CHB	4	shared_sites	SNV	full	57415	57415	57415	57415	57345	11083	11031
NA18747	EAS	CHB	4	shared_sites	SNV	hprc	57415	57415	57414	57415	57293	11083	10989
NA18747	EAS	CHB	4	shared_sites	SV_length_site	full	234	234	227	234	208	123	98
NA18747	EAS	CHB	4	shared_sites	SV_length_site	hprc	234	234	225	234	202	123	91
NA18747	EAS	CHB	4	shared_sites	small_complex	full	12104	12104	12092	12104	11886	3984	3805
NA18747	EAS	CHB	4	shared_sites	small_complex	hprc	12104	12104	12087	12103	11870	3984	3787
NA18747	EAS	CHB	4	shared_sites	truth_SV_length	full	48	48	47	48	42	48	42
NA18747	EAS	CHB	4	shared_sites	truth_SV_length	hprc	48	48	46	48	36	48	36
HG00609	EAS	CHS	4	all_truth	ALL	full	97372	79514	79501	79514	78992	21151	17248
HG00609	EAS	CHS	4	all_truth	ALL	hprc	97372	84420	84388	84418	83739	21151	20397
HG00609	EAS	CHS	4	all_truth	SNV	full	79844	65197	65197	65197	64962	15578	12774
HG00609	EAS	CHS	4	all_truth	SNV	hprc	79844	69641	69641	69641	69345	15578	15218
HG00609	EAS	CHS	4	all_truth	SV_length_site	full	298	243	237	243	215	167	110
HG00609	EAS	CHS	4	all_truth	SV_length_site	hprc	298	282	268	281	244	167	128
HG00609	EAS	CHS	4	all_truth	small_complex	full	17230	14074	14067	14074	13815	5406	4364
HG00609	EAS	CHS	4	all_truth	small_complex	hprc	17230	14497	14479	14496	14150	5406	5051
HG00609	EAS	CHS	4	all_truth	truth_SV_length	full	81	69	65	69	56	81	56
HG00609	EAS	CHS	4	all_truth	truth_SV_length	hprc	81	80	71	80	63	81	63
HG00609	EAS	CHS	4	shared_sites	ALL	full	69753	69753	69741	69753	69238	17707	17235
HG00609	EAS	CHS	4	shared_sites	ALL	hprc	69753	69753	69734	69752	69268	17707	17242
HG00609	EAS	CHS	4	shared_sites	SNV	full	57415	57415	57415	57415	57186	12978	12764
HG00609	EAS	CHS	4	shared_sites	SNV	hprc	57415	57415	57415	57415	57219	12978	12791
HG00609	EAS	CHS	4	shared_sites	SV_length_site	full	234	234	228	234	206	136	110
HG00609	EAS	CHS	4	shared_sites	SV_length_site	hprc	234	234	226	234	205	136	109
HG00609	EAS	CHS	4	shared_sites	small_complex	full	12104	12104	12098	12104	11846	4593	4361
HG00609	EAS	CHS	4	shared_sites	small_complex	hprc	12104	12104	12093	12103	11844	4593	4342
HG00609	EAS	CHS	4	shared_sites	truth_SV_length	full	69	69	65	69	56	69	56
HG00609	EAS	CHS	4	shared_sites	truth_SV_length	hprc	69	69	64	69	56	69	56
NA19088	EAS	JPT	4	all_truth	ALL	full	97372	79514	79495	79514	79094	23218	19477
NA19088	EAS	JPT	4	all_truth	ALL	hprc	97372	84420	84379	84420	83846	23218	22556
NA19088	EAS	JPT	4	all_truth	SNV	full	79844	65197	65197	65197	65041	17091	14435
NA19088	EAS	JPT	4	all_truth	SNV	hprc	79844	69641	69638	69641	69420	17091	16788
NA19088	EAS	JPT	4	all_truth	SV_length_site	full	298	243	234	243	215	168	109
NA19088	EAS	JPT	4	all_truth	SV_length_site	hprc	298	282	262	282	240	168	124
NA19088	EAS	JPT	4	all_truth	small_complex	full	17230	14074	14064	14074	13838	5959	4933
NA19088	EAS	JPT	4	all_truth	small_complex	hprc	17230	14497	14479	14497	14186	5959	5644
NA19088	EAS	JPT	4	all_truth	truth_SV_length	full	89	77	75	77	67	89	67
NA19088	EAS	JPT	4	all_truth	truth_SV_length	hprc	89	88	80	88	68	89	68
NA19088	EAS	JPT	4	shared_sites	ALL	full	69753	69753	69734	69753	69336	19839	19467
NA19088	EAS	JPT	4	shared_sites	ALL	hprc	69753	69753	69723	69753	69308	19839	19427
NA19088	EAS	JPT	4	shared_sites	SNV	full	57415	57415	57415	57415	57262	14559	14427
NA19088	EAS	JPT	4	shared_sites	SNV	hprc	57415	57415	57412	57415	57240	14559	14395
NA19088	EAS	JPT	4	shared_sites	SV_length_site	full	234	234	225	234	206	136	109
NA19088	EAS	JPT	4	shared_sites	SV_length_site	hprc	234	234	222	234	204	136	107
NA19088	EAS	JPT	4	shared_sites	small_complex	full	12104	12104	12094	12104	11868	5144	4931
NA19088	EAS	JPT	4	shared_sites	small_complex	hprc	12104	12104	12089	12104	11864	5144	4925
NA19088	EAS	JPT	4	shared_sites	truth_SV_length	full	77	77	75	77	67	77	67
NA19088	EAS	JPT	4	shared_sites	truth_SV_length	hprc	77	77	73	77	64	77	64
HG02074	EAS	KHV	4	all_truth	ALL	full	97372	79514	79501	79513	78423	21715	17860
HG02074	EAS	KHV	4	all_truth	ALL	hprc	97372	84420	84386	84419	82914	21715	20101
HG02074	EAS	KHV	4	all_truth	SNV	full	79844	65197	65197	65197	64593	15939	13297
HG02074	EAS	KHV	4	all_truth	SNV	hprc	79844	69641	69641	69641	68836	15939	15033
HG02074	EAS	KHV	4	all_truth	SV_length_site	full	298	243	236	243	219	162	107
HG02074	EAS	KHV	4	all_truth	SV_length_site	hprc	298	282	267	282	243	162	119
HG02074	EAS	KHV	4	all_truth	small_complex	full	17230	14074	14068	14073	13611	5614	4456
HG02074	EAS	KHV	4	all_truth	small_complex	hprc	17230	14497	14478	14496	13835	5614	4949
HG02074	EAS	KHV	4	all_truth	truth_SV_length	full	74	63	59	63	53	74	53
HG02074	EAS	KHV	4	all_truth	truth_SV_length	hprc	74	72	63	72	52	74	52
HG02074	EAS	KHV	4	shared_sites	ALL	full	69753	69753	69740	69752	68665	18805	17787
HG02074	EAS	KHV	4	shared_sites	ALL	hprc	69753	69753	69733	69753	68394	18805	17480
HG02074	EAS	KHV	4	shared_sites	SNV	full	57415	57415	57415	57415	56814	13785	13231
HG02074	EAS	KHV	4	shared_sites	SNV	hprc	57415	57415	57415	57415	56677	13785	13068
HG02074	EAS	KHV	4	shared_sites	SV_length_site	full	234	234	227	234	210	130	106
HG02074	EAS	KHV	4	shared_sites	SV_length_site	hprc	234	234	226	234	205	130	101
HG02074	EAS	KHV	4	shared_sites	small_complex	full	12104	12104	12098	12103	11641	4890	4450
HG02074	EAS	KHV	4	shared_sites	small_complex	hprc	12104	12104	12092	12104	11512	4890	4311
HG02074	EAS	KHV	4	shared_sites	truth_SV_length	full	62	62	58	62	52	62	52
HG02074	EAS	KHV	4	shared_sites	truth_SV_length	hprc	62	62	57	62	47	62	47
HG04157	SAS	BEB	4	all_truth	ALL	full	97372	79514	79491	79513	79065	24348	20219
HG04157	SAS	BEB	4	all_truth	ALL	hprc	97372	84420	84380	84416	83787	24348	23631
HG04157	SAS	BEB	4	all_truth	SNV	full	79844	65197	65196	65197	64987	17996	15041
HG04157	SAS	BEB	4	all_truth	SNV	hprc	79844	69641	69640	69641	69334	17996	17616
HG04157	SAS	BEB	4	all_truth	SV_length_site	full	298	243	230	243	215	167	106
HG04157	SAS	BEB	4	all_truth	SV_length_site	hprc	298	282	261	278	241	167	122
HG04157	SAS	BEB	4	all_truth	small_complex	full	17230	14074	14065	14073	13863	6185	5072
HG04157	SAS	BEB	4	all_truth	small_complex	hprc	17230	14497	14479	14497	14212	6185	5893
HG04157	SAS	BEB	4	all_truth	truth_SV_length	full	89	75	64	75	55	89	55
HG04157	SAS	BEB	4	all_truth	truth_SV_length	hprc	89	87	72	83	60	89	60
HG04157	SAS	BEB	4	shared_sites	ALL	full	69753	69753	69730	69752	69304	20633	20213
HG04157	SAS	BEB	4	shared_sites	ALL	hprc	69753	69753	69722	69749	69273	20633	20173
HG04157	SAS	BEB	4	shared_sites	SNV	full	57415	57415	57414	57415	57205	15231	15035
HG04157	SAS	BEB	4	shared_sites	SNV	hprc	57415	57415	57414	57415	57176	15231	14999
HG04157	SAS	BEB	4	shared_sites	SV_length_site	full	234	234	221	234	206	134	106
HG04157	SAS	BEB	4	shared_sites	SV_length_site	hprc	234	234	221	230	205	134	105
HG04157	SAS	BEB	4	shared_sites	small_complex	full	12104	12104	12095	12103	11893	5268	5072
HG04157	SAS	BEB	4	shared_sites	small_complex	hprc	12104	12104	12087	12104	11892	5268	5069
HG04157	SAS	BEB	4	shared_sites	truth_SV_length	full	75	75	64	75	55	75	55
HG04157	SAS	BEB	4	shared_sites	truth_SV_length	hprc	75	75	64	71	54	75	54
HG03784	SAS	ITU	4	all_truth	ALL	full	97372	79514	79494	79514	78814	20712	17174
HG03784	SAS	ITU	4	all_truth	ALL	hprc	97372	84420	84390	84417	83417	20712	19719
HG03784	SAS	ITU	4	all_truth	SNV	full	79844	65197	65196	65197	64885	15136	12725
HG03784	SAS	ITU	4	all_truth	SNV	hprc	79844	69641	69639	69641	69169	15136	14643
HG03784	SAS	ITU	4	all_truth	SV_length_site	full	298	243	233	243	212	162	99
HG03784	SAS	ITU	4	all_truth	SV_length_site	hprc	298	282	266	281	236	162	114
HG03784	SAS	ITU	4	all_truth	small_complex	full	17230	14074	14065	14074	13717	5414	4350
HG03784	SAS	ITU	4	all_truth	small_complex	hprc	17230	14497	14485	14495	14012	5414	4962
HG03784	SAS	ITU	4	all_truth	truth_SV_length	full	78	66	59	66	47	78	47
HG03784	SAS	ITU	4	all_truth	truth_SV_length	hprc	78	77	67	76	53	78	53
HG03784	SAS	ITU	4	shared_sites	ALL	full	69753	69753	69733	69753	69055	17818	17162
HG03784	SAS	ITU	4	shared_sites	ALL	hprc	69753	69753	69731	69750	68908	17818	17030
HG03784	SAS	ITU	4	shared_sites	SNV	full	57415	57415	57414	57415	57104	13011	12715
HG03784	SAS	ITU	4	shared_sites	SNV	hprc	57415	57415	57414	57415	57010	13011	12631
HG03784	SAS	ITU	4	shared_sites	SV_length_site	full	234	234	224	234	203	129	99
HG03784	SAS	ITU	4	shared_sites	SV_length_site	hprc	234	234	223	233	200	129	96
HG03784	SAS	ITU	4	shared_sites	small_complex	full	12104	12104	12095	12104	11748	4678	4348
HG03784	SAS	ITU	4	shared_sites	small_complex	hprc	12104	12104	12094	12102	11698	4678	4303
HG03784	SAS	ITU	4	shared_sites	truth_SV_length	full	66	66	59	66	47	66	47
HG03784	SAS	ITU	4	shared_sites	truth_SV_length	hprc	66	66	59	65	46	66	46
HG03017	SAS	PJL	4	all_truth	ALL	full	97372	79514	79492	79513	78977	22135	18302
HG03017	SAS	PJL	4	all_truth	ALL	hprc	97372	84420	84299	84419	83359	22135	20621
HG03017	SAS	PJL	4	all_truth	SNV	full	79844	65197	65196	65197	64937	16279	13563
HG03017	SAS	PJL	4	all_truth	SNV	hprc	79844	69641	69633	69641	69121	16279	15346
HG03017	SAS	PJL	4	all_truth	SV_length_site	full	298	243	236	243	215	180	117
HG03017	SAS	PJL	4	all_truth	SV_length_site	hprc	298	282	262	281	233	180	128
HG03017	SAS	PJL	4	all_truth	small_complex	full	17230	14074	14060	14073	13825	5676	4622
HG03017	SAS	PJL	4	all_truth	small_complex	hprc	17230	14497	14404	14497	14005	5676	5147
HG03017	SAS	PJL	4	all_truth	truth_SV_length	full	83	66	64	66	51	83	51
HG03017	SAS	PJL	4	all_truth	truth_SV_length	hprc	83	82	70	81	53	83	53
HG03017	SAS	PJL	4	shared_sites	ALL	full	69753	69753	69731	69752	69219	18329	17835
HG03017	SAS	PJL	4	shared_sites	ALL	hprc	69753	69753	69647	69753	68948	18329	17584
HG03017	SAS	PJL	4	shared_sites	SNV	full	57415	57415	57414	57415	57157	13385	13151
HG03017	SAS	PJL	4	shared_sites	SNV	hprc	57415	57415	57407	57415	57025	13385	13038
HG03017	SAS	PJL	4	shared_sites	SV_length_site	full	234	234	227	234	206	145	117
HG03017	SAS	PJL	4	shared_sites	SV_length_site	hprc	234	234	220	234	201	145	112
HG03017	SAS	PJL	4	shared_sites	small_complex	full	12104	12104	12090	12103	11856	4799	4567
HG03017	SAS	PJL	4	shared_sites	small_complex	hprc	12104	12104	12020	12104	11722	4799	4434
HG03017	SAS	PJL	4	shared_sites	truth_SV_length	full	66	66	64	66	51	66	51
HG03017	SAS	PJL	4	shared_sites	truth_SV_length	hprc	66	66	58	66	47	66	47
HG04204	SAS	STU	4	all_truth	ALL	full	97372	79514	79494	79513	79012	22155	18653
HG04204	SAS	STU	4	all_truth	ALL	hprc	97372	84420	84387	84419	83723	22155	21469
HG04204	SAS	STU	4	all_truth	SNV	full	79844	65197	65195	65197	64961	16270	13844
HG04204	SAS	STU	4	all_truth	SNV	hprc	79844	69641	69639	69641	69308	16270	15925
HG04204	SAS	STU	4	all_truth	SV_length_site	full	298	243	234	243	214	164	103
HG04204	SAS	STU	4	all_truth	SV_length_site	hprc	298	282	266	281	232	164	110
HG04204	SAS	STU	4	all_truth	small_complex	full	17230	14074	14065	14073	13837	5721	4706
HG04204	SAS	STU	4	all_truth	small_complex	hprc	17230	14497	14482	14497	14183	5721	5434
HG04204	SAS	STU	4	all_truth	truth_SV_length	full	79	69	64	69	57	79	57
HG04204	SAS	STU	4	all_truth	truth_SV_length	hprc	79	78	70	77	56	79	56
HG04204	SAS	STU	4	shared_sites	ALL	full	69753	69753	69735	69752	69256	19087	18637
HG04204	SAS	STU	4	shared_sites	ALL	hprc	69753	69753	69730	69753	69223	19087	18689
HG04204	SAS	STU	4	shared_sites	SNV	full	57415	57415	57413	57415	57181	14036	13828
HG04204	SAS	STU	4	shared_sites	SNV	hprc	57415	57415	57413	57415	57156	14036	13859
HG04204	SAS	STU	4	shared_sites	SV_length_site	full	234	234	225	234	205	131	103
HG04204	SAS	STU	4	shared_sites	SV_length_site	hprc	234	234	223	234	196	131	94
HG04204	SAS	STU	4	shared_sites	small_complex	full	12104	12104	12097	12103	11870	4920	4706
HG04204	SAS	STU	4	shared_sites	small_complex	hprc	12104	12104	12094	12104	11871	4920	4736
HG04204	SAS	STU	4	shared_sites	truth_SV_length	full	69	69	64	69	57	69	57
HG04204	SAS	STU	4	shared_sites	truth_SV_length	hprc	69	69	64	69	52	69	52
