fold	sample	hap_id	donor	family
0	HG00609	HG00609#1	HG00609	HG00607
0	HG00609	HG00609#2	HG00609	HG00607
0	HG00621	HG00621#1	HG00621	HG00619
0	HG00621	HG00621#2	HG00621	HG00619
0	HG02027	HG02027#1	HG02027	HG02027
0	HG02027	HG02027#2	HG02027	HG02027
0	HG02074	HG02074#1	HG02074	HG02074
0	HG02074	HG02074#2	HG02074	HG02074
0	HG02165	HG02165#1	HG02165	HG02165
0	HG02165	HG02165#2	HG02165	HG02165
0	NA18608	NA18608#1	NA18608	NA18608
0	NA18608	NA18608#2	NA18608	NA18608
0	NA18943	NA18943#1	NA18943	NA18943
0	NA18943	NA18943#2	NA18943	NA18943
0	NA18943.JaSaPaGe	NA18943.JaSaPaGe#1	NA18943	NA18943
0	NA18943.JaSaPaGe	NA18943.JaSaPaGe#2	NA18943	NA18943
0	NA18974	NA18974#1	NA18974	NA18974
0	NA18974	NA18974#2	NA18974	NA18974
0	NA18990	NA18990#1	NA18990	NA18990
0	NA18990	NA18990#2	NA18990	NA18990
0	NA19079	NA19079#1	NA19079	NA19079
0	NA19079	NA19079#2	NA19079	NA19079
1	HG00423	HG00423#1	HG00423	HG00421
1	HG00423	HG00423#2	HG00423	HG00421
1	HG00658	HG00658#1	HG00658	HG00656
1	HG00658	HG00658#2	HG00658	HG00656
1	HG02083	HG02083#1	HG02083	HG02083
1	HG02083	HG02083#2	HG02083	HG02083
1	HG02178	HG02178#1	HG02178	HG02178
1	HG02178	HG02178#2	HG02178	HG02178
1	HG02514	HG02514#1	HG02514	HG02512
1	HG02514	HG02514#2	HG02514	HG02512
1	NA18620	NA18620#1	NA18620	NA18620
1	NA18620	NA18620#2	NA18620	NA18620
1	NA18940	NA18940#1	NA18940	NA18940
1	NA18940	NA18940#2	NA18940	NA18940
1	NA18940.JaSaPaGe	NA18940.JaSaPaGe#1	NA18940	NA18940
1	NA18940.JaSaPaGe	NA18940.JaSaPaGe#2	NA18940	NA18940
1	NA18948	NA18948#1	NA18948	NA18948
1	NA18948	NA18948#2	NA18948	NA18948
1	NA18960	NA18960#1	NA18960	NA18960
1	NA18960	NA18960#2	NA18960	NA18960
1	NA18971	NA18971#1	NA18971	NA18971
1	NA18971	NA18971#2	NA18971	NA18971
2	HG00438	HG00438#1	HG00438	HG00436
2	HG00438	HG00438#2	HG00438	HG00436
2	HG00706	HG00706#1	HG00706	HG00704
2	HG00706	HG00706#2	HG00706	HG00704
2	HG02071	HG02071#1	HG02071	HG02071
2	HG02071	HG02071#2	HG02071	HG02071
2	HG02129	HG02129#1	HG02129	HG02129
2	HG02129	HG02129#2	HG02129	HG02129
2	HG02392	HG02392#1	HG02392	HG02392
2	HG02392	HG02392#2	HG02392	HG02392
2	NA18570	NA18570#1	NA18570	NA18570
2	NA18570	NA18570#2	NA18570	NA18570
2	NA18967	NA18967#1	NA18967	NA18967
2	NA18967	NA18967#2	NA18967	NA18967
2	NA18976	NA18976#1	NA18976	NA18976
2	NA18976	NA18976#2	NA18976	NA18976
2	NA19066	NA19066#1	NA19066	NA19066
2	NA19066	NA19066#2	NA19066	NA19066
2	NA19088	NA19088#1	NA19088	NA19088
2	NA19088	NA19088#2	NA19088	NA19088
3	HG00408	HG00408#1	HG00408	HG00406
3	HG00408	HG00408#2	HG00408	HG00406
3	HG00544	HG00544#1	HG00544	HG00542
3	HG00544	HG00544#2	HG00544	HG00542
3	HG02056	HG02056#1	HG02056	HG02056
3	HG02056	HG02056#2	HG02056	HG02056
3	HG02080	HG02080#1	HG02080	HG02080
3	HG02080	HG02080#2	HG02080	HG02080
3	HG02155	HG02155#1	HG02155	HG02155
3	HG02155	HG02155#2	HG02155	HG02155
3	NA18565	NA18565#1	NA18565	NA18565
3	NA18565	NA18565#2	NA18565	NA18565
3	NA18945	NA18945#1	NA18945	NA18945
3	NA18945	NA18945#2	NA18945	NA18945
3	NA18945.JaSaPaGe	NA18945.JaSaPaGe#1	NA18945	NA18945
3	NA18945.JaSaPaGe	NA18945.JaSaPaGe#2	NA18945	NA18945
3	NA18952	NA18952#1	NA18952	NA18952
3	NA18952	NA18952#2	NA18952	NA18952
3	NA18952.JaSaPaGe	NA18952.JaSaPaGe#1	NA18952	NA18952
3	NA18952.JaSaPaGe	NA18952.JaSaPaGe#2	NA18952	NA18952
3	NA18959	NA18959#1	NA18959	NA18959
3	NA18959	NA18959#2	NA18959	NA18959
3	NA19007	NA19007#1	NA19007	NA19007
3	NA19007	NA19007#2	NA19007	NA19007
4	HG00597	HG00597#1	HG00597	HG00595
4	HG00597	HG00597#2	HG00597	HG00595
4	HG00673	HG00673#1	HG00673	HG00671
4	HG00673	HG00673#2	HG00673	HG00671
4	HG02040	HG02040#1	HG02040	HG02040
4	HG02040	HG02040#2	HG02040	HG02040
4	HG02132	HG02132#1	HG02132	HG02132
4	HG02132	HG02132#2	HG02132	HG02132
4	HG02391	HG02391#1	HG02391	HG02391
4	HG02391	HG02391#2	HG02391	HG02391
4	HG02523	HG02523#1	HG02523	HG02521
4	HG02523	HG02523#2	HG02523	HG02521
4	NA18747	NA18747#1	NA18747	NA18747
4	NA18747	NA18747#2	NA18747	NA18747
4	NA18944	NA18944#1	NA18944	NA18944
4	NA18944	NA18944#2	NA18944	NA18944
4	NA18970	NA18970#1	NA18970	NA18970
4	NA18970	NA18970#2	NA18970	NA18970
4	NA18970.JaSaPaGe	NA18970.JaSaPaGe#1	NA18970	NA18970
4	NA18970.JaSaPaGe	NA18970.JaSaPaGe#2	NA18970	NA18970
4	NA19087	NA19087#1	NA19087	NA19087
4	NA19087	NA19087#2	NA19087	NA19087
